event_id,timestamp,ingested_at,service,region,deployment_version,requests,error_rate,latency_p95_ms,revenue
evt-catalog-ap-south-000000,2025-01-01 00:00:00+00:00,2025-01-01 00:05:00+00:00,catalog,ap-south,2025.01,1055.27,0.012221,249.29,239.96
evt-catalog-ap-south-000001,2025-01-01 01:00:00+00:00,2025-01-01 01:05:00+00:00,catalog,ap-south,2025.01,1050.37,0.013869,256.36,228.26
evt-catalog-ap-south-000002,2025-01-01 02:00:00+00:00,2025-01-01 02:05:00+00:00,catalog,ap-south,2025.01,1094.76,0.010678,254.51,240.87
evt-catalog-ap-south-000003,2025-01-01 03:00:00+00:00,2025-01-01 03:05:00+00:00,catalog,ap-south,2025.01,1089.49,0.010246,233.0,244.48
evt-catalog-ap-south-000004,2025-01-01 04:00:00+00:00,2025-01-01 04:05:00+00:00,catalog,ap-south,2025.01,1277.25,0.01082,241.11,275.6
evt-catalog-ap-south-000005,2025-01-01 05:00:00+00:00,2025-01-01 05:05:00+00:00,catalog,ap-south,2025.01,1271.51,0.009879,240.05,288.46
evt-catalog-ap-south-000006,2025-01-01 06:00:00+00:00,2025-01-01 06:05:00+00:00,catalog,ap-south,2025.01,1357.47,0.009987,233.87,287.75
evt-catalog-ap-south-000007,2025-01-01 07:00:00+00:00,2025-01-01 07:05:00+00:00,catalog,ap-south,2025.01,1314.47,0.010705,241.75,288.5
evt-catalog-ap-south-000008,2025-01-01 08:00:00+00:00,2025-01-01 08:05:00+00:00,catalog,ap-south,2025.01,1509.74,0.013509,257.77,319.82
evt-catalog-ap-south-000009,2025-01-01 09:00:00+00:00,2025-01-01 09:05:00+00:00,catalog,ap-south,2025.01,1591.28,0.011296,245.85,333.33
evt-catalog-ap-south-000010,2025-01-01 10:00:00+00:00,2025-01-01 10:05:00+00:00,catalog,ap-south,2025.01,1766.27,0.008847,237.98,392.4
evt-catalog-ap-south-000011,2025-01-01 11:00:00+00:00,2025-01-01 11:05:00+00:00,catalog,ap-south,2025.01,1865.07,0.006165,219.64,397.17
evt-catalog-ap-south-000012,2025-01-01 12:00:00+00:00,2025-01-01 12:05:00+00:00,catalog,ap-south,2025.01,1901.49,0.011831,228.06,424.19
evt-catalog-ap-south-000013,2025-01-01 13:00:00+00:00,2025-01-01 13:05:00+00:00,catalog,ap-south,2025.01,2011.65,0.011225,220.47,451.37
evt-catalog-ap-south-000014,2025-01-01 14:00:00+00:00,2025-01-01 14:05:00+00:00,catalog,ap-south,2025.01,2003.79,0.010349,234.89,451.08
evt-catalog-ap-south-000015,2025-01-01 15:00:00+00:00,2025-01-01 15:05:00+00:00,catalog,ap-south,2025.01,2135.84,0.009244,234.3,476.85
evt-catalog-ap-south-000016,2025-01-01 16:00:00+00:00,2025-01-01 16:05:00+00:00,catalog,ap-south,2025.01,2030.04,0.010308,230.39,440.0
evt-catalog-ap-south-000017,2025-01-01 17:00:00+00:00,2025-01-01 17:05:00+00:00,catalog,ap-south,2025.01,1701.69,0.008201,231.51,365.99
evt-catalog-ap-south-000018,2025-01-01 18:00:00+00:00,2025-01-01 18:05:00+00:00,catalog,ap-south,2025.01,1555.15,0.011185,242.0,329.66
evt-catalog-ap-south-000019,2025-01-01 19:00:00+00:00,2025-01-01 19:05:00+00:00,catalog,ap-south,2025.01,1423.01,0.010786,224.13,307.68
evt-catalog-ap-south-000020,2025-01-01 20:00:00+00:00,2025-01-01 20:05:00+00:00,catalog,ap-south,2025.01,1207.86,0.012398,261.61,264.79
evt-catalog-ap-south-000021,2025-01-01 21:00:00+00:00,2025-01-01 21:05:00+00:00,catalog,ap-south,2025.01,1064.7,0.011284,255.42,227.61
evt-catalog-ap-south-000022,2025-01-01 22:00:00+00:00,2025-01-01 22:05:00+00:00,catalog,ap-south,2025.01,1064.7,0.012782,246.86,239.84
evt-catalog-ap-south-000023,2025-01-01 23:00:00+00:00,2025-01-01 23:05:00+00:00,catalog,ap-south,2025.01,980.52,0.010994,269.97,212.38
evt-catalog-ap-south-000024,2025-01-02 00:00:00+00:00,2025-01-02 00:05:00+00:00,catalog,ap-south,2025.01,915.5,0.009619,258.86,197.93
evt-catalog-ap-south-000025,2025-01-02 01:00:00+00:00,2025-01-02 01:05:00+00:00,catalog,ap-south,2025.01,1049.48,0.014344,252.48,244.28
evt-catalog-ap-south-000026,2025-01-02 02:00:00+00:00,2025-01-02 02:05:00+00:00,catalog,ap-south,2025.01,1103.82,0.01152,263.64,246.35
evt-catalog-ap-south-000027,2025-01-02 03:00:00+00:00,2025-01-02 03:05:00+00:00,catalog,ap-south,2025.01,1111.03,0.008915,241.67,238.8
evt-catalog-ap-south-000028,2025-01-02 04:00:00+00:00,2025-01-02 04:05:00+00:00,catalog,ap-south,2025.01,1308.38,0.009697,253.36,286.78
evt-catalog-ap-south-000029,2025-01-02 05:00:00+00:00,2025-01-02 05:05:00+00:00,catalog,ap-south,2025.01,1299.13,0.011968,232.99,290.22
evt-catalog-ap-south-000030,2025-01-02 06:00:00+00:00,2025-01-02 06:05:00+00:00,catalog,ap-south,2025.01,1398.49,0.012722,241.93,322.57
evt-catalog-ap-south-000031,2025-01-02 07:00:00+00:00,2025-01-02 07:05:00+00:00,catalog,ap-south,2025.01,1405.08,0.012085,245.88,308.8
evt-catalog-ap-south-000032,2025-01-02 08:00:00+00:00,2025-01-02 08:05:00+00:00,catalog,ap-south,2025.01,1577.01,0.013851,230.93,333.43
evt-catalog-ap-south-000033,2025-01-02 09:00:00+00:00,2025-01-02 09:05:00+00:00,catalog,ap-south,2025.01,1647.33,0.011618,247.34,367.57
evt-catalog-ap-south-000034,2025-01-02 10:00:00+00:00,2025-01-02 10:05:00+00:00,catalog,ap-south,2025.01,1753.04,0.008581,236.01,382.69
evt-catalog-ap-south-000035,2025-01-02 11:00:00+00:00,2025-01-02 11:05:00+00:00,catalog,ap-south,2025.01,1788.0,0.014222,221.33,382.97
evt-catalog-ap-south-000036,2025-01-02 12:00:00+00:00,2025-01-02 12:05:00+00:00,catalog,ap-south,2025.01,1928.39,0.009742,236.05,423.34
evt-catalog-ap-south-000037,2025-01-02 13:00:00+00:00,2025-01-02 13:05:00+00:00,catalog,ap-south,2025.01,2033.33,0.010412,223.85,434.6
evt-catalog-ap-south-000038,2025-01-02 14:00:00+00:00,2025-01-02 14:05:00+00:00,catalog,ap-south,2025.01,2032.35,0.011625,218.66,462.08
evt-catalog-ap-south-000039,2025-01-02 15:00:00+00:00,2025-01-02 15:05:00+00:00,catalog,ap-south,2025.01,2044.84,0.009515,224.15,462.69
evt-catalog-ap-south-000040,2025-01-02 16:00:00+00:00,2025-01-02 16:05:00+00:00,catalog,ap-south,2025.01,2053.04,0.0141,221.76,438.67
evt-catalog-ap-south-000041,2025-01-02 17:00:00+00:00,2025-01-02 17:05:00+00:00,catalog,ap-south,2025.01,1795.63,0.008308,226.0,402.87
evt-catalog-ap-south-000042,2025-01-02 18:00:00+00:00,2025-01-02 18:05:00+00:00,catalog,ap-south,2025.01,1614.81,0.009829,231.9,360.98
evt-catalog-ap-south-000043,2025-01-02 19:00:00+00:00,2025-01-02 19:05:00+00:00,catalog,ap-south,2025.01,1340.71,0.009451,235.89,288.83
evt-catalog-ap-south-000044,2025-01-02 20:00:00+00:00,2025-01-02 20:05:00+00:00,catalog,ap-south,2025.01,1309.2,0.013175,246.13,273.02
evt-catalog-ap-south-000045,2025-01-02 21:00:00+00:00,2025-01-02 21:05:00+00:00,catalog,ap-south,2025.01,1158.84,0.012827,242.44,257.4
evt-catalog-ap-south-000046,2025-01-02 22:00:00+00:00,2025-01-02 22:05:00+00:00,catalog,ap-south,2025.01,1093.36,0.008979,250.08,242.59
evt-catalog-ap-south-000047,2025-01-02 23:00:00+00:00,2025-01-02 23:05:00+00:00,catalog,ap-south,2025.01,994.13,0.010546,241.4,215.3
evt-catalog-ap-south-000048,2025-01-03 00:00:00+00:00,2025-01-03 00:05:00+00:00,catalog,ap-south,2025.01,1057.39,0.009062,254.27,239.55
evt-catalog-ap-south-000049,2025-01-03 01:00:00+00:00,2025-01-03 01:05:00+00:00,catalog,ap-south,2025.01,986.02,0.011424,237.65,215.81
evt-catalog-ap-south-000050,2025-01-03 02:00:00+00:00,2025-01-03 02:05:00+00:00,catalog,ap-south,2025.01,1043.46,0.012027,238.33,235.35
evt-catalog-ap-south-000051,2025-01-03 03:00:00+00:00,2025-01-03 03:05:00+00:00,catalog,ap-south,2025.01,1115.01,0.014319,245.23,247.87
evt-catalog-ap-south-000052,2025-01-03 04:00:00+00:00,2025-01-03 04:05:00+00:00,catalog,ap-south,2025.01,1241.14,0.008246,246.84,269.98
evt-catalog-ap-south-000053,2025-01-03 05:00:00+00:00,2025-01-03 05:05:00+00:00,catalog,ap-south,2025.01,1222.92,0.010932,233.44,274.19
evt-catalog-ap-south-000054,2025-01-03 06:00:00+00:00,2025-01-03 06:05:00+00:00,catalog,ap-south,2025.01,1287.21,0.010842,231.15,285.94
evt-catalog-ap-south-000055,2025-01-03 07:00:00+00:00,2025-01-03 07:05:00+00:00,catalog,ap-south,2025.01,1480.89,0.014207,238.31,328.15
evt-catalog-ap-south-000056,2025-01-03 08:00:00+00:00,2025-01-03 08:05:00+00:00,catalog,ap-south,2025.01,1605.02,0.011747,228.65,359.61
evt-catalog-ap-south-000057,2025-01-03 09:00:00+00:00,2025-01-03 09:05:00+00:00,catalog,ap-south,2025.01,1636.17,0.014022,239.63,369.71
evt-catalog-ap-south-000058,2025-01-03 10:00:00+00:00,2025-01-03 10:05:00+00:00,catalog,ap-south,2025.01,1716.99,0.012239,232.96,380.24
evt-catalog-ap-south-000059,2025-01-03 11:00:00+00:00,2025-01-03 11:05:00+00:00,catalog,ap-south,2025.01,1809.8,0.011157,221.57,390.99
evt-catalog-ap-south-000060,2025-01-03 12:00:00+00:00,2025-01-03 12:05:00+00:00,catalog,ap-south,2025.01,2071.65,0.010342,228.59,472.15
evt-catalog-ap-south-000061,2025-01-03 13:00:00+00:00,2025-01-03 13:05:00+00:00,catalog,ap-south,2025.01,2016.0,0.012906,237.35,451.62
evt-catalog-ap-south-000062,2025-01-03 14:00:00+00:00,2025-01-03 14:05:00+00:00,catalog,ap-south,2025.01,2157.28,0.011233,213.7,486.79
evt-catalog-ap-south-000063,2025-01-03 15:00:00+00:00,2025-01-03 15:05:00+00:00,catalog,ap-south,2025.01,2014.07,0.00843,235.17,451.5
evt-catalog-ap-south-000064,2025-01-03 16:00:00+00:00,2025-01-03 16:05:00+00:00,catalog,ap-south,2025.01,1929.32,0.008823,206.49,412.38
evt-catalog-ap-south-000065,2025-01-03 17:00:00+00:00,2025-01-03 17:05:00+00:00,catalog,ap-south,2025.01,1824.15,0.011095,231.43,405.44
evt-catalog-ap-south-000066,2025-01-03 18:00:00+00:00,2025-01-03 18:05:00+00:00,catalog,ap-south,2025.01,1564.59,0.00958,237.64,335.79
evt-catalog-ap-south-000067,2025-01-03 19:00:00+00:00,2025-01-03 19:05:00+00:00,catalog,ap-south,2025.01,1422.42,0.012102,238.1,312.6
evt-catalog-ap-south-000068,2025-01-03 20:00:00+00:00,2025-01-03 20:05:00+00:00,catalog,ap-south,2025.01,1250.23,0.009019,232.81,272.07
evt-catalog-ap-south-000069,2025-01-03 21:00:00+00:00,2025-01-03 21:05:00+00:00,catalog,ap-south,2025.01,1081.22,0.01069,241.77,240.95
evt-catalog-ap-south-000070,2025-01-03 22:00:00+00:00,2025-01-03 22:05:00+00:00,catalog,ap-south,2025.01,1035.45,0.013573,239.5,220.56
evt-catalog-ap-south-000071,2025-01-03 23:00:00+00:00,2025-01-03 23:05:00+00:00,catalog,ap-south,2025.01,1017.33,0.013588,255.49,225.93
evt-catalog-ap-south-000072,2025-01-04 00:00:00+00:00,2025-01-04 00:05:00+00:00,catalog,ap-south,2025.01,812.48,0.011377,261.88,172.6
evt-catalog-ap-south-000073,2025-01-04 01:00:00+00:00,2025-01-04 01:05:00+00:00,catalog,ap-south,2025.01,868.91,0.015875,267.93,193.93
evt-catalog-ap-south-000074,2025-01-04 02:00:00+00:00,2025-01-04 02:05:00+00:00,catalog,ap-south,2025.01,908.51,0.012296,259.82,202.61
evt-catalog-ap-south-000075,2025-01-04 03:00:00+00:00,2025-01-04 03:05:00+00:00,catalog,ap-south,2025.01,874.34,0.012089,251.54,195.48
evt-catalog-ap-south-000076,2025-01-04 04:00:00+00:00,2025-01-04 04:05:00+00:00,catalog,ap-south,2025.01,954.64,0.011965,245.98,217.92
evt-catalog-ap-south-000077,2025-01-04 05:00:00+00:00,2025-01-04 05:05:00+00:00,catalog,ap-south,2025.01,997.87,0.00865,237.9,225.08
evt-catalog-ap-south-000078,2025-01-04 06:00:00+00:00,2025-01-04 06:05:00+00:00,catalog,ap-south,2025.01,1158.54,0.011691,224.53,254.54
evt-catalog-ap-south-000079,2025-01-04 07:00:00+00:00,2025-01-04 07:05:00+00:00,catalog,ap-south,2025.01,1241.08,0.012594,242.23,262.35
evt-catalog-ap-south-000080,2025-01-04 08:00:00+00:00,2025-01-04 08:05:00+00:00,catalog,ap-south,2025.01,1228.48,0.011642,229.99,269.95
evt-catalog-ap-south-000081,2025-01-04 09:00:00+00:00,2025-01-04 09:05:00+00:00,catalog,ap-south,2025.01,1345.92,0.010669,231.0,280.02
evt-catalog-ap-south-000082,2025-01-04 10:00:00+00:00,2025-01-04 10:05:00+00:00,catalog,ap-south,2025.01,1389.27,0.010556,244.62,301.44
evt-catalog-ap-south-000083,2025-01-04 11:00:00+00:00,2025-01-04 11:05:00+00:00,catalog,ap-south,2025.01,1524.59,0.011824,224.88,322.48
evt-catalog-ap-south-000084,2025-01-04 12:00:00+00:00,2025-01-04 12:05:00+00:00,catalog,ap-south,2025.01,1685.26,0.009983,236.59,361.68
evt-catalog-ap-south-000085,2025-01-04 13:00:00+00:00,2025-01-04 13:05:00+00:00,catalog,ap-south,2025.01,1678.06,0.011285,248.77,365.22
evt-catalog-ap-south-000086,2025-01-04 14:00:00+00:00,2025-01-04 14:05:00+00:00,catalog,ap-south,2025.01,1661.36,0.013344,237.15,384.37
evt-catalog-ap-south-000087,2025-01-04 15:00:00+00:00,2025-01-04 15:05:00+00:00,catalog,ap-south,2025.01,1614.72,0.008468,242.83,353.72
evt-catalog-ap-south-000088,2025-01-04 16:00:00+00:00,2025-01-04 16:05:00+00:00,catalog,ap-south,2025.01,1479.88,0.006058,234.79,318.91
evt-catalog-ap-south-000089,2025-01-04 17:00:00+00:00,2025-01-04 17:05:00+00:00,catalog,ap-south,2025.01,1435.6,0.014004,234.36,324.18
evt-catalog-ap-south-000090,2025-01-04 18:00:00+00:00,2025-01-04 18:05:00+00:00,catalog,ap-south,2025.01,1291.95,0.011277,239.55,274.42
evt-catalog-ap-south-000091,2025-01-04 19:00:00+00:00,2025-01-04 19:05:00+00:00,catalog,ap-south,2025.01,1161.84,0.011252,222.48,256.77
evt-catalog-ap-south-000092,2025-01-04 20:00:00+00:00,2025-01-04 20:05:00+00:00,catalog,ap-south,2025.01,934.22,0.010616,245.11,208.45
evt-catalog-ap-south-000093,2025-01-04 21:00:00+00:00,2025-01-04 21:05:00+00:00,catalog,ap-south,2025.01,888.47,0.012633,252.14,194.66
evt-catalog-ap-south-000094,2025-01-04 22:00:00+00:00,2025-01-04 22:05:00+00:00,catalog,ap-south,2025.01,732.78,0.01271,264.33,166.72
evt-catalog-ap-south-000095,2025-01-04 23:00:00+00:00,2025-01-04 23:05:00+00:00,catalog,ap-south,2025.01,834.65,0.012948,253.99,182.51
evt-catalog-ap-south-000096,2025-01-05 00:00:00+00:00,2025-01-05 00:05:00+00:00,catalog,ap-south,2025.01,831.98,0.009712,264.02,178.83
evt-catalog-ap-south-000097,2025-01-05 01:00:00+00:00,2025-01-05 01:05:00+00:00,catalog,ap-south,2025.01,893.9,0.009195,241.1,201.02
evt-catalog-ap-south-000098,2025-01-05 02:00:00+00:00,2025-01-05 02:05:00+00:00,catalog,ap-south,2025.01,958.04,0.012537,257.61,198.7
evt-catalog-ap-south-000099,2025-01-05 03:00:00+00:00,2025-01-05 03:05:00+00:00,catalog,ap-south,2025.01,1027.69,0.010337,259.65,232.28
evt-catalog-ap-south-000100,2025-01-05 04:00:00+00:00,2025-01-05 04:05:00+00:00,catalog,ap-south,2025.01,1018.53,0.011676,230.61,216.95
evt-catalog-ap-south-000101,2025-01-05 05:00:00+00:00,2025-01-05 05:05:00+00:00,catalog,ap-south,2025.01,1024.96,0.009148,241.61,222.98
evt-catalog-ap-south-000102,2025-01-05 06:00:00+00:00,2025-01-05 06:05:00+00:00,catalog,ap-south,2025.01,1135.95,0.010499,252.95,246.12
evt-catalog-ap-south-000103,2025-01-05 07:00:00+00:00,2025-01-05 07:05:00+00:00,catalog,ap-south,2025.01,1146.53,0.013479,250.18,260.43
evt-catalog-ap-south-000104,2025-01-05 08:00:00+00:00,2025-01-05 08:05:00+00:00,catalog,ap-south,2025.01,1212.46,0.010379,244.72,271.5
evt-catalog-ap-south-000105,2025-01-05 09:00:00+00:00,2025-01-05 09:05:00+00:00,catalog,ap-south,2025.01,1378.01,0.010459,245.27,315.58
evt-catalog-ap-south-000106,2025-01-05 10:00:00+00:00,2025-01-05 10:05:00+00:00,catalog,ap-south,2025.01,1387.19,0.009948,219.26,321.79
evt-catalog-ap-south-000107,2025-01-05 11:00:00+00:00,2025-01-05 11:05:00+00:00,catalog,ap-south,2025.01,1476.91,0.012146,222.58,323.36
evt-catalog-ap-south-000108,2025-01-05 12:00:00+00:00,2025-01-05 12:05:00+00:00,catalog,ap-south,2025.01,1673.87,0.012696,234.86,353.8
evt-catalog-ap-south-000109,2025-01-05 13:00:00+00:00,2025-01-05 13:05:00+00:00,catalog,ap-south,2025.01,1713.06,0.01039,238.99,385.42
evt-catalog-ap-south-000110,2025-01-05 14:00:00+00:00,2025-01-05 14:05:00+00:00,catalog,ap-south,2025.01,1657.37,0.011648,215.23,384.79
evt-catalog-ap-south-000111,2025-01-05 15:00:00+00:00,2025-01-05 15:05:00+00:00,catalog,ap-south,2025.01,1624.0,0.012297,230.69,360.65
evt-catalog-ap-south-000112,2025-01-05 16:00:00+00:00,2025-01-05 16:05:00+00:00,catalog,ap-south,2025.01,1561.37,0.012417,241.99,336.99
evt-catalog-ap-south-000113,2025-01-05 17:00:00+00:00,2025-01-05 17:05:00+00:00,catalog,ap-south,2025.01,1515.28,0.010272,232.55,339.77
evt-catalog-ap-south-000114,2025-01-05 18:00:00+00:00,2025-01-05 18:05:00+00:00,catalog,ap-south,2025.01,1276.31,0.009009,227.84,287.79
evt-catalog-ap-south-000115,2025-01-05 19:00:00+00:00,2025-01-05 19:05:00+00:00,catalog,ap-south,2025.01,1121.49,0.007614,239.86,250.62
evt-catalog-ap-south-000116,2025-01-05 20:00:00+00:00,2025-01-05 20:05:00+00:00,catalog,ap-south,2025.01,989.53,0.009536,252.6,209.75
evt-catalog-ap-south-000117,2025-01-05 21:00:00+00:00,2025-01-05 21:05:00+00:00,catalog,ap-south,2025.01,894.8,0.012465,251.23,195.82
evt-catalog-ap-south-000118,2025-01-05 22:00:00+00:00,2025-01-05 22:05:00+00:00,catalog,ap-south,2025.01,885.12,0.014,248.88,193.54
evt-catalog-ap-south-000119,2025-01-05 23:00:00+00:00,2025-01-05 23:05:00+00:00,catalog,ap-south,2025.01,782.99,0.011564,252.78,170.95
evt-catalog-ap-south-000120,2025-01-06 00:00:00+00:00,2025-01-06 00:05:00+00:00,catalog,ap-south,2025.01,887.27,0.012619,254.45,197.1
evt-catalog-ap-south-000121,2025-01-06 01:00:00+00:00,2025-01-06 01:05:00+00:00,catalog,ap-south,2025.01,1050.82,0.010992,253.97,216.89
evt-catalog-ap-south-000122,2025-01-06 02:00:00+00:00,2025-01-06 02:05:00+00:00,catalog,ap-south,2025.01,1228.8,0.011976,249.83,274.51
evt-catalog-ap-south-000123,2025-01-06 03:00:00+00:00,2025-01-06 03:05:00+00:00,catalog,ap-south,2025.01,1143.99,0.010925,241.33,243.65
evt-catalog-ap-south-000124,2025-01-06 04:00:00+00:00,2025-01-06 04:05:00+00:00,catalog,ap-south,2025.01,1263.21,0.012792,243.25,276.11
evt-catalog-ap-south-000125,2025-01-06 05:00:00+00:00,2025-01-06 05:05:00+00:00,catalog,ap-south,2025.01,1281.53,0.012242,234.48,269.77
evt-catalog-ap-south-000126,2025-01-06 06:00:00+00:00,2025-01-06 06:05:00+00:00,catalog,ap-south,2025.01,1320.55,0.0128,253.86,289.31
evt-catalog-ap-south-000127,2025-01-06 07:00:00+00:00,2025-01-06 07:05:00+00:00,catalog,ap-south,2025.01,1429.8,0.012976,250.69,321.22
evt-catalog-ap-south-000128,2025-01-06 08:00:00+00:00,2025-01-06 08:05:00+00:00,catalog,ap-south,2025.01,1546.05,0.009132,235.61,330.96
evt-catalog-ap-south-000129,2025-01-06 09:00:00+00:00,2025-01-06 09:05:00+00:00,catalog,ap-south,2025.01,1613.72,0.010722,236.29,339.1
evt-catalog-ap-south-000130,2025-01-06 10:00:00+00:00,2025-01-06 10:05:00+00:00,catalog,ap-south,2025.01,1786.47,0.011264,243.07,402.55
evt-catalog-ap-south-000131,2025-01-06 11:00:00+00:00,2025-01-06 11:05:00+00:00,catalog,ap-south,2025.01,1782.0,0.007923,228.47,392.95
evt-catalog-ap-south-000132,2025-01-06 12:00:00+00:00,2025-01-06 12:05:00+00:00,catalog,ap-south,2025.01,1975.93,0.007445,216.7,429.73
evt-catalog-ap-south-000133,2025-01-06 13:00:00+00:00,2025-01-06 13:05:00+00:00,catalog,ap-south,2025.01,2008.0,0.00715,238.61,445.59
evt-catalog-ap-south-000134,2025-01-06 14:00:00+00:00,2025-01-06 14:05:00+00:00,catalog,ap-south,2025.01,2131.88,0.010247,225.72,497.57
evt-catalog-ap-south-000135,2025-01-06 15:00:00+00:00,2025-01-06 15:05:00+00:00,catalog,ap-south,2025.01,1993.86,0.009594,231.78,464.03
evt-catalog-ap-south-000136,2025-01-06 16:00:00+00:00,2025-01-06 16:05:00+00:00,catalog,ap-south,2025.01,1942.38,0.011914,231.4,414.27
evt-catalog-ap-south-000137,2025-01-06 17:00:00+00:00,2025-01-06 17:05:00+00:00,catalog,ap-south,2025.01,1801.62,0.010273,219.49,410.04
evt-catalog-ap-south-000138,2025-01-06 18:00:00+00:00,2025-01-06 18:05:00+00:00,catalog,ap-south,2025.01,1545.45,0.010529,218.43,339.15
evt-catalog-ap-south-000139,2025-01-06 19:00:00+00:00,2025-01-06 19:05:00+00:00,catalog,ap-south,2025.01,1404.47,0.013173,256.84,319.51
evt-catalog-ap-south-000140,2025-01-06 20:00:00+00:00,2025-01-06 20:05:00+00:00,catalog,ap-south,2025.01,1318.7,0.011731,227.71,292.8
evt-catalog-ap-south-000141,2025-01-06 21:00:00+00:00,2025-01-06 21:05:00+00:00,catalog,ap-south,2025.01,1127.12,0.008081,249.3,246.6
evt-catalog-ap-south-000142,2025-01-06 22:00:00+00:00,2025-01-06 22:05:00+00:00,catalog,ap-south,2025.01,1099.84,0.008206,253.71,249.73
evt-catalog-ap-south-000143,2025-01-06 23:00:00+00:00,2025-01-06 23:05:00+00:00,catalog,ap-south,2025.01,989.88,0.015011,253.34,207.21
evt-catalog-ap-south-000144,2025-01-07 00:00:00+00:00,2025-01-07 00:05:00+00:00,catalog,ap-south,2025.01,919.17,0.011332,265.45,202.9
evt-catalog-ap-south-000145,2025-01-07 01:00:00+00:00,2025-01-07 01:05:00+00:00,catalog,ap-south,2025.01,1014.64,0.013632,248.14,230.14
evt-catalog-ap-south-000146,2025-01-07 02:00:00+00:00,2025-01-07 02:05:00+00:00,catalog,ap-south,2025.01,1104.0,0.013266,247.96,242.72
evt-catalog-ap-south-000147,2025-01-07 03:00:00+00:00,2025-01-07 03:05:00+00:00,catalog,ap-south,2025.01,1166.36,0.009899,253.51,263.08
evt-catalog-ap-south-000148,2025-01-07 04:00:00+00:00,2025-01-07 04:05:00+00:00,catalog,ap-south,2025.01,1193.83,0.014759,239.03,269.12
evt-catalog-ap-south-000149,2025-01-07 05:00:00+00:00,2025-01-07 05:05:00+00:00,catalog,ap-south,2025.01,1251.98,0.00983,237.63,274.07
evt-catalog-ap-south-000150,2025-01-07 06:00:00+00:00,2025-01-07 06:05:00+00:00,catalog,ap-south,2025.01,1269.31,0.010187,219.12,278.06
evt-catalog-ap-south-000151,2025-01-07 07:00:00+00:00,2025-01-07 07:05:00+00:00,catalog,ap-south,2025.01,1413.46,0.012344,244.81,315.49
evt-catalog-ap-south-000152,2025-01-07 08:00:00+00:00,2025-01-07 08:05:00+00:00,catalog,ap-south,2025.01,1519.0,0.014257,244.65,338.52
evt-catalog-ap-south-000153,2025-01-07 09:00:00+00:00,2025-01-07 09:05:00+00:00,catalog,ap-south,2025.01,1651.74,0.01098,243.99,365.11
evt-catalog-ap-south-000154,2025-01-07 10:00:00+00:00,2025-01-07 10:05:00+00:00,catalog,ap-south,2025.01,1738.79,0.01112,231.72,384.26
evt-catalog-ap-south-000155,2025-01-07 11:00:00+00:00,2025-01-07 11:05:00+00:00,catalog,ap-south,2025.01,1879.17,0.010373,239.05,422.94
evt-catalog-ap-south-000156,2025-01-07 12:00:00+00:00,2025-01-07 12:05:00+00:00,catalog,ap-south,2025.01,1991.61,0.014735,253.32,441.77
evt-catalog-ap-south-000157,2025-01-07 13:00:00+00:00,2025-01-07 13:05:00+00:00,catalog,ap-south,2025.01,2056.26,0.010317,222.98,467.51
evt-catalog-ap-south-000158,2025-01-07 14:00:00+00:00,2025-01-07 14:05:00+00:00,catalog,ap-south,2025.01,2031.24,0.01056,235.42,446.89
evt-catalog-ap-south-000159,2025-01-07 15:00:00+00:00,2025-01-07 15:05:00+00:00,catalog,ap-south,2025.01,2031.0,0.011351,235.22,449.75
evt-catalog-ap-south-000160,2025-01-07 16:00:00+00:00,2025-01-07 16:05:00+00:00,catalog,ap-south,2025.01,2104.68,0.011839,223.24,459.52
evt-catalog-ap-south-000161,2025-01-07 17:00:00+00:00,2025-01-07 17:05:00+00:00,catalog,ap-south,2025.01,1735.71,0.009715,239.98,380.08
evt-catalog-ap-south-000162,2025-01-07 18:00:00+00:00,2025-01-07 18:05:00+00:00,catalog,ap-south,2025.01,1507.33,0.00845,217.71,332.48
evt-catalog-ap-south-000163,2025-01-07 19:00:00+00:00,2025-01-07 19:05:00+00:00,catalog,ap-south,2025.01,1420.33,0.009587,252.88,305.47
evt-catalog-ap-south-000164,2025-01-07 20:00:00+00:00,2025-01-07 20:05:00+00:00,catalog,ap-south,2025.01,1294.33,0.01046,247.11,285.03
evt-catalog-ap-south-000165,2025-01-07 21:00:00+00:00,2025-01-07 21:05:00+00:00,catalog,ap-south,2025.01,1126.11,0.009389,254.32,251.1
evt-catalog-ap-south-000166,2025-01-07 22:00:00+00:00,2025-01-07 22:05:00+00:00,catalog,ap-south,2025.01,1051.46,0.012238,267.75,229.52
evt-catalog-ap-south-000167,2025-01-07 23:00:00+00:00,2025-01-07 23:05:00+00:00,catalog,ap-south,2025.01,1004.03,0.010571,261.6,220.05
evt-catalog-ap-south-000168,2025-01-08 00:00:00+00:00,2025-01-08 00:05:00+00:00,catalog,ap-south,2025.01,942.45,0.013254,240.01,205.08
evt-catalog-ap-south-000169,2025-01-08 01:00:00+00:00,2025-01-08 01:05:00+00:00,catalog,ap-south,2025.01,1029.81,0.011833,256.34,231.43
evt-catalog-ap-south-000170,2025-01-08 02:00:00+00:00,2025-01-08 02:05:00+00:00,catalog,ap-south,2025.01,1202.72,0.013144,245.99,264.11
evt-catalog-ap-south-000171,2025-01-08 03:00:00+00:00,2025-01-08 03:05:00+00:00,catalog,ap-south,2025.01,1023.35,0.011135,252.02,233.13
evt-catalog-ap-south-000172,2025-01-08 04:00:00+00:00,2025-01-08 04:05:00+00:00,catalog,ap-south,2025.01,1176.32,0.009144,242.57,255.91
evt-catalog-ap-south-000173,2025-01-08 05:00:00+00:00,2025-01-08 05:05:00+00:00,catalog,ap-south,2025.01,1231.99,0.011724,240.23,267.26
evt-catalog-ap-south-000174,2025-01-08 06:00:00+00:00,2025-01-08 06:05:00+00:00,catalog,ap-south,2025.01,1381.67,0.010544,226.52,292.97
evt-catalog-ap-south-000175,2025-01-08 07:00:00+00:00,2025-01-08 07:05:00+00:00,catalog,ap-south,2025.01,1459.34,0.010693,231.52,324.31
evt-catalog-ap-south-000176,2025-01-08 08:00:00+00:00,2025-01-08 08:05:00+00:00,catalog,ap-south,2025.01,1554.29,0.007626,245.86,343.01
evt-catalog-ap-south-000177,2025-01-08 09:00:00+00:00,2025-01-08 09:05:00+00:00,catalog,ap-south,2025.01,1610.37,0.011853,254.46,337.01
evt-catalog-ap-south-000178,2025-01-08 10:00:00+00:00,2025-01-08 10:05:00+00:00,catalog,ap-south,2025.01,1849.91,0.00979,258.23,409.85
evt-catalog-ap-south-000179,2025-01-08 11:00:00+00:00,2025-01-08 11:05:00+00:00,catalog,ap-south,2025.01,1855.48,0.011248,223.69,422.48
evt-catalog-ap-south-000180,2025-01-08 12:00:00+00:00,2025-01-08 12:05:00+00:00,catalog,ap-south,2025.01,1919.13,0.008719,235.03,426.43
evt-catalog-ap-south-000181,2025-01-08 13:00:00+00:00,2025-01-08 13:05:00+00:00,catalog,ap-south,2025.01,2024.66,0.008433,249.53,452.89
evt-catalog-ap-south-000182,2025-01-08 14:00:00+00:00,2025-01-08 14:05:00+00:00,catalog,ap-south,2025.01,2109.32,0.011154,224.49,450.0
evt-catalog-ap-south-000183,2025-01-08 15:00:00+00:00,2025-01-08 15:05:00+00:00,catalog,ap-south,2025.01,2047.05,0.010534,226.69,457.19
evt-catalog-ap-south-000184,2025-01-08 16:00:00+00:00,2025-01-08 16:05:00+00:00,catalog,ap-south,2025.01,1939.09,0.011608,220.14,415.78
evt-catalog-ap-south-000185,2025-01-08 17:00:00+00:00,2025-01-08 17:05:00+00:00,catalog,ap-south,2025.01,1768.87,0.012911,231.2,390.38
evt-catalog-ap-south-000186,2025-01-08 18:00:00+00:00,2025-01-08 18:05:00+00:00,catalog,ap-south,2025.01,1599.02,0.012423,236.89,345.85
evt-catalog-ap-south-000187,2025-01-08 19:00:00+00:00,2025-01-08 19:05:00+00:00,catalog,ap-south,2025.01,1454.18,0.011106,248.02,319.7
evt-catalog-ap-south-000188,2025-01-08 20:00:00+00:00,2025-01-08 20:05:00+00:00,catalog,ap-south,2025.01,1315.88,0.014836,243.19,295.77
evt-catalog-ap-south-000189,2025-01-08 21:00:00+00:00,2025-01-08 21:05:00+00:00,catalog,ap-south,2025.01,1172.47,0.011795,262.36,260.6
evt-catalog-ap-south-000190,2025-01-08 22:00:00+00:00,2025-01-08 22:05:00+00:00,catalog,ap-south,2025.01,946.47,0.010538,259.01,209.79
evt-catalog-ap-south-000191,2025-01-08 23:00:00+00:00,2025-01-08 23:05:00+00:00,catalog,ap-south,2025.01,902.58,0.009621,263.11,199.93
evt-catalog-ap-south-000192,2025-01-09 00:00:00+00:00,2025-01-09 00:05:00+00:00,catalog,ap-south,2025.01,967.02,0.011188,249.79,216.78
evt-catalog-ap-south-000193,2025-01-09 01:00:00+00:00,2025-01-09 01:05:00+00:00,catalog,ap-south,2025.01,1082.75,0.009795,255.87,242.41
evt-catalog-ap-south-000194,2025-01-09 02:00:00+00:00,2025-01-09 02:05:00+00:00,catalog,ap-south,2025.01,1121.93,0.01,262.14,247.25
evt-catalog-ap-south-000195,2025-01-09 03:00:00+00:00,2025-01-09 03:05:00+00:00,catalog,ap-south,2025.01,1179.93,0.01053,242.01,257.76
evt-catalog-ap-south-000196,2025-01-09 04:00:00+00:00,2025-01-09 04:05:00+00:00,catalog,ap-south,2025.01,1213.82,0.012006,248.49,263.31
evt-catalog-ap-south-000197,2025-01-09 05:00:00+00:00,2025-01-09 05:05:00+00:00,catalog,ap-south,2025.01,1271.37,0.01007,238.48,272.06
evt-catalog-ap-south-000198,2025-01-09 06:00:00+00:00,2025-01-09 06:05:00+00:00,catalog,ap-south,2025.01,1335.26,0.008419,231.79,289.61
evt-catalog-ap-south-000199,2025-01-09 07:00:00+00:00,2025-01-09 07:05:00+00:00,catalog,ap-south,2025.01,1359.15,0.011714,256.38,287.1
evt-catalog-ap-south-000200,2025-01-09 08:00:00+00:00,2025-01-09 08:05:00+00:00,catalog,ap-south,2025.01,1563.11,0.01093,229.47,344.54
evt-catalog-ap-south-000201,2025-01-09 09:00:00+00:00,2025-01-09 09:05:00+00:00,catalog,ap-south,2025.01,1662.29,0.009659,259.57,372.87
evt-catalog-ap-south-000202,2025-01-09 10:00:00+00:00,2025-01-09 10:05:00+00:00,catalog,ap-south,2025.01,1665.41,0.010974,239.84,373.04
evt-catalog-ap-south-000203,2025-01-09 11:00:00+00:00,2025-01-09 11:05:00+00:00,catalog,ap-south,2025.01,1921.71,0.008067,237.88,424.18
evt-catalog-ap-south-000204,2025-01-09 12:00:00+00:00,2025-01-09 12:05:00+00:00,catalog,ap-south,2025.01,1928.09,0.013247,234.85,433.78
evt-catalog-ap-south-000205,2025-01-09 13:00:00+00:00,2025-01-09 13:05:00+00:00,catalog,ap-south,2025.01,2073.55,0.01268,234.92,439.49
evt-catalog-ap-south-000206,2025-01-09 14:00:00+00:00,2025-01-09 14:05:00+00:00,catalog,ap-south,2025.01,1959.64,0.01141,235.07,445.87
evt-catalog-ap-south-000207,2025-01-09 15:00:00+00:00,2025-01-09 15:05:00+00:00,catalog,ap-south,2025.01,1988.44,0.011787,229.63,446.47
evt-catalog-ap-south-000208,2025-01-09 16:00:00+00:00,2025-01-09 16:05:00+00:00,catalog,ap-south,2025.01,1982.87,0.012526,251.53,442.98
evt-catalog-ap-south-000209,2025-01-09 17:00:00+00:00,2025-01-09 17:05:00+00:00,catalog,ap-south,2025.01,1761.64,0.009143,238.29,383.22
evt-catalog-ap-south-000210,2025-01-09 18:00:00+00:00,2025-01-09 18:05:00+00:00,catalog,ap-south,2025.01,1646.84,0.012782,245.5,366.92
evt-catalog-ap-south-000211,2025-01-09 19:00:00+00:00,2025-01-09 19:05:00+00:00,catalog,ap-south,2025.01,1398.8,0.011719,242.74,318.04
evt-catalog-ap-south-000212,2025-01-09 20:00:00+00:00,2025-01-09 20:05:00+00:00,catalog,ap-south,2025.01,1229.63,0.014908,242.64,269.18
evt-catalog-ap-south-000213,2025-01-09 21:00:00+00:00,2025-01-09 21:05:00+00:00,catalog,ap-south,2025.01,1073.04,0.013514,244.72,235.86
evt-catalog-ap-south-000214,2025-01-09 22:00:00+00:00,2025-01-09 22:05:00+00:00,catalog,ap-south,2025.01,973.83,0.010572,255.95,208.52
evt-catalog-ap-south-000215,2025-01-09 23:00:00+00:00,2025-01-09 23:05:00+00:00,catalog,ap-south,2025.01,1022.9,0.014528,266.78,231.77
evt-catalog-ap-south-000216,2025-01-10 00:00:00+00:00,2025-01-10 00:05:00+00:00,catalog,ap-south,2025.01,997.38,0.008807,262.69,201.32
evt-catalog-ap-south-000217,2025-01-10 01:00:00+00:00,2025-01-10 01:05:00+00:00,catalog,ap-south,2025.01,1081.53,0.014342,260.95,229.82
evt-catalog-ap-south-000218,2025-01-10 02:00:00+00:00,2025-01-10 02:05:00+00:00,catalog,ap-south,2025.01,1070.63,0.012212,257.68,223.0
evt-catalog-ap-south-000219,2025-01-10 03:00:00+00:00,2025-01-10 03:05:00+00:00,catalog,ap-south,2025.01,1147.59,0.010479,258.38,258.84
evt-catalog-ap-south-000220,2025-01-10 04:00:00+00:00,2025-01-10 04:05:00+00:00,catalog,ap-south,2025.01,1261.59,0.01116,243.0,270.83
evt-catalog-ap-south-000221,2025-01-10 05:00:00+00:00,2025-01-10 05:05:00+00:00,catalog,ap-south,2025.01,1259.09,0.013362,232.66,272.84
evt-catalog-ap-south-000222,2025-01-10 06:00:00+00:00,2025-01-10 06:05:00+00:00,catalog,ap-south,2025.01,1403.16,0.014842,257.97,303.06
evt-catalog-ap-south-000223,2025-01-10 07:00:00+00:00,2025-01-10 07:05:00+00:00,catalog,ap-south,2025.01,1374.69,0.011627,225.95,294.63
evt-catalog-ap-south-000224,2025-01-10 08:00:00+00:00,2025-01-10 08:05:00+00:00,catalog,ap-south,2025.01,1490.31,0.009899,251.9,323.36
evt-catalog-ap-south-000225,2025-01-10 09:00:00+00:00,2025-01-10 09:05:00+00:00,catalog,ap-south,2025.01,1598.14,0.007728,234.5,333.07
evt-catalog-ap-south-000226,2025-01-10 10:00:00+00:00,2025-01-10 10:05:00+00:00,catalog,ap-south,2025.01,1652.67,0.00917,248.83,360.09
evt-catalog-ap-south-000227,2025-01-10 11:00:00+00:00,2025-01-10 11:05:00+00:00,catalog,ap-south,2025.01,1941.07,0.010862,222.6,453.26
evt-catalog-ap-south-000228,2025-01-10 12:00:00+00:00,2025-01-10 12:05:00+00:00,catalog,ap-south,2025.01,1961.38,0.009593,226.92,420.57
evt-catalog-ap-south-000229,2025-01-10 13:00:00+00:00,2025-01-10 13:05:00+00:00,catalog,ap-south,2025.01,2131.24,0.010862,234.45,486.22
evt-catalog-ap-south-000230,2025-01-10 14:00:00+00:00,2025-01-10 14:05:00+00:00,catalog,ap-south,2025.01,2054.41,0.009707,232.04,461.6
evt-catalog-ap-south-000231,2025-01-10 15:00:00+00:00,2025-01-10 15:05:00+00:00,catalog,ap-south,2025.01,2000.93,0.009658,245.69,438.55
evt-catalog-ap-south-000232,2025-01-10 16:00:00+00:00,2025-01-10 16:05:00+00:00,catalog,ap-south,2025.01,2000.39,0.01184,247.29,455.93
evt-catalog-ap-south-000233,2025-01-10 17:00:00+00:00,2025-01-10 17:05:00+00:00,catalog,ap-south,2025.01,1783.16,0.011504,225.06,401.85
evt-catalog-ap-south-000234,2025-01-10 18:00:00+00:00,2025-01-10 18:05:00+00:00,catalog,ap-south,2025.01,1623.71,0.012386,236.02,347.21
evt-catalog-ap-south-000235,2025-01-10 19:00:00+00:00,2025-01-10 19:05:00+00:00,catalog,ap-south,2025.01,1377.68,0.010398,231.5,308.96
evt-catalog-ap-south-000236,2025-01-10 20:00:00+00:00,2025-01-10 20:05:00+00:00,catalog,ap-south,2025.01,1276.26,0.008251,233.59,274.94
evt-catalog-ap-south-000237,2025-01-10 21:00:00+00:00,2025-01-10 21:05:00+00:00,catalog,ap-south,2025.01,1074.18,0.01453,243.69,236.15
evt-catalog-ap-south-000238,2025-01-10 22:00:00+00:00,2025-01-10 22:05:00+00:00,catalog,ap-south,2025.01,1098.88,0.011324,256.2,240.13
evt-catalog-ap-south-000239,2025-01-10 23:00:00+00:00,2025-01-10 23:05:00+00:00,catalog,ap-south,2025.01,1071.0,0.009896,226.72,239.22
evt-catalog-ap-south-000240,2025-01-11 00:00:00+00:00,2025-01-11 00:05:00+00:00,catalog,ap-south,2025.01,854.84,0.011722,263.78,186.67
evt-catalog-ap-south-000241,2025-01-11 01:00:00+00:00,2025-01-11 01:05:00+00:00,catalog,ap-south,2025.01,885.31,0.013671,260.68,198.87
evt-catalog-ap-south-000242,2025-01-11 02:00:00+00:00,2025-01-11 02:05:00+00:00,catalog,ap-south,2025.01,930.39,0.011345,254.83,223.08
evt-catalog-ap-south-000243,2025-01-11 03:00:00+00:00,2025-01-11 03:05:00+00:00,catalog,ap-south,2025.01,1002.87,0.009061,252.65,226.44
evt-catalog-ap-south-000244,2025-01-11 04:00:00+00:00,2025-01-11 04:05:00+00:00,catalog,ap-south,2025.01,1078.5,0.010801,237.14,238.55
evt-catalog-ap-south-000245,2025-01-11 05:00:00+00:00,2025-01-11 05:05:00+00:00,catalog,ap-south,2025.01,1083.43,0.01208,248.09,237.28
evt-catalog-ap-south-000246,2025-01-11 06:00:00+00:00,2025-01-11 06:05:00+00:00,catalog,ap-south,2025.01,1023.83,0.011129,232.82,224.62
evt-catalog-ap-south-000247,2025-01-11 07:00:00+00:00,2025-01-11 07:05:00+00:00,catalog,ap-south,2025.01,1160.62,0.013928,240.63,247.14
evt-catalog-ap-south-000248,2025-01-11 08:00:00+00:00,2025-01-11 08:05:00+00:00,catalog,ap-south,2025.01,1321.36,0.01346,238.23,286.53
evt-catalog-ap-south-000249,2025-01-11 09:00:00+00:00,2025-01-11 09:05:00+00:00,catalog,ap-south,2025.01,1359.9,0.009056,238.69,300.68
evt-catalog-ap-south-000250,2025-01-11 10:00:00+00:00,2025-01-11 10:05:00+00:00,catalog,ap-south,2025.01,1429.94,0.010706,242.03,306.53
evt-catalog-ap-south-000251,2025-01-11 11:00:00+00:00,2025-01-11 11:05:00+00:00,catalog,ap-south,2025.01,1493.86,0.010376,228.3,323.51
evt-catalog-ap-south-000252,2025-01-11 12:00:00+00:00,2025-01-11 12:05:00+00:00,catalog,ap-south,2025.01,1591.5,0.011136,227.46,362.31
evt-catalog-ap-south-000253,2025-01-11 13:00:00+00:00,2025-01-11 13:05:00+00:00,catalog,ap-south,2025.01,1669.58,0.010851,218.3,351.89
evt-catalog-ap-south-000254,2025-01-11 14:00:00+00:00,2025-01-11 14:05:00+00:00,catalog,ap-south,2025.01,1665.51,0.010136,227.95,364.64
evt-catalog-ap-south-000255,2025-01-11 15:00:00+00:00,2025-01-11 15:05:00+00:00,catalog,ap-south,2025.01,1670.4,0.010171,233.05,361.45
evt-catalog-ap-south-000256,2025-01-11 16:00:00+00:00,2025-01-11 16:05:00+00:00,catalog,ap-south,2025.01,1593.22,0.009772,223.51,349.21
evt-catalog-ap-south-000257,2025-01-11 17:00:00+00:00,2025-01-11 17:05:00+00:00,catalog,ap-south,2025.01,1483.13,0.01352,237.14,315.35
evt-catalog-ap-south-000258,2025-01-11 18:00:00+00:00,2025-01-11 18:05:00+00:00,catalog,ap-south,2025.01,1288.99,0.011808,255.4,280.77
evt-catalog-ap-south-000259,2025-01-11 19:00:00+00:00,2025-01-11 19:05:00+00:00,catalog,ap-south,2025.01,1195.75,0.011426,231.85,263.51
evt-catalog-ap-south-000260,2025-01-11 20:00:00+00:00,2025-01-11 20:05:00+00:00,catalog,ap-south,2025.01,919.0,0.009251,253.6,197.95
evt-catalog-ap-south-000261,2025-01-11 21:00:00+00:00,2025-01-11 21:05:00+00:00,catalog,ap-south,2025.01,879.77,0.009634,248.93,193.67
evt-catalog-ap-south-000262,2025-01-11 22:00:00+00:00,2025-01-11 22:05:00+00:00,catalog,ap-south,2025.01,797.53,0.010459,247.82,180.68
evt-catalog-ap-south-000263,2025-01-11 23:00:00+00:00,2025-01-11 23:05:00+00:00,catalog,ap-south,2025.01,850.65,0.011214,251.26,185.97
evt-catalog-ap-south-000264,2025-01-12 00:00:00+00:00,2025-01-12 00:05:00+00:00,catalog,ap-south,2025.01,860.58,0.01275,253.69,190.96
evt-catalog-ap-south-000265,2025-01-12 01:00:00+00:00,2025-01-12 01:05:00+00:00,catalog,ap-south,2025.01,895.24,0.010571,238.51,212.9
evt-catalog-ap-south-000266,2025-01-12 02:00:00+00:00,2025-01-12 02:05:00+00:00,catalog,ap-south,2025.01,985.07,0.01345,243.91,216.97
evt-catalog-ap-south-000267,2025-01-12 03:00:00+00:00,2025-01-12 03:05:00+00:00,catalog,ap-south,2025.01,908.65,0.013413,252.75,192.61
evt-catalog-ap-south-000268,2025-01-12 04:00:00+00:00,2025-01-12 04:05:00+00:00,catalog,ap-south,2025.01,955.91,0.009594,247.69,205.65
evt-catalog-ap-south-000269,2025-01-12 05:00:00+00:00,2025-01-12 05:05:00+00:00,catalog,ap-south,2025.01,1081.34,0.013311,229.61,243.92
evt-catalog-ap-south-000270,2025-01-12 06:00:00+00:00,2025-01-12 06:05:00+00:00,catalog,ap-south,2025.01,1033.48,0.009308,241.74,222.92
evt-catalog-ap-south-000271,2025-01-12 07:00:00+00:00,2025-01-12 07:05:00+00:00,catalog,ap-south,2025.01,1074.15,0.008765,242.16,246.31
evt-catalog-ap-south-000272,2025-01-12 08:00:00+00:00,2025-01-12 08:05:00+00:00,catalog,ap-south,2025.01,1256.72,0.010971,225.31,271.13
evt-catalog-ap-south-000273,2025-01-12 09:00:00+00:00,2025-01-12 09:05:00+00:00,catalog,ap-south,2025.01,1399.45,0.010529,250.66,304.97
evt-catalog-ap-south-000274,2025-01-12 10:00:00+00:00,2025-01-12 10:05:00+00:00,catalog,ap-south,2025.01,1355.85,0.009176,228.2,294.63
evt-catalog-ap-south-000275,2025-01-12 11:00:00+00:00,2025-01-12 11:05:00+00:00,catalog,ap-south,2025.01,1566.45,0.010778,230.08,359.3
evt-catalog-ap-south-000276,2025-01-12 12:00:00+00:00,2025-01-12 12:05:00+00:00,catalog,ap-south,2025.01,1644.19,0.011054,238.25,355.55
evt-catalog-ap-south-000277,2025-01-12 13:00:00+00:00,2025-01-12 13:05:00+00:00,catalog,ap-south,2025.01,1621.73,0.009631,205.76,360.1
evt-catalog-ap-south-000278,2025-01-12 14:00:00+00:00,2025-01-12 14:05:00+00:00,catalog,ap-south,2025.01,1776.58,0.010106,227.13,390.4
evt-catalog-ap-south-000279,2025-01-12 15:00:00+00:00,2025-01-12 15:05:00+00:00,catalog,ap-south,2025.01,1617.31,0.009872,225.65,349.46
evt-catalog-ap-south-000280,2025-01-12 16:00:00+00:00,2025-01-12 16:05:00+00:00,catalog,ap-south,2025.01,1573.85,0.013064,221.27,339.31
evt-catalog-ap-south-000281,2025-01-12 17:00:00+00:00,2025-01-12 17:05:00+00:00,catalog,ap-south,2025.01,1482.91,0.011078,230.77,317.97
evt-catalog-ap-south-000282,2025-01-12 18:00:00+00:00,2025-01-12 18:05:00+00:00,catalog,ap-south,2025.01,1214.3,0.010545,243.59,278.03
evt-catalog-ap-south-000283,2025-01-12 19:00:00+00:00,2025-01-12 19:05:00+00:00,catalog,ap-south,2025.01,1155.91,0.010822,243.95,251.4
evt-catalog-ap-south-000284,2025-01-12 20:00:00+00:00,2025-01-12 20:05:00+00:00,catalog,ap-south,2025.01,1030.01,0.013399,251.55,215.5
evt-catalog-ap-south-000285,2025-01-12 21:00:00+00:00,2025-01-12 21:05:00+00:00,catalog,ap-south,2025.01,908.61,0.010036,237.04,189.0
evt-catalog-ap-south-000286,2025-01-12 22:00:00+00:00,2025-01-12 22:05:00+00:00,catalog,ap-south,2025.01,898.99,0.015695,248.34,196.53
evt-catalog-ap-south-000287,2025-01-12 23:00:00+00:00,2025-01-12 23:05:00+00:00,catalog,ap-south,2025.01,932.36,0.013441,266.15,206.3
evt-catalog-ap-south-000288,2025-01-13 00:00:00+00:00,2025-01-13 00:05:00+00:00,catalog,ap-south,2025.01,966.37,0.012596,248.22,217.3
evt-catalog-ap-south-000289,2025-01-13 01:00:00+00:00,2025-01-13 01:05:00+00:00,catalog,ap-south,2025.01,1005.27,0.010683,245.07,214.14
evt-catalog-ap-south-000290,2025-01-13 02:00:00+00:00,2025-01-13 02:05:00+00:00,catalog,ap-south,2025.01,1131.7,0.01095,258.47,241.36
evt-catalog-ap-south-000291,2025-01-13 03:00:00+00:00,2025-01-13 03:05:00+00:00,catalog,ap-south,2025.01,1219.52,0.01143,258.74,269.48
evt-catalog-ap-south-000292,2025-01-13 04:00:00+00:00,2025-01-13 04:05:00+00:00,catalog,ap-south,2025.01,1082.31,0.010791,237.81,239.48
evt-catalog-ap-south-000293,2025-01-13 05:00:00+00:00,2025-01-13 05:05:00+00:00,catalog,ap-south,2025.01,1266.81,0.012815,253.69,280.96
evt-catalog-ap-south-000294,2025-01-13 06:00:00+00:00,2025-01-13 06:05:00+00:00,catalog,ap-south,2025.01,1360.73,0.009568,252.86,284.06
evt-catalog-ap-south-000295,2025-01-13 07:00:00+00:00,2025-01-13 07:05:00+00:00,catalog,ap-south,2025.01,1381.99,0.014154,225.73,309.85
evt-catalog-ap-south-000296,2025-01-13 08:00:00+00:00,2025-01-13 08:05:00+00:00,catalog,ap-south,2025.01,1540.59,0.007915,237.69,335.67
evt-catalog-ap-south-000297,2025-01-13 09:00:00+00:00,2025-01-13 09:05:00+00:00,catalog,ap-south,2025.01,1594.89,0.010872,240.04,358.83
evt-catalog-ap-south-000298,2025-01-13 10:00:00+00:00,2025-01-13 10:05:00+00:00,catalog,ap-south,2025.01,1738.63,0.013074,229.11,381.97
evt-catalog-ap-south-000299,2025-01-13 11:00:00+00:00,2025-01-13 11:05:00+00:00,catalog,ap-south,2025.01,1802.72,0.013169,232.97,381.61
evt-catalog-ap-south-000300,2025-01-13 12:00:00+00:00,2025-01-13 12:05:00+00:00,catalog,ap-south,2025.01,2031.82,0.011354,248.74,438.59
evt-catalog-ap-south-000301,2025-01-13 13:00:00+00:00,2025-01-13 13:05:00+00:00,catalog,ap-south,2025.01,2066.87,0.007266,242.28,446.49
evt-catalog-ap-south-000302,2025-01-13 14:00:00+00:00,2025-01-13 14:05:00+00:00,catalog,ap-south,2025.01,1962.63,0.008525,230.73,432.84
evt-catalog-ap-south-000303,2025-01-13 15:00:00+00:00,2025-01-13 15:05:00+00:00,catalog,ap-south,2025.01,2046.82,0.009421,224.82,459.48
evt-catalog-ap-south-000304,2025-01-13 16:00:00+00:00,2025-01-13 16:05:00+00:00,catalog,ap-south,2025.01,1957.47,0.011889,237.55,416.32
evt-catalog-ap-south-000305,2025-01-13 17:00:00+00:00,2025-01-13 17:05:00+00:00,catalog,ap-south,2025.01,1900.4,0.010597,223.99,421.62
evt-catalog-ap-south-000306,2025-01-13 18:00:00+00:00,2025-01-13 18:05:00+00:00,catalog,ap-south,2025.01,1710.33,0.013776,225.95,370.08
evt-catalog-ap-south-000307,2025-01-13 19:00:00+00:00,2025-01-13 19:05:00+00:00,catalog,ap-south,2025.01,1391.86,0.010436,235.14,308.19
evt-catalog-ap-south-000308,2025-01-13 20:00:00+00:00,2025-01-13 20:05:00+00:00,catalog,ap-south,2025.01,1334.59,0.013067,250.75,289.67
evt-catalog-ap-south-000309,2025-01-13 21:00:00+00:00,2025-01-13 21:05:00+00:00,catalog,ap-south,2025.01,1045.39,0.012189,272.98,217.88
evt-catalog-ap-south-000310,2025-01-13 22:00:00+00:00,2025-01-13 22:05:00+00:00,catalog,ap-south,2025.01,966.17,0.011857,268.1,207.53
evt-catalog-ap-south-000311,2025-01-13 23:00:00+00:00,2025-01-13 23:05:00+00:00,catalog,ap-south,2025.01,990.95,0.014393,259.52,213.27
evt-catalog-ap-south-000312,2025-01-14 00:00:00+00:00,2025-01-14 00:05:00+00:00,catalog,ap-south,2025.01,1066.51,0.012576,251.3,238.53
evt-catalog-ap-south-000313,2025-01-14 01:00:00+00:00,2025-01-14 01:05:00+00:00,catalog,ap-south,2025.01,1025.09,0.014658,221.13,225.89
evt-catalog-ap-south-000314,2025-01-14 02:00:00+00:00,2025-01-14 02:05:00+00:00,catalog,ap-south,2025.01,1187.16,0.014024,245.67,263.77
evt-catalog-ap-south-000315,2025-01-14 03:00:00+00:00,2025-01-14 03:05:00+00:00,catalog,ap-south,2025.01,1288.69,0.011955,243.59,284.47
evt-catalog-ap-south-000316,2025-01-14 04:00:00+00:00,2025-01-14 04:05:00+00:00,catalog,ap-south,2025.01,1234.62,0.013059,255.78,272.19
evt-catalog-ap-south-000317,2025-01-14 05:00:00+00:00,2025-01-14 05:05:00+00:00,catalog,ap-south,2025.01,1329.61,0.014109,253.68,284.92
evt-catalog-ap-south-000318,2025-01-14 06:00:00+00:00,2025-01-14 06:05:00+00:00,catalog,ap-south,2025.01,1447.93,0.008914,239.53,307.59
evt-catalog-ap-south-000319,2025-01-14 07:00:00+00:00,2025-01-14 07:05:00+00:00,catalog,ap-south,2025.01,1407.92,0.011436,227.68,306.86
evt-catalog-ap-south-000320,2025-01-14 08:00:00+00:00,2025-01-14 08:05:00+00:00,catalog,ap-south,2025.01,1460.45,0.01187,239.68,320.69
evt-catalog-ap-south-000321,2025-01-14 09:00:00+00:00,2025-01-14 09:05:00+00:00,catalog,ap-south,2025.01,1570.97,0.011713,241.92,364.46
evt-catalog-ap-south-000322,2025-01-14 10:00:00+00:00,2025-01-14 10:05:00+00:00,catalog,ap-south,2025.01,1773.7,0.01269,256.57,389.11
evt-catalog-ap-south-000323,2025-01-14 11:00:00+00:00,2025-01-14 11:05:00+00:00,catalog,ap-south,2025.01,1854.48,0.011552,224.28,401.75
evt-catalog-ap-south-000324,2025-01-14 12:00:00+00:00,2025-01-14 12:05:00+00:00,catalog,ap-south,2025.01,1995.27,0.007475,234.01,429.7
evt-catalog-ap-south-000325,2025-01-14 13:00:00+00:00,2025-01-14 13:05:00+00:00,catalog,ap-south,2025.01,2089.03,0.007921,234.24,445.17
evt-catalog-ap-south-000326,2025-01-14 14:00:00+00:00,2025-01-14 14:05:00+00:00,catalog,ap-south,2025.01,2096.38,0.013044,227.05,466.55
evt-catalog-ap-south-000327,2025-01-14 15:00:00+00:00,2025-01-14 15:05:00+00:00,catalog,ap-south,2025.01,1959.86,0.007637,230.68,430.55
evt-catalog-ap-south-000328,2025-01-14 16:00:00+00:00,2025-01-14 16:05:00+00:00,catalog,ap-south,2025.01,1986.59,0.012669,219.42,415.16
evt-catalog-ap-south-000329,2025-01-14 17:00:00+00:00,2025-01-14 17:05:00+00:00,catalog,ap-south,2025.01,1899.31,0.010605,233.45,412.86
evt-catalog-ap-south-000330,2025-01-14 18:00:00+00:00,2025-01-14 18:05:00+00:00,catalog,ap-south,2025.01,1625.97,0.008364,249.15,358.8
evt-catalog-ap-south-000331,2025-01-14 19:00:00+00:00,2025-01-14 19:05:00+00:00,catalog,ap-south,2025.01,1471.45,0.011585,240.39,325.21
evt-catalog-ap-south-000332,2025-01-14 20:00:00+00:00,2025-01-14 20:05:00+00:00,catalog,ap-south,2025.01,1201.14,0.011906,250.67,261.69
evt-catalog-ap-south-000333,2025-01-14 21:00:00+00:00,2025-01-14 21:05:00+00:00,catalog,ap-south,2025.01,1098.12,0.010615,251.46,247.55
evt-catalog-ap-south-000334,2025-01-14 22:00:00+00:00,2025-01-14 22:05:00+00:00,catalog,ap-south,2025.01,979.27,0.011561,263.77,210.9
evt-catalog-ap-south-000335,2025-01-14 23:00:00+00:00,2025-01-14 23:05:00+00:00,catalog,ap-south,2025.01,950.05,0.013002,255.92,203.66
evt-catalog-eu-west-000000,2025-01-01 00:00:00+00:00,2025-01-01 00:05:00+00:00,catalog,eu-west,2025.01,1385.43,0.010042,233.89,297.3
evt-catalog-eu-west-000001,2025-01-01 01:00:00+00:00,2025-01-01 01:05:00+00:00,catalog,eu-west,2025.01,1357.63,0.015662,226.22,291.63
evt-catalog-eu-west-000002,2025-01-01 02:00:00+00:00,2025-01-01 02:05:00+00:00,catalog,eu-west,2025.01,1430.96,0.009638,222.69,308.96
evt-catalog-eu-west-000003,2025-01-01 03:00:00+00:00,2025-01-01 03:05:00+00:00,catalog,eu-west,2025.01,1551.42,0.012123,216.26,339.42
evt-catalog-eu-west-000004,2025-01-01 04:00:00+00:00,2025-01-01 04:05:00+00:00,catalog,eu-west,2025.01,1675.3,0.011778,235.45,378.01
evt-catalog-eu-west-000005,2025-01-01 05:00:00+00:00,2025-01-01 05:05:00+00:00,catalog,eu-west,2025.01,1776.67,0.009739,223.08,405.26
evt-catalog-eu-west-000006,2025-01-01 06:00:00+00:00,2025-01-01 06:05:00+00:00,catalog,eu-west,2025.01,1751.07,0.011736,219.3,388.89
evt-catalog-eu-west-000007,2025-01-01 07:00:00+00:00,2025-01-01 07:05:00+00:00,catalog,eu-west,2025.01,1839.43,0.009677,206.52,409.82
evt-catalog-eu-west-000008,2025-01-01 08:00:00+00:00,2025-01-01 08:05:00+00:00,catalog,eu-west,2025.01,1920.55,0.013521,218.93,420.6
evt-catalog-eu-west-000009,2025-01-01 09:00:00+00:00,2025-01-01 09:05:00+00:00,catalog,eu-west,2025.01,2129.41,0.011083,210.64,463.2
evt-catalog-eu-west-000010,2025-01-01 10:00:00+00:00,2025-01-01 10:05:00+00:00,catalog,eu-west,2025.01,2225.45,0.010586,191.06,486.21
evt-catalog-eu-west-000011,2025-01-01 11:00:00+00:00,2025-01-01 11:05:00+00:00,catalog,eu-west,2025.01,2395.94,0.014281,216.23,512.02
evt-catalog-eu-west-000012,2025-01-01 12:00:00+00:00,2025-01-01 12:05:00+00:00,catalog,eu-west,2025.01,2615.37,0.007364,203.62,569.62
evt-catalog-eu-west-000013,2025-01-01 13:00:00+00:00,2025-01-01 13:05:00+00:00,catalog,eu-west,2025.01,2657.55,0.009203,211.55,586.04
evt-catalog-eu-west-000014,2025-01-01 14:00:00+00:00,2025-01-01 14:05:00+00:00,catalog,eu-west,2025.01,2709.66,0.010514,197.7,565.53
evt-catalog-eu-west-000015,2025-01-01 15:00:00+00:00,2025-01-01 15:05:00+00:00,catalog,eu-west,2025.01,2787.21,0.01277,208.22,616.19
evt-catalog-eu-west-000016,2025-01-01 16:00:00+00:00,2025-01-01 16:05:00+00:00,catalog,eu-west,2025.01,2535.1,0.01047,198.77,565.46
evt-catalog-eu-west-000017,2025-01-01 17:00:00+00:00,2025-01-01 17:05:00+00:00,catalog,eu-west,2025.01,2404.99,0.013978,214.49,522.03
evt-catalog-eu-west-000018,2025-01-01 18:00:00+00:00,2025-01-01 18:05:00+00:00,catalog,eu-west,2025.01,2121.82,0.011779,207.56,477.59
evt-catalog-eu-west-000019,2025-01-01 19:00:00+00:00,2025-01-01 19:05:00+00:00,catalog,eu-west,2025.01,1931.92,0.009836,213.1,405.46
evt-catalog-eu-west-000020,2025-01-01 20:00:00+00:00,2025-01-01 20:05:00+00:00,catalog,eu-west,2025.01,1612.63,0.012844,223.48,343.27
evt-catalog-eu-west-000021,2025-01-01 21:00:00+00:00,2025-01-01 21:05:00+00:00,catalog,eu-west,2025.01,1419.19,0.012534,218.85,306.35
evt-catalog-eu-west-000022,2025-01-01 22:00:00+00:00,2025-01-01 22:05:00+00:00,catalog,eu-west,2025.01,1338.81,0.010691,210.49,293.95
evt-catalog-eu-west-000023,2025-01-01 23:00:00+00:00,2025-01-01 23:05:00+00:00,catalog,eu-west,2025.01,1167.84,0.011859,237.77,256.62
evt-catalog-eu-west-000024,2025-01-02 00:00:00+00:00,2025-01-02 00:05:00+00:00,catalog,eu-west,2025.01,1279.96,0.010799,223.73,279.68
evt-catalog-eu-west-000025,2025-01-02 01:00:00+00:00,2025-01-02 01:05:00+00:00,catalog,eu-west,2025.01,1402.58,0.012229,222.73,319.13
evt-catalog-eu-west-000026,2025-01-02 02:00:00+00:00,2025-01-02 02:05:00+00:00,catalog,eu-west,2025.01,1539.9,0.014147,236.63,333.03
evt-catalog-eu-west-000027,2025-01-02 03:00:00+00:00,2025-01-02 03:05:00+00:00,catalog,eu-west,2025.01,1483.17,0.008853,208.94,323.21
evt-catalog-eu-west-000028,2025-01-02 04:00:00+00:00,2025-01-02 04:05:00+00:00,catalog,eu-west,2025.01,1527.15,0.009859,227.92,324.88
evt-catalog-eu-west-000029,2025-01-02 05:00:00+00:00,2025-01-02 05:05:00+00:00,catalog,eu-west,2025.01,1724.04,0.012115,221.68,381.61
evt-catalog-eu-west-000030,2025-01-02 06:00:00+00:00,2025-01-02 06:05:00+00:00,catalog,eu-west,2025.01,1893.03,0.008996,211.48,387.21
evt-catalog-eu-west-000031,2025-01-02 07:00:00+00:00,2025-01-02 07:05:00+00:00,catalog,eu-west,2025.01,1825.04,0.006987,207.76,409.63
evt-catalog-eu-west-000032,2025-01-02 08:00:00+00:00,2025-01-02 08:05:00+00:00,catalog,eu-west,2025.01,1893.8,0.011329,211.43,425.46
evt-catalog-eu-west-000033,2025-01-02 09:00:00+00:00,2025-01-02 09:05:00+00:00,catalog,eu-west,2025.01,2072.23,0.008099,205.97,453.47
evt-catalog-eu-west-000034,2025-01-02 10:00:00+00:00,2025-01-02 10:05:00+00:00,catalog,eu-west,2025.01,2298.47,0.009671,222.33,492.64
evt-catalog-eu-west-000035,2025-01-02 11:00:00+00:00,2025-01-02 11:05:00+00:00,catalog,eu-west,2025.01,2469.86,0.012053,204.84,536.76
evt-catalog-eu-west-000036,2025-01-02 12:00:00+00:00,2025-01-02 12:05:00+00:00,catalog,eu-west,2025.01,2550.93,0.010599,210.33,558.24
evt-catalog-eu-west-000037,2025-01-02 13:00:00+00:00,2025-01-02 13:05:00+00:00,catalog,eu-west,2025.01,2727.83,0.010132,190.46,584.24
evt-catalog-eu-west-000038,2025-01-02 14:00:00+00:00,2025-01-02 14:05:00+00:00,catalog,eu-west,2025.01,2684.36,0.009498,207.23,609.84
evt-catalog-eu-west-000039,2025-01-02 15:00:00+00:00,2025-01-02 15:05:00+00:00,catalog,eu-west,2025.01,2659.53,0.010665,193.82,611.42
evt-catalog-eu-west-000040,2025-01-02 16:00:00+00:00,2025-01-02 16:05:00+00:00,catalog,eu-west,2025.01,2591.4,0.010865,210.47,566.57
evt-catalog-eu-west-000041,2025-01-02 17:00:00+00:00,2025-01-02 17:05:00+00:00,catalog,eu-west,2025.01,2366.59,0.013379,224.18,538.01
evt-catalog-eu-west-000042,2025-01-02 18:00:00+00:00,2025-01-02 18:05:00+00:00,catalog,eu-west,2025.01,1958.14,0.008258,209.54,417.8
evt-catalog-eu-west-000043,2025-01-02 19:00:00+00:00,2025-01-02 19:05:00+00:00,catalog,eu-west,2025.01,1895.83,0.011431,219.61,422.27
evt-catalog-eu-west-000044,2025-01-02 20:00:00+00:00,2025-01-02 20:05:00+00:00,catalog,eu-west,2025.01,1605.43,0.014185,225.03,351.18
evt-catalog-eu-west-000045,2025-01-02 21:00:00+00:00,2025-01-02 21:05:00+00:00,catalog,eu-west,2025.01,1299.27,0.011487,223.52,287.75
evt-catalog-eu-west-000046,2025-01-02 22:00:00+00:00,2025-01-02 22:05:00+00:00,catalog,eu-west,2025.01,1263.31,0.012774,238.9,269.15
evt-catalog-eu-west-000047,2025-01-02 23:00:00+00:00,2025-01-02 23:05:00+00:00,catalog,eu-west,2025.01,1329.83,0.012214,218.79,299.84
evt-catalog-eu-west-000048,2025-01-03 00:00:00+00:00,2025-01-03 00:05:00+00:00,catalog,eu-west,2025.01,1311.13,0.012585,223.34,300.55
evt-catalog-eu-west-000049,2025-01-03 01:00:00+00:00,2025-01-03 01:05:00+00:00,catalog,eu-west,2025.01,1306.08,0.01471,226.94,283.81
evt-catalog-eu-west-000050,2025-01-03 02:00:00+00:00,2025-01-03 02:05:00+00:00,catalog,eu-west,2025.01,1470.0,0.011204,244.26,324.17
evt-catalog-eu-west-000051,2025-01-03 03:00:00+00:00,2025-01-03 03:05:00+00:00,catalog,eu-west,2025.01,1528.08,0.011908,235.46,336.49
evt-catalog-eu-west-000052,2025-01-03 04:00:00+00:00,2025-01-03 04:05:00+00:00,catalog,eu-west,2025.01,1677.93,0.010105,215.6,362.67
evt-catalog-eu-west-000053,2025-01-03 05:00:00+00:00,2025-01-03 05:05:00+00:00,catalog,eu-west,2025.01,1800.34,0.011005,219.79,401.75
evt-catalog-eu-west-000054,2025-01-03 06:00:00+00:00,2025-01-03 06:05:00+00:00,catalog,eu-west,2025.01,1883.27,0.009626,232.66,414.48
evt-catalog-eu-west-000055,2025-01-03 07:00:00+00:00,2025-01-03 07:05:00+00:00,catalog,eu-west,2025.01,1729.35,0.011294,221.71,369.38
evt-catalog-eu-west-000056,2025-01-03 08:00:00+00:00,2025-01-03 08:05:00+00:00,catalog,eu-west,2025.01,2032.68,0.012437,224.15,453.97
evt-catalog-eu-west-000057,2025-01-03 09:00:00+00:00,2025-01-03 09:05:00+00:00,catalog,eu-west,2025.01,2108.64,0.012336,210.17,485.44
evt-catalog-eu-west-000058,2025-01-03 10:00:00+00:00,2025-01-03 10:05:00+00:00,catalog,eu-west,2025.01,2356.22,0.009425,211.08,527.18
evt-catalog-eu-west-000059,2025-01-03 11:00:00+00:00,2025-01-03 11:05:00+00:00,catalog,eu-west,2025.01,2518.21,0.009637,209.38,549.72
evt-catalog-eu-west-000060,2025-01-03 12:00:00+00:00,2025-01-03 12:05:00+00:00,catalog,eu-west,2025.01,2522.63,0.01062,200.85,547.28
evt-catalog-eu-west-000061,2025-01-03 13:00:00+00:00,2025-01-03 13:05:00+00:00,catalog,eu-west,2025.01,2664.19,0.010241,204.09,606.77
evt-catalog-eu-west-000062,2025-01-03 14:00:00+00:00,2025-01-03 14:05:00+00:00,catalog,eu-west,2025.01,2776.02,0.007192,201.32,616.25
evt-catalog-eu-west-000063,2025-01-03 15:00:00+00:00,2025-01-03 15:05:00+00:00,catalog,eu-west,2025.01,2733.75,0.008914,206.78,607.58
evt-catalog-eu-west-000064,2025-01-03 16:00:00+00:00,2025-01-03 16:05:00+00:00,catalog,eu-west,2025.01,2537.92,0.012047,203.74,534.73
evt-catalog-eu-west-000065,2025-01-03 17:00:00+00:00,2025-01-03 17:05:00+00:00,catalog,eu-west,2025.01,2273.74,0.009134,204.61,497.33
evt-catalog-eu-west-000066,2025-01-03 18:00:00+00:00,2025-01-03 18:05:00+00:00,catalog,eu-west,2025.01,2122.07,0.012122,212.17,459.63
evt-catalog-eu-west-000067,2025-01-03 19:00:00+00:00,2025-01-03 19:05:00+00:00,catalog,eu-west,2025.01,1848.85,0.01258,,399.05
evt-catalog-eu-west-000068,2025-01-03 20:00:00+00:00,2025-01-03 20:05:00+00:00,catalog,eu-west,2025.01,1633.32,0.010505,232.02,358.07
evt-catalog-eu-west-000069,2025-01-03 21:00:00+00:00,2025-01-03 21:05:00+00:00,catalog,eu-west,2025.01,1455.87,0.012557,220.26,313.4
evt-catalog-eu-west-000070,2025-01-03 22:00:00+00:00,2025-01-03 22:05:00+00:00,catalog,eu-west,2025.01,1352.11,0.011316,220.97,298.51
evt-catalog-eu-west-000071,2025-01-03 23:00:00+00:00,2025-01-03 23:05:00+00:00,catalog,eu-west,2025.01,1176.91,0.010609,229.09,249.32
evt-catalog-eu-west-000072,2025-01-04 00:00:00+00:00,2025-01-04 00:05:00+00:00,catalog,eu-west,2025.01,1088.87,0.010656,232.05,255.76
evt-catalog-eu-west-000073,2025-01-04 01:00:00+00:00,2025-01-04 01:05:00+00:00,catalog,eu-west,2025.01,980.36,0.012476,227.19,212.08
evt-catalog-eu-west-000074,2025-01-04 02:00:00+00:00,2025-01-04 02:05:00+00:00,catalog,eu-west,2025.01,1366.83,0.012903,217.59,292.16
evt-catalog-eu-west-000075,2025-01-04 03:00:00+00:00,2025-01-04 03:05:00+00:00,catalog,eu-west,2025.01,1263.14,0.013192,235.58,267.78
evt-catalog-eu-west-000076,2025-01-04 04:00:00+00:00,2025-01-04 04:05:00+00:00,catalog,eu-west,2025.01,1241.36,0.013468,234.46,278.06
evt-catalog-eu-west-000077,2025-01-04 05:00:00+00:00,2025-01-04 05:05:00+00:00,catalog,eu-west,2025.01,1460.28,0.009362,215.54,313.96
evt-catalog-eu-west-000078,2025-01-04 06:00:00+00:00,2025-01-04 06:05:00+00:00,catalog,eu-west,2025.01,1345.96,0.013776,224.0,303.49
evt-catalog-eu-west-000079,2025-01-04 07:00:00+00:00,2025-01-04 07:05:00+00:00,catalog,eu-west,2025.01,1491.06,0.010747,204.93,324.77
evt-catalog-eu-west-000080,2025-01-04 08:00:00+00:00,2025-01-04 08:05:00+00:00,catalog,eu-west,2025.01,1716.48,0.013354,204.33,384.25
evt-catalog-eu-west-000081,2025-01-04 09:00:00+00:00,2025-01-04 09:05:00+00:00,catalog,eu-west,2025.01,1591.92,0.011203,200.78,355.23
evt-catalog-eu-west-000082,2025-01-04 10:00:00+00:00,2025-01-04 10:05:00+00:00,catalog,eu-west,2025.01,1803.54,0.011157,200.47,385.96
evt-catalog-eu-west-000083,2025-01-04 11:00:00+00:00,2025-01-04 11:05:00+00:00,catalog,eu-west,2025.01,1896.51,0.012592,215.81,403.08
evt-catalog-eu-west-000084,2025-01-04 12:00:00+00:00,2025-01-04 12:05:00+00:00,catalog,eu-west,2025.01,2027.46,0.006972,191.25,442.79
evt-catalog-eu-west-000085,2025-01-04 13:00:00+00:00,2025-01-04 13:05:00+00:00,catalog,eu-west,2025.01,2193.98,0.010915,231.5,494.75
evt-catalog-eu-west-000086,2025-01-04 14:00:00+00:00,2025-01-04 14:05:00+00:00,catalog,eu-west,2025.01,2193.79,0.010534,214.1,483.21
evt-catalog-eu-west-000087,2025-01-04 15:00:00+00:00,2025-01-04 15:05:00+00:00,catalog,eu-west,2025.01,2154.72,0.013527,210.37,479.18
evt-catalog-eu-west-000088,2025-01-04 16:00:00+00:00,2025-01-04 16:05:00+00:00,catalog,eu-west,2025.01,2001.17,0.009991,193.68,425.96
evt-catalog-eu-west-000089,2025-01-04 17:00:00+00:00,2025-01-04 17:05:00+00:00,catalog,eu-west,2025.01,1772.72,0.007988,207.83,402.74
evt-catalog-eu-west-000090,2025-01-04 18:00:00+00:00,2025-01-04 18:05:00+00:00,catalog,eu-west,2025.01,1820.38,0.011208,204.88,399.49
evt-catalog-eu-west-000091,2025-01-04 19:00:00+00:00,2025-01-04 19:05:00+00:00,catalog,eu-west,2025.01,1620.22,0.006691,199.55,361.89
evt-catalog-eu-west-000092,2025-01-04 20:00:00+00:00,2025-01-04 20:05:00+00:00,catalog,eu-west,2025.01,1295.59,0.012355,210.04,276.71
evt-catalog-eu-west-000093,2025-01-04 21:00:00+00:00,2025-01-04 21:05:00+00:00,catalog,eu-west,2025.01,1067.65,0.012393,215.53,229.07
evt-catalog-eu-west-000094,2025-01-04 22:00:00+00:00,2025-01-04 22:05:00+00:00,catalog,eu-west,2025.01,995.31,0.010344,228.87,224.17
evt-catalog-eu-west-000095,2025-01-04 23:00:00+00:00,2025-01-04 23:05:00+00:00,catalog,eu-west,2025.01,1009.71,0.0115,238.67,210.98
evt-catalog-eu-west-000096,2025-01-05 00:00:00+00:00,2025-01-05 00:05:00+00:00,catalog,eu-west,2025.01,1148.2,0.010115,228.08,263.28
evt-catalog-eu-west-000097,2025-01-05 01:00:00+00:00,2025-01-05 01:05:00+00:00,catalog,eu-west,2025.01,1092.13,0.01255,231.58,234.95
evt-catalog-eu-west-000098,2025-01-05 02:00:00+00:00,2025-01-05 02:05:00+00:00,catalog,eu-west,2025.01,1149.96,0.013193,244.77,254.02
evt-catalog-eu-west-000099,2025-01-05 03:00:00+00:00,2025-01-05 03:05:00+00:00,catalog,eu-west,2025.01,1215.74,0.011335,211.77,271.39
evt-catalog-eu-west-000100,2025-01-05 04:00:00+00:00,2025-01-05 04:05:00+00:00,catalog,eu-west,2025.01,1228.07,0.010918,221.35,269.96
evt-catalog-eu-west-000101,2025-01-05 05:00:00+00:00,2025-01-05 05:05:00+00:00,catalog,eu-west,2025.01,1459.45,0.011722,219.28,320.19
evt-catalog-eu-west-000102,2025-01-05 06:00:00+00:00,2025-01-05 06:05:00+00:00,catalog,eu-west,2025.01,1480.02,0.010938,220.89,324.33
evt-catalog-eu-west-000103,2025-01-05 07:00:00+00:00,2025-01-05 07:05:00+00:00,catalog,eu-west,2025.01,1397.57,0.010142,216.95,301.14
evt-catalog-eu-west-000104,2025-01-05 08:00:00+00:00,2025-01-05 08:05:00+00:00,catalog,eu-west,2025.01,1654.39,0.008615,215.41,358.95
evt-catalog-eu-west-000105,2025-01-05 09:00:00+00:00,2025-01-05 09:05:00+00:00,catalog,eu-west,2025.01,1777.59,0.009727,208.33,390.49
evt-catalog-eu-west-000106,2025-01-05 10:00:00+00:00,2025-01-05 10:05:00+00:00,catalog,eu-west,2025.01,1818.21,0.010738,208.85,402.61
evt-catalog-eu-west-000107,2025-01-05 11:00:00+00:00,2025-01-05 11:05:00+00:00,catalog,eu-west,2025.01,1890.99,0.009798,219.47,415.53
evt-catalog-eu-west-000108,2025-01-05 12:00:00+00:00,2025-01-05 12:05:00+00:00,catalog,eu-west,2025.01,2174.11,0.013576,201.47,487.84
evt-catalog-eu-west-000109,2025-01-05 13:00:00+00:00,2025-01-05 13:05:00+00:00,catalog,eu-west,2025.01,2111.43,0.007284,219.7,465.01
evt-catalog-eu-west-000110,2025-01-05 14:00:00+00:00,2025-01-05 14:05:00+00:00,catalog,eu-west,2025.01,2259.52,0.005852,211.83,487.86
evt-catalog-eu-west-000111,2025-01-05 15:00:00+00:00,2025-01-05 15:05:00+00:00,catalog,eu-west,2025.01,2447.72,0.007965,198.26,546.24
evt-catalog-eu-west-000112,2025-01-05 16:00:00+00:00,2025-01-05 16:05:00+00:00,catalog,eu-west,2025.01,2129.55,0.012039,204.2,474.57
evt-catalog-eu-west-000113,2025-01-05 17:00:00+00:00,2025-01-05 17:05:00+00:00,catalog,eu-west,2025.01,1844.62,0.010664,208.26,422.58
evt-catalog-eu-west-000114,2025-01-05 18:00:00+00:00,2025-01-05 18:05:00+00:00,catalog,eu-west,2025.01,1640.98,0.013003,209.14,356.0
evt-catalog-eu-west-000115,2025-01-05 19:00:00+00:00,2025-01-05 19:05:00+00:00,catalog,eu-west,2025.01,1507.46,0.010486,198.29,335.85
evt-catalog-eu-west-000116,2025-01-05 20:00:00+00:00,2025-01-05 20:05:00+00:00,catalog,eu-west,2025.01,1356.56,0.01234,219.7,287.15
evt-catalog-eu-west-000117,2025-01-05 21:00:00+00:00,2025-01-05 21:05:00+00:00,catalog,eu-west,2025.01,1221.94,0.011446,226.08,264.79
evt-catalog-eu-west-000118,2025-01-05 22:00:00+00:00,2025-01-05 22:05:00+00:00,catalog,eu-west,2025.01,1024.99,0.008871,226.46,233.27
evt-catalog-eu-west-000119,2025-01-05 23:00:00+00:00,2025-01-05 23:05:00+00:00,catalog,eu-west,2025.01,1026.73,0.011365,231.75,227.35
evt-catalog-eu-west-000120,2025-01-06 00:00:00+00:00,2025-01-06 00:05:00+00:00,catalog,eu-west,2025.01,1446.0,0.012505,231.36,323.76
evt-catalog-eu-west-000121,2025-01-06 01:00:00+00:00,2025-01-06 01:05:00+00:00,catalog,eu-west,2025.01,1424.49,0.008775,215.34,304.99
evt-catalog-eu-west-000122,2025-01-06 02:00:00+00:00,2025-01-06 02:05:00+00:00,catalog,eu-west,2025.01,1412.37,0.011837,206.36,301.15
evt-catalog-eu-west-000123,2025-01-06 03:00:00+00:00,2025-01-06 03:05:00+00:00,catalog,eu-west,2025.01,1519.51,0.011952,230.81,337.9
evt-catalog-eu-west-000124,2025-01-06 04:00:00+00:00,2025-01-06 04:05:00+00:00,catalog,eu-west,2025.01,1644.67,0.01094,235.38,335.57
evt-catalog-eu-west-000125,2025-01-06 05:00:00+00:00,2025-01-06 05:05:00+00:00,catalog,eu-west,2025.01,1668.47,0.012097,241.46,362.59
evt-catalog-eu-west-000126,2025-01-06 06:00:00+00:00,2025-01-06 06:05:00+00:00,catalog,eu-west,2025.01,1868.99,0.008292,212.5,403.43
evt-catalog-eu-west-000127,2025-01-06 07:00:00+00:00,2025-01-06 07:05:00+00:00,catalog,eu-west,2025.01,1821.0,0.012135,222.37,408.81
evt-catalog-eu-west-000128,2025-01-06 08:00:00+00:00,2025-01-06 08:05:00+00:00,catalog,eu-west,2025.01,2125.46,0.009142,202.67,477.21
evt-catalog-eu-west-000129,2025-01-06 09:00:00+00:00,2025-01-06 09:05:00+00:00,catalog,eu-west,2025.01,2152.27,0.012694,220.02,478.31
evt-catalog-eu-west-000130,2025-01-06 10:00:00+00:00,2025-01-06 10:05:00+00:00,catalog,eu-west,2025.01,2322.45,0.011235,198.39,512.15
evt-catalog-eu-west-000131,2025-01-06 11:00:00+00:00,2025-01-06 11:05:00+00:00,catalog,eu-west,2025.01,2619.84,0.01153,209.0,565.57
evt-catalog-eu-west-000132,2025-01-06 12:00:00+00:00,2025-01-06 12:05:00+00:00,catalog,eu-west,2025.01,2503.05,0.013139,197.82,523.52
evt-catalog-eu-west-000133,2025-01-06 13:00:00+00:00,2025-01-06 13:05:00+00:00,catalog,eu-west,2025.01,2829.17,0.013157,210.48,634.9
evt-catalog-eu-west-000134,2025-01-06 14:00:00+00:00,2025-01-06 14:05:00+00:00,catalog,eu-west,2025.01,2644.24,0.013541,195.3,573.83
evt-catalog-eu-west-000135,2025-01-06 15:00:00+00:00,2025-01-06 15:05:00+00:00,catalog,eu-west,2025.01,2713.07,0.01228,205.71,610.01
evt-catalog-eu-west-000136,2025-01-06 16:00:00+00:00,2025-01-06 16:05:00+00:00,catalog,eu-west,2025.01,2585.03,0.008328,208.6,543.93
evt-catalog-eu-west-000137,2025-01-06 17:00:00+00:00,2025-01-06 17:05:00+00:00,catalog,eu-west,2025.01,2386.09,0.008711,213.67,533.82
evt-catalog-eu-west-000138,2025-01-06 18:00:00+00:00,2025-01-06 18:05:00+00:00,catalog,eu-west,2025.01,2158.47,0.008219,216.71,460.46
evt-catalog-eu-west-000139,2025-01-06 19:00:00+00:00,2025-01-06 19:05:00+00:00,catalog,eu-west,2025.01,1801.31,0.010398,218.68,397.12
evt-catalog-eu-west-000140,2025-01-06 20:00:00+00:00,2025-01-06 20:05:00+00:00,catalog,eu-west,2025.01,1806.08,0.013834,215.99,396.97
evt-catalog-eu-west-000141,2025-01-06 21:00:00+00:00,2025-01-06 21:05:00+00:00,catalog,eu-west,2025.01,1438.81,0.013475,234.24,318.22
evt-catalog-eu-west-000142,2025-01-06 22:00:00+00:00,2025-01-06 22:05:00+00:00,catalog,eu-west,2025.01,1290.34,0.011242,223.42,277.69
evt-catalog-eu-west-000143,2025-01-06 23:00:00+00:00,2025-01-06 23:05:00+00:00,catalog,eu-west,2025.01,1341.7,0.010589,218.35,297.55
evt-catalog-eu-west-000144,2025-01-07 00:00:00+00:00,2025-01-07 00:05:00+00:00,catalog,eu-west,2025.01,1249.82,0.011303,229.52,275.62
evt-catalog-eu-west-000145,2025-01-07 01:00:00+00:00,2025-01-07 01:05:00+00:00,catalog,eu-west,2025.01,1268.93,0.009962,230.02,274.36
evt-catalog-eu-west-000146,2025-01-07 02:00:00+00:00,2025-01-07 02:05:00+00:00,catalog,eu-west,2025.01,1481.53,0.008833,219.24,315.28
evt-catalog-eu-west-000147,2025-01-07 03:00:00+00:00,2025-01-07 03:05:00+00:00,catalog,eu-west,2025.01,1503.11,0.00821,208.54,345.44
evt-catalog-eu-west-000148,2025-01-07 04:00:00+00:00,2025-01-07 04:05:00+00:00,catalog,eu-west,2025.01,1687.37,0.01195,230.78,355.47
evt-catalog-eu-west-000149,2025-01-07 05:00:00+00:00,2025-01-07 05:05:00+00:00,catalog,eu-west,2025.01,1495.86,0.013161,226.04,336.44
evt-catalog-eu-west-000150,2025-01-07 06:00:00+00:00,2025-01-07 06:05:00+00:00,catalog,eu-west,2025.01,1923.14,0.011592,215.65,428.86
evt-catalog-eu-west-000151,2025-01-07 07:00:00+00:00,2025-01-07 07:05:00+00:00,catalog,eu-west,2025.01,1808.97,0.008458,214.59,395.0
evt-catalog-eu-west-000152,2025-01-07 08:00:00+00:00,2025-01-07 08:05:00+00:00,catalog,eu-west,2025.01,1967.82,0.009801,205.78,437.03
evt-catalog-eu-west-000153,2025-01-07 09:00:00+00:00,2025-01-07 09:05:00+00:00,catalog,eu-west,2025.01,2208.93,0.014548,220.49,505.96
evt-catalog-eu-west-000154,2025-01-07 10:00:00+00:00,2025-01-07 10:05:00+00:00,catalog,eu-west,2025.01,2194.92,0.010197,210.3,486.41
evt-catalog-eu-west-000155,2025-01-07 11:00:00+00:00,2025-01-07 11:05:00+00:00,catalog,eu-west,2025.01,2359.15,0.007878,207.98,516.19
evt-catalog-eu-west-000156,2025-01-07 12:00:00+00:00,2025-01-07 12:05:00+00:00,catalog,eu-west,2025.01,2489.65,0.008107,194.16,559.66
evt-catalog-eu-west-000157,2025-01-07 13:00:00+00:00,2025-01-07 13:05:00+00:00,catalog,eu-west,2025.01,2766.24,0.011847,197.64,611.94
evt-catalog-eu-west-000158,2025-01-07 14:00:00+00:00,2025-01-07 14:05:00+00:00,catalog,eu-west,2025.01,2743.27,0.011123,197.06,611.12
evt-catalog-eu-west-000159,2025-01-07 15:00:00+00:00,2025-01-07 15:05:00+00:00,catalog,eu-west,2025.01,2703.88,0.010613,217.7,581.52
evt-catalog-eu-west-000160,2025-01-07 16:00:00+00:00,2025-01-07 16:05:00+00:00,catalog,eu-west,2025.01,2570.11,0.010509,211.47,552.6
evt-catalog-eu-west-000161,2025-01-07 17:00:00+00:00,2025-01-07 17:05:00+00:00,catalog,eu-west,2025.01,2488.48,0.011579,229.67,544.95
evt-catalog-eu-west-000162,2025-01-07 18:00:00+00:00,2025-01-07 18:05:00+00:00,catalog,eu-west,2025.01,2055.85,0.011594,215.19,448.57
evt-catalog-eu-west-000163,2025-01-07 19:00:00+00:00,2025-01-07 19:05:00+00:00,catalog,eu-west,2025.01,1732.43,0.012067,216.12,378.06
evt-catalog-eu-west-000164,2025-01-07 20:00:00+00:00,2025-01-07 20:05:00+00:00,catalog,eu-west,2025.01,1663.88,0.011572,219.36,357.36
evt-catalog-eu-west-000165,2025-01-07 21:00:00+00:00,2025-01-07 21:05:00+00:00,catalog,eu-west,2025.01,1430.52,0.0147,227.31,316.93
evt-catalog-eu-west-000166,2025-01-07 22:00:00+00:00,2025-01-07 22:05:00+00:00,catalog,eu-west,2025.01,1199.01,0.012739,225.44,264.67
evt-catalog-eu-west-000167,2025-01-07 23:00:00+00:00,2025-01-07 23:05:00+00:00,catalog,eu-west,2025.01,1281.79,0.010678,246.38,275.46
evt-catalog-eu-west-000168,2025-01-08 00:00:00+00:00,2025-01-08 00:05:00+00:00,catalog,eu-west,2025.01,1329.57,0.013326,239.17,283.16
evt-catalog-eu-west-000169,2025-01-08 01:00:00+00:00,2025-01-08 01:05:00+00:00,catalog,eu-west,2025.01,1417.16,0.011029,225.54,315.03
evt-catalog-eu-west-000170,2025-01-08 02:00:00+00:00,2025-01-08 02:05:00+00:00,catalog,eu-west,2025.01,1357.0,0.011111,214.3,300.87
evt-catalog-eu-west-000171,2025-01-08 03:00:00+00:00,2025-01-08 03:05:00+00:00,catalog,eu-west,2025.01,1524.87,0.008224,224.35,331.97
evt-catalog-eu-west-000172,2025-01-08 04:00:00+00:00,2025-01-08 04:05:00+00:00,catalog,eu-west,2025.01,1554.09,0.008766,219.27,345.89
evt-catalog-eu-west-000173,2025-01-08 05:00:00+00:00,2025-01-08 05:05:00+00:00,catalog,eu-west,2025.01,1802.45,0.010452,224.5,391.81
evt-catalog-eu-west-000174,2025-01-08 06:00:00+00:00,2025-01-08 06:05:00+00:00,catalog,eu-west,2025.01,1801.8,0.008566,215.2,395.7
evt-catalog-eu-west-000175,2025-01-08 07:00:00+00:00,2025-01-08 07:05:00+00:00,catalog,eu-west,2025.01,1901.43,0.012898,209.0,395.9
evt-catalog-eu-west-000176,2025-01-08 08:00:00+00:00,2025-01-08 08:05:00+00:00,catalog,eu-west,2025.01,2077.3,0.011488,217.12,435.48
evt-catalog-eu-west-000177,2025-01-08 09:00:00+00:00,2025-01-08 09:05:00+00:00,catalog,eu-west,2025.01,2230.22,0.009511,202.55,475.95
evt-catalog-eu-west-000178,2025-01-08 10:00:00+00:00,2025-01-08 10:05:00+00:00,catalog,eu-west,2025.01,2319.71,0.011116,205.14,518.46
evt-catalog-eu-west-000179,2025-01-08 11:00:00+00:00,2025-01-08 11:05:00+00:00,catalog,eu-west,2025.01,2433.46,0.00949,205.38,557.36
evt-catalog-eu-west-000180,2025-01-08 12:00:00+00:00,2025-01-08 12:05:00+00:00,catalog,eu-west,2025.01,2560.5,0.009897,219.31,615.69
evt-catalog-eu-west-000181,2025-01-08 13:00:00+00:00,2025-01-08 13:05:00+00:00,catalog,eu-west,2025.01,2670.3,0.012607,199.17,591.61
evt-catalog-eu-west-000182,2025-01-08 14:00:00+00:00,2025-01-08 14:05:00+00:00,catalog,eu-west,2025.01,2709.89,0.013147,204.64,585.76
evt-catalog-eu-west-000183,2025-01-08 15:00:00+00:00,2025-01-08 15:05:00+00:00,catalog,eu-west,2025.01,2661.07,0.01267,218.41,579.36
evt-catalog-eu-west-000184,2025-01-08 16:00:00+00:00,2025-01-08 16:05:00+00:00,catalog,eu-west,2025.01,2644.83,0.006934,218.27,591.63
evt-catalog-eu-west-000185,2025-01-08 17:00:00+00:00,2025-01-08 17:05:00+00:00,catalog,eu-west,2025.01,2300.24,0.010476,205.86,513.57
evt-catalog-eu-west-000186,2025-01-08 18:00:00+00:00,2025-01-08 18:05:00+00:00,catalog,eu-west,2025.01,2310.34,0.01118,212.84,505.38
evt-catalog-eu-west-000187,2025-01-08 19:00:00+00:00,2025-01-08 19:05:00+00:00,catalog,eu-west,2025.01,1941.39,0.012263,210.61,420.81
evt-catalog-eu-west-000188,2025-01-08 20:00:00+00:00,2025-01-08 20:05:00+00:00,catalog,eu-west,2025.01,1706.13,0.010223,221.56,387.08
evt-catalog-eu-west-000189,2025-01-08 21:00:00+00:00,2025-01-08 21:05:00+00:00,catalog,eu-west,2025.01,1568.76,0.011072,232.39,327.93
evt-catalog-eu-west-000190,2025-01-08 22:00:00+00:00,2025-01-08 22:05:00+00:00,catalog,eu-west,2025.01,1256.7,0.010664,216.73,277.99
evt-catalog-eu-west-000191,2025-01-08 23:00:00+00:00,2025-01-08 23:05:00+00:00,catalog,eu-west,2025.01,1194.57,0.01121,235.31,260.66
evt-catalog-eu-west-000192,2025-01-09 00:00:00+00:00,2025-01-09 00:05:00+00:00,catalog,eu-west,2025.01,1270.91,0.012622,242.69,267.52
evt-catalog-eu-west-000193,2025-01-09 01:00:00+00:00,2025-01-09 01:05:00+00:00,catalog,eu-west,2025.01,1342.38,0.01116,227.72,281.35
evt-catalog-eu-west-000194,2025-01-09 02:00:00+00:00,2025-01-09 02:05:00+00:00,catalog,eu-west,2025.01,1584.52,0.010912,248.91,338.04
evt-catalog-eu-west-000195,2025-01-09 03:00:00+00:00,2025-01-09 03:05:00+00:00,catalog,eu-west,2025.01,1616.65,0.012679,227.53,361.86
evt-catalog-eu-west-000196,2025-01-09 04:00:00+00:00,2025-01-09 04:05:00+00:00,catalog,eu-west,2025.01,1705.21,0.010346,215.7,375.69
evt-catalog-eu-west-000197,2025-01-09 05:00:00+00:00,2025-01-09 05:05:00+00:00,catalog,eu-west,2025.01,1698.3,0.01156,231.12,387.66
evt-catalog-eu-west-000198,2025-01-09 06:00:00+00:00,2025-01-09 06:05:00+00:00,catalog,eu-west,2025.01,1833.45,0.012333,211.59,401.32
evt-catalog-eu-west-000199,2025-01-09 07:00:00+00:00,2025-01-09 07:05:00+00:00,catalog,eu-west,2025.01,1822.18,0.009521,204.37,409.54
evt-catalog-eu-west-000200,2025-01-09 08:00:00+00:00,2025-01-09 08:05:00+00:00,catalog,eu-west,2025.01,1999.55,0.011646,212.57,428.44
evt-catalog-eu-west-000201,2025-01-09 09:00:00+00:00,2025-01-09 09:05:00+00:00,catalog,eu-west,2025.01,2105.37,0.00969,212.98,464.6
evt-catalog-eu-west-000202,2025-01-09 10:00:00+00:00,2025-01-09 10:05:00+00:00,catalog,eu-west,2025.01,2279.2,0.010886,203.87,506.02
evt-catalog-eu-west-000203,2025-01-09 11:00:00+00:00,2025-01-09 11:05:00+00:00,catalog,eu-west,2025.01,2443.47,0.012742,189.88,533.15
evt-catalog-eu-west-000204,2025-01-09 12:00:00+00:00,2025-01-09 12:05:00+00:00,catalog,eu-west,2025.01,2532.53,0.009474,199.38,576.7
evt-catalog-eu-west-000205,2025-01-09 13:00:00+00:00,2025-01-09 13:05:00+00:00,catalog,eu-west,2025.01,2691.49,0.01166,209.73,596.41
evt-catalog-eu-west-000206,2025-01-09 14:00:00+00:00,2025-01-09 14:05:00+00:00,catalog,eu-west,2025.01,2601.29,0.01041,191.2,580.7
evt-catalog-eu-west-000207,2025-01-09 15:00:00+00:00,2025-01-09 15:05:00+00:00,catalog,eu-west,2025.01,2709.91,0.009094,201.51,596.72
evt-catalog-eu-west-000208,2025-01-09 16:00:00+00:00,2025-01-09 16:05:00+00:00,catalog,eu-west,2025.01,2535.99,0.008928,202.34,555.9
evt-catalog-eu-west-000209,2025-01-09 17:00:00+00:00,2025-01-09 17:05:00+00:00,catalog,eu-west,2025.01,2529.3,0.012702,199.21,546.28
evt-catalog-eu-west-000210,2025-01-09 18:00:00+00:00,2025-01-09 18:05:00+00:00,catalog,eu-west,2025.01,2026.46,0.007621,208.48,436.24
evt-catalog-eu-west-000211,2025-01-09 19:00:00+00:00,2025-01-09 19:05:00+00:00,catalog,eu-west,2025.01,1777.2,0.012473,212.58,389.12
evt-catalog-eu-west-000212,2025-01-09 20:00:00+00:00,2025-01-09 20:05:00+00:00,catalog,eu-west,2025.01,1694.07,0.008797,208.54,381.08
evt-catalog-eu-west-000213,2025-01-09 21:00:00+00:00,2025-01-09 21:05:00+00:00,catalog,eu-west,2025.01,1377.01,0.012636,222.0,299.1
evt-catalog-eu-west-000214,2025-01-09 22:00:00+00:00,2025-01-09 22:05:00+00:00,catalog,eu-west,2025.01,1273.18,0.011626,217.15,279.47
evt-catalog-eu-west-000215,2025-01-09 23:00:00+00:00,2025-01-09 23:05:00+00:00,catalog,eu-west,2025.01,1160.33,0.013882,239.08,250.27
evt-catalog-eu-west-000216,2025-01-10 00:00:00+00:00,2025-01-10 00:05:00+00:00,catalog,eu-west,2025.01,1196.59,0.011069,233.0,268.4
evt-catalog-eu-west-000217,2025-01-10 01:00:00+00:00,2025-01-10 01:05:00+00:00,catalog,eu-west,2025.01,1353.04,0.014528,234.63,308.79
evt-catalog-eu-west-000218,2025-01-10 02:00:00+00:00,2025-01-10 02:05:00+00:00,catalog,eu-west,2025.01,1311.75,0.010783,220.63,300.61
evt-catalog-eu-west-000219,2025-01-10 03:00:00+00:00,2025-01-10 03:05:00+00:00,catalog,eu-west,2025.01,1525.13,0.012556,214.28,343.34
evt-catalog-eu-west-000220,2025-01-10 04:00:00+00:00,2025-01-10 04:05:00+00:00,catalog,eu-west,2025.01,1537.56,0.010646,210.67,328.6
evt-catalog-eu-west-000221,2025-01-10 05:00:00+00:00,2025-01-10 05:05:00+00:00,catalog,eu-west,2025.01,1715.57,0.008823,215.16,386.25
evt-catalog-eu-west-000222,2025-01-10 06:00:00+00:00,2025-01-10 06:05:00+00:00,catalog,eu-west,2025.01,1804.58,0.011405,224.6,408.4
evt-catalog-eu-west-000223,2025-01-10 07:00:00+00:00,2025-01-10 07:05:00+00:00,catalog,eu-west,2025.01,1883.01,0.008837,216.13,391.49
evt-catalog-eu-west-000224,2025-01-10 08:00:00+00:00,2025-01-10 08:05:00+00:00,catalog,eu-west,2025.01,2048.13,0.010113,214.77,439.55
evt-catalog-eu-west-000225,2025-01-10 09:00:00+00:00,2025-01-10 09:05:00+00:00,catalog,eu-west,2025.01,2118.58,0.013949,193.53,481.57
evt-catalog-eu-west-000226,2025-01-10 10:00:00+00:00,2025-01-10 10:05:00+00:00,catalog,eu-west,2025.01,2164.14,0.008969,230.3,485.27
evt-catalog-eu-west-000227,2025-01-10 11:00:00+00:00,2025-01-10 11:05:00+00:00,catalog,eu-west,2025.01,2466.62,0.010673,194.21,548.68
evt-catalog-eu-west-000228,2025-01-10 12:00:00+00:00,2025-01-10 12:05:00+00:00,catalog,eu-west,2025.01,2550.93,0.010561,206.12,564.47
evt-catalog-eu-west-000229,2025-01-10 13:00:00+00:00,2025-01-10 13:05:00+00:00,catalog,eu-west,2025.01,2608.82,0.011378,210.92,555.55
evt-catalog-eu-west-000230,2025-01-10 14:00:00+00:00,2025-01-10 14:05:00+00:00,catalog,eu-west,2025.01,2735.52,0.014551,194.9,616.94
evt-catalog-eu-west-000231,2025-01-10 15:00:00+00:00,2025-01-10 15:05:00+00:00,catalog,eu-west,2025.01,2659.72,0.010458,204.72,585.44
evt-catalog-eu-west-000232,2025-01-10 16:00:00+00:00,2025-01-10 16:05:00+00:00,catalog,eu-west,2025.01,2491.34,0.010593,199.16,555.3
evt-catalog-eu-west-000233,2025-01-10 17:00:00+00:00,2025-01-10 17:05:00+00:00,catalog,eu-west,2025.01,2392.96,0.010894,221.37,529.33
evt-catalog-eu-west-000234,2025-01-10 18:00:00+00:00,2025-01-10 18:05:00+00:00,catalog,eu-west,2025.01,2157.24,0.011715,211.77,465.77
evt-catalog-eu-west-000235,2025-01-10 19:00:00+00:00,2025-01-10 19:05:00+00:00,catalog,eu-west,2025.01,1889.31,0.009448,230.99,422.91
evt-catalog-eu-west-000236,2025-01-10 20:00:00+00:00,2025-01-10 20:05:00+00:00,catalog,eu-west,2025.01,1532.76,0.011133,217.25,323.97
evt-catalog-eu-west-000237,2025-01-10 21:00:00+00:00,2025-01-10 21:05:00+00:00,catalog,eu-west,2025.01,1447.5,0.011841,228.55,319.75
evt-catalog-eu-west-000238,2025-01-10 22:00:00+00:00,2025-01-10 22:05:00+00:00,catalog,eu-west,2025.01,1301.25,0.015024,218.14,282.85
evt-catalog-eu-west-000239,2025-01-10 23:00:00+00:00,2025-01-10 23:05:00+00:00,catalog,eu-west,2025.01,1369.19,0.014953,234.14,310.74
evt-catalog-eu-west-000240,2025-01-11 00:00:00+00:00,2025-01-11 00:05:00+00:00,catalog,eu-west,2025.01,1079.18,0.012999,225.82,240.96
evt-catalog-eu-west-000241,2025-01-11 01:00:00+00:00,2025-01-11 01:05:00+00:00,catalog,eu-west,2025.01,1115.62,0.012589,228.68,245.09
evt-catalog-eu-west-000242,2025-01-11 02:00:00+00:00,2025-01-11 02:05:00+00:00,catalog,eu-west,2025.01,1224.2,0.010009,239.49,275.98
evt-catalog-eu-west-000243,2025-01-11 03:00:00+00:00,2025-01-11 03:05:00+00:00,catalog,eu-west,2025.01,1339.08,0.012143,221.21,289.41
evt-catalog-eu-west-000244,2025-01-11 04:00:00+00:00,2025-01-11 04:05:00+00:00,catalog,eu-west,2025.01,1242.11,0.008345,214.53,272.69
evt-catalog-eu-west-000245,2025-01-11 05:00:00+00:00,2025-01-11 05:05:00+00:00,catalog,eu-west,2025.01,1427.81,0.011319,217.96,316.53
evt-catalog-eu-west-000246,2025-01-11 06:00:00+00:00,2025-01-11 06:05:00+00:00,catalog,eu-west,2025.01,1551.03,0.012188,196.57,344.64
evt-catalog-eu-west-000247,2025-01-11 07:00:00+00:00,2025-01-11 07:05:00+00:00,catalog,eu-west,2025.01,1632.47,0.010814,216.35,361.66
evt-catalog-eu-west-000248,2025-01-11 08:00:00+00:00,2025-01-11 08:05:00+00:00,catalog,eu-west,2025.01,1619.43,0.010155,201.11,365.94
evt-catalog-eu-west-000249,2025-01-11 09:00:00+00:00,2025-01-11 09:05:00+00:00,catalog,eu-west,2025.01,1732.65,0.009167,203.32,368.11
evt-catalog-eu-west-000250,2025-01-11 10:00:00+00:00,2025-01-11 10:05:00+00:00,catalog,eu-west,2025.01,2040.54,0.009814,207.13,458.8
evt-catalog-eu-west-000251,2025-01-11 11:00:00+00:00,2025-01-11 11:05:00+00:00,catalog,eu-west,2025.01,1975.52,0.015602,191.89,431.44
evt-catalog-eu-west-000252,2025-01-11 12:00:00+00:00,2025-01-11 12:05:00+00:00,catalog,eu-west,2025.01,2177.66,0.01028,211.79,485.7
evt-catalog-eu-west-000253,2025-01-11 13:00:00+00:00,2025-01-11 13:05:00+00:00,catalog,eu-west,2025.01,2441.46,0.013137,207.29,559.49
evt-catalog-eu-west-000254,2025-01-11 14:00:00+00:00,2025-01-11 14:05:00+00:00,catalog,eu-west,2025.01,2189.58,0.010721,197.29,480.08
evt-catalog-eu-west-000255,2025-01-11 15:00:00+00:00,2025-01-11 15:05:00+00:00,catalog,eu-west,2025.01,2159.4,0.011074,195.92,482.32
evt-catalog-eu-west-000256,2025-01-11 16:00:00+00:00,2025-01-11 16:05:00+00:00,catalog,eu-west,2025.01,2019.69,0.008895,200.24,436.52
evt-catalog-eu-west-000257,2025-01-11 17:00:00+00:00,2025-01-11 17:05:00+00:00,catalog,eu-west,2025.01,1968.4,0.01515,209.25,461.39
evt-catalog-eu-west-000258,2025-01-11 18:00:00+00:00,2025-01-11 18:05:00+00:00,catalog,eu-west,2025.01,1587.91,0.008544,202.98,359.57
evt-catalog-eu-west-000259,2025-01-11 19:00:00+00:00,2025-01-11 19:05:00+00:00,catalog,eu-west,2025.01,1462.89,0.009251,218.62,320.95
evt-catalog-eu-west-000260,2025-01-11 20:00:00+00:00,2025-01-11 20:05:00+00:00,catalog,eu-west,2025.01,1307.12,0.011368,220.41,282.35
evt-catalog-eu-west-000261,2025-01-11 21:00:00+00:00,2025-01-11 21:05:00+00:00,catalog,eu-west,2025.01,1226.66,0.010109,219.7,264.47
evt-catalog-eu-west-000262,2025-01-11 22:00:00+00:00,2025-01-11 22:05:00+00:00,catalog,eu-west,2025.01,972.18,0.010824,233.37,213.2
evt-catalog-eu-west-000263,2025-01-11 23:00:00+00:00,2025-01-11 23:05:00+00:00,catalog,eu-west,2025.01,1189.92,0.010299,231.04,253.57
evt-catalog-eu-west-000264,2025-01-12 00:00:00+00:00,2025-01-12 00:05:00+00:00,catalog,eu-west,2025.01,1106.24,0.013147,231.71,240.68
evt-catalog-eu-west-000265,2025-01-12 01:00:00+00:00,2025-01-12 01:05:00+00:00,catalog,eu-west,2025.01,1220.02,0.014799,210.12,265.77
evt-catalog-eu-west-000266,2025-01-12 02:00:00+00:00,2025-01-12 02:05:00+00:00,catalog,eu-west,2025.01,1142.31,0.013478,224.04,249.24
evt-catalog-eu-west-000267,2025-01-12 03:00:00+00:00,2025-01-12 03:05:00+00:00,catalog,eu-west,2025.01,1307.42,0.013727,217.43,288.07
evt-catalog-eu-west-000268,2025-01-12 04:00:00+00:00,2025-01-12 04:05:00+00:00,catalog,eu-west,2025.01,1342.8,0.015291,221.52,291.54
evt-catalog-eu-west-000269,2025-01-12 05:00:00+00:00,2025-01-12 05:05:00+00:00,catalog,eu-west,2025.01,1481.69,0.010241,218.85,329.5
evt-catalog-eu-west-000270,2025-01-12 06:00:00+00:00,2025-01-12 06:05:00+00:00,catalog,eu-west,2025.01,1517.37,0.014264,203.03,328.51
evt-catalog-eu-west-000271,2025-01-12 07:00:00+00:00,2025-01-12 07:05:00+00:00,catalog,eu-west,2025.01,1524.66,0.009071,224.02,332.86
evt-catalog-eu-west-000272,2025-01-12 08:00:00+00:00,2025-01-12 08:05:00+00:00,catalog,eu-west,2025.01,1715.7,0.013159,202.17,367.35
evt-catalog-eu-west-000273,2025-01-12 09:00:00+00:00,2025-01-12 09:05:00+00:00,catalog,eu-west,2025.01,1881.99,0.009418,227.84,422.19
evt-catalog-eu-west-000274,2025-01-12 10:00:00+00:00,2025-01-12 10:05:00+00:00,catalog,eu-west,2025.01,1898.37,0.013641,209.88,420.7
evt-catalog-eu-west-000275,2025-01-12 11:00:00+00:00,2025-01-12 11:05:00+00:00,catalog,eu-west,2025.01,1980.35,0.008525,201.83,455.93
evt-catalog-eu-west-000276,2025-01-12 12:00:00+00:00,2025-01-12 12:05:00+00:00,catalog,eu-west,2025.01,2020.84,0.009999,192.47,438.34
evt-catalog-eu-west-000277,2025-01-12 13:00:00+00:00,2025-01-12 13:05:00+00:00,catalog,eu-west,2025.01,2160.35,0.009666,214.26,469.41
evt-catalog-eu-west-000278,2025-01-12 14:00:00+00:00,2025-01-12 14:05:00+00:00,catalog,eu-west,2025.01,2329.63,0.008439,222.85,528.9
evt-catalog-eu-west-000279,2025-01-12 15:00:00+00:00,2025-01-12 15:05:00+00:00,catalog,eu-west,2025.01,2265.98,0.011795,205.01,506.99
evt-catalog-eu-west-000280,2025-01-12 16:00:00+00:00,2025-01-12 16:05:00+00:00,catalog,eu-west,2025.01,2021.41,0.008803,197.98,456.19
evt-catalog-eu-west-000281,2025-01-12 17:00:00+00:00,2025-01-12 17:05:00+00:00,catalog,eu-west,2025.01,1882.23,0.010685,219.52,411.54
evt-catalog-eu-west-000282,2025-01-12 18:00:00+00:00,2025-01-12 18:05:00+00:00,catalog,eu-west,2025.01,1716.43,0.010877,199.99,387.24
evt-catalog-eu-west-000283,2025-01-12 19:00:00+00:00,2025-01-12 19:05:00+00:00,catalog,eu-west,2025.01,1632.18,0.011818,211.26,356.99
evt-catalog-eu-west-000284,2025-01-12 20:00:00+00:00,2025-01-12 20:05:00+00:00,catalog,eu-west,2025.01,1467.65,0.012255,207.65,309.26
evt-catalog-eu-west-000285,2025-01-12 21:00:00+00:00,2025-01-12 21:05:00+00:00,catalog,eu-west,2025.01,1161.87,0.012447,234.73,246.56
evt-catalog-eu-west-000286,2025-01-12 22:00:00+00:00,2025-01-12 22:05:00+00:00,catalog,eu-west,2025.01,1094.52,0.010106,214.02,247.56
evt-catalog-eu-west-000287,2025-01-12 23:00:00+00:00,2025-01-12 23:05:00+00:00,catalog,eu-west,2025.01,1117.91,0.012244,229.56,249.97
evt-catalog-eu-west-000288,2025-01-13 00:00:00+00:00,2025-01-13 00:05:00+00:00,catalog,eu-west,2025.01,1399.12,0.010157,234.69,304.57
evt-catalog-eu-west-000289,2025-01-13 01:00:00+00:00,2025-01-13 01:05:00+00:00,catalog,eu-west,2025.01,1528.77,0.009687,224.88,344.68
evt-catalog-eu-west-000290,2025-01-13 02:00:00+00:00,2025-01-13 02:05:00+00:00,catalog,eu-west,2025.01,1484.2,0.010069,230.55,329.97
evt-catalog-eu-west-000291,2025-01-13 03:00:00+00:00,2025-01-13 03:05:00+00:00,catalog,eu-west,2025.01,1501.42,0.010922,231.55,322.56
evt-catalog-eu-west-000292,2025-01-13 04:00:00+00:00,2025-01-13 04:05:00+00:00,catalog,eu-west,2025.01,1727.89,0.012783,230.91,373.21
evt-catalog-eu-west-000293,2025-01-13 05:00:00+00:00,2025-01-13 05:05:00+00:00,catalog,eu-west,2025.01,1670.59,0.011238,213.61,375.9
evt-catalog-eu-west-000294,2025-01-13 06:00:00+00:00,2025-01-13 06:05:00+00:00,catalog,eu-west,2025.01,1800.32,0.009839,229.63,389.1
evt-catalog-eu-west-000295,2025-01-13 07:00:00+00:00,2025-01-13 07:05:00+00:00,catalog,eu-west,2025.01,1908.64,0.010556,207.61,425.7
evt-catalog-eu-west-000296,2025-01-13 08:00:00+00:00,2025-01-13 08:05:00+00:00,catalog,eu-west,2025.01,2169.37,0.009304,222.16,480.77
evt-catalog-eu-west-000297,2025-01-13 09:00:00+00:00,2025-01-13 09:05:00+00:00,catalog,eu-west,2025.01,2201.83,0.011929,222.12,477.09
evt-catalog-eu-west-000298,2025-01-13 10:00:00+00:00,2025-01-13 10:05:00+00:00,catalog,eu-west,2025.01,2315.97,0.0147,211.09,505.53
evt-catalog-eu-west-000299,2025-01-13 11:00:00+00:00,2025-01-13 11:05:00+00:00,catalog,eu-west,2025.01,2478.2,0.009688,199.06,550.66
evt-catalog-eu-west-000300,2025-01-13 12:00:00+00:00,2025-01-13 12:05:00+00:00,catalog,eu-west,2025.01,2635.64,0.010081,210.5,578.81
evt-catalog-eu-west-000301,2025-01-13 13:00:00+00:00,2025-01-13 13:05:00+00:00,catalog,eu-west,2025.01,2631.8,0.013972,,579.48
evt-catalog-eu-west-000302,2025-01-13 14:00:00+00:00,2025-01-13 14:05:00+00:00,catalog,eu-west,2025.01,2774.57,0.009965,207.69,616.68
evt-catalog-eu-west-000303,2025-01-13 15:00:00+00:00,2025-01-13 15:05:00+00:00,catalog,eu-west,2025.01,2711.98,0.009194,198.33,580.79
evt-catalog-eu-west-000304,2025-01-13 16:00:00+00:00,2025-01-13 16:05:00+00:00,catalog,eu-west,2025.01,2450.79,0.009882,217.65,523.77
evt-catalog-eu-west-000305,2025-01-13 17:00:00+00:00,2025-01-13 17:05:00+00:00,catalog,eu-west,2025.01,2375.39,0.011378,196.94,521.32
evt-catalog-eu-west-000306,2025-01-13 18:00:00+00:00,2025-01-13 18:05:00+00:00,catalog,eu-west,2025.01,2022.21,0.010672,211.3,440.16
evt-catalog-eu-west-000307,2025-01-13 19:00:00+00:00,2025-01-13 19:05:00+00:00,catalog,eu-west,2025.01,1842.91,0.009412,209.36,406.43
evt-catalog-eu-west-000308,2025-01-13 20:00:00+00:00,2025-01-13 20:05:00+00:00,catalog,eu-west,2025.01,1637.81,0.009782,232.45,359.85
evt-catalog-eu-west-000309,2025-01-13 21:00:00+00:00,2025-01-13 21:05:00+00:00,catalog,eu-west,2025.01,1490.78,0.009185,210.83,339.04
evt-catalog-eu-west-000310,2025-01-13 22:00:00+00:00,2025-01-13 22:05:00+00:00,catalog,eu-west,2025.01,1446.38,0.010798,220.93,321.51
evt-catalog-eu-west-000311,2025-01-13 23:00:00+00:00,2025-01-13 23:05:00+00:00,catalog,eu-west,2025.01,1228.39,0.012698,219.7,255.79
evt-catalog-eu-west-000312,2025-01-14 00:00:00+00:00,2025-01-14 00:05:00+00:00,catalog,eu-west,2025.01,1302.13,0.012198,226.74,282.81
evt-catalog-eu-west-000313,2025-01-14 01:00:00+00:00,2025-01-14 01:05:00+00:00,catalog,eu-west,2025.01,1337.62,0.013159,226.59,292.88
evt-catalog-eu-west-000314,2025-01-14 02:00:00+00:00,2025-01-14 02:05:00+00:00,catalog,eu-west,2025.01,1491.32,0.009956,209.24,334.05
evt-catalog-eu-west-000315,2025-01-14 03:00:00+00:00,2025-01-14 03:05:00+00:00,catalog,eu-west,2025.01,1635.55,0.010102,216.41,362.17
evt-catalog-eu-west-000316,2025-01-14 04:00:00+00:00,2025-01-14 04:05:00+00:00,catalog,eu-west,2025.01,1475.56,0.008617,231.8,324.74
evt-catalog-eu-west-000317,2025-01-14 05:00:00+00:00,2025-01-14 05:05:00+00:00,catalog,eu-west,2025.01,1799.89,0.013692,247.28,389.0
evt-catalog-eu-west-000318,2025-01-14 06:00:00+00:00,2025-01-14 06:05:00+00:00,catalog,eu-west,2025.01,1736.64,0.01166,214.92,357.55
evt-catalog-eu-west-000319,2025-01-14 07:00:00+00:00,2025-01-14 07:05:00+00:00,catalog,eu-west,2025.01,1763.32,0.00924,201.16,382.49
evt-catalog-eu-west-000320,2025-01-14 08:00:00+00:00,2025-01-14 08:05:00+00:00,catalog,eu-west,2025.01,2060.91,0.009183,207.68,454.81
evt-catalog-eu-west-000321,2025-01-14 09:00:00+00:00,2025-01-14 09:05:00+00:00,catalog,eu-west,2025.01,2195.24,0.011056,212.64,475.02
evt-catalog-eu-west-000322,2025-01-14 10:00:00+00:00,2025-01-14 10:05:00+00:00,catalog,eu-west,2025.01,2224.57,0.014506,221.62,488.88
evt-catalog-eu-west-000323,2025-01-14 11:00:00+00:00,2025-01-14 11:05:00+00:00,catalog,eu-west,2025.01,2526.71,0.011647,202.54,545.49
evt-catalog-eu-west-000324,2025-01-14 12:00:00+00:00,2025-01-14 12:05:00+00:00,catalog,eu-west,2025.01,2559.77,0.010328,209.23,575.3
evt-catalog-eu-west-000325,2025-01-14 13:00:00+00:00,2025-01-14 13:05:00+00:00,catalog,eu-west,2025.01,2685.87,0.011191,209.2,572.43
evt-catalog-eu-west-000326,2025-01-14 14:00:00+00:00,2025-01-14 14:05:00+00:00,catalog,eu-west,2025.01,2819.62,0.01039,192.61,624.35
evt-catalog-eu-west-000327,2025-01-14 15:00:00+00:00,2025-01-14 15:05:00+00:00,catalog,eu-west,2025.01,2587.38,0.011905,215.75,585.41
evt-catalog-eu-west-000328,2025-01-14 16:00:00+00:00,2025-01-14 16:05:00+00:00,catalog,eu-west,2025.01,2515.68,0.012282,201.81,536.69
evt-catalog-eu-west-000329,2025-01-14 17:00:00+00:00,2025-01-14 17:05:00+00:00,catalog,eu-west,2025.01,2388.37,0.009829,211.14,523.78
evt-catalog-eu-west-000330,2025-01-14 18:00:00+00:00,2025-01-14 18:05:00+00:00,catalog,eu-west,2025.01,2128.69,0.006844,213.32,476.83
evt-catalog-eu-west-000331,2025-01-14 19:00:00+00:00,2025-01-14 19:05:00+00:00,catalog,eu-west,2025.01,1774.4,0.008276,205.62,385.0
evt-catalog-eu-west-000332,2025-01-14 20:00:00+00:00,2025-01-14 20:05:00+00:00,catalog,eu-west,2025.01,1785.33,0.01217,228.1,382.24
evt-catalog-eu-west-000333,2025-01-14 21:00:00+00:00,2025-01-14 21:05:00+00:00,catalog,eu-west,2025.01,1596.11,0.010576,225.64,348.4
evt-catalog-eu-west-000334,2025-01-14 22:00:00+00:00,2025-01-14 22:05:00+00:00,catalog,eu-west,2025.01,1262.38,0.009608,234.29,272.31
evt-catalog-eu-west-000335,2025-01-14 23:00:00+00:00,2025-01-14 23:05:00+00:00,catalog,eu-west,2025.01,1253.62,0.012837,223.93,270.29
evt-catalog-us-east-000000,2025-01-01 00:00:00+00:00,2025-01-01 00:05:00+00:00,catalog,us-east,2025.01,1619.68,0.014096,217.19,354.33
evt-catalog-us-east-000001,2025-01-01 01:00:00+00:00,2025-01-01 01:05:00+00:00,catalog,us-east,2025.01,1782.26,0.011208,220.77,386.7
evt-catalog-us-east-000002,2025-01-01 02:00:00+00:00,2025-01-01 02:05:00+00:00,catalog,us-east,2025.01,1871.2,0.010761,225.52,409.91
evt-catalog-us-east-000003,2025-01-01 03:00:00+00:00,2025-01-01 03:05:00+00:00,catalog,us-east,2025.01,1914.75,0.011907,229.26,429.88
evt-catalog-us-east-000004,2025-01-01 04:00:00+00:00,2025-01-01 04:05:00+00:00,catalog,us-east,2025.01,1799.61,0.013199,228.0,381.54
evt-catalog-us-east-000005,2025-01-01 05:00:00+00:00,2025-01-01 05:05:00+00:00,catalog,us-east,2025.01,1743.34,0.006397,223.68,380.78
evt-catalog-us-east-000006,2025-01-01 06:00:00+00:00,2025-01-01 06:05:00+00:00,catalog,us-east,2025.01,2078.89,0.010737,218.84,457.05
evt-catalog-us-east-000007,2025-01-01 07:00:00+00:00,2025-01-01 07:05:00+00:00,catalog,us-east,2025.01,2123.51,0.011723,204.57,459.85
evt-catalog-us-east-000008,2025-01-01 08:00:00+00:00,2025-01-01 08:05:00+00:00,catalog,us-east,2025.01,2295.47,0.010801,216.52,504.94
evt-catalog-us-east-000009,2025-01-01 09:00:00+00:00,2025-01-01 09:05:00+00:00,catalog,us-east,2025.01,2430.76,0.010501,220.69,554.53
evt-catalog-us-east-000010,2025-01-01 10:00:00+00:00,2025-01-01 10:05:00+00:00,catalog,us-east,2025.01,2787.27,0.009726,219.11,611.78
evt-catalog-us-east-000011,2025-01-01 11:00:00+00:00,2025-01-01 11:05:00+00:00,catalog,us-east,2025.01,2961.67,0.011643,211.14,670.69
evt-catalog-us-east-000012,2025-01-01 12:00:00+00:00,2025-01-01 12:05:00+00:00,catalog,us-east,2025.01,3007.3,0.009033,202.81,672.86
evt-catalog-us-east-000013,2025-01-01 13:00:00+00:00,2025-01-01 13:05:00+00:00,catalog,us-east,2025.01,3143.62,0.010449,212.84,679.22
evt-catalog-us-east-000014,2025-01-01 14:00:00+00:00,2025-01-01 14:05:00+00:00,catalog,us-east,2025.01,3257.71,0.012817,201.48,721.16
evt-catalog-us-east-000015,2025-01-01 15:00:00+00:00,2025-01-01 15:05:00+00:00,catalog,us-east,2025.01,3023.06,0.011919,209.47,642.77
evt-catalog-us-east-000016,2025-01-01 16:00:00+00:00,2025-01-01 16:05:00+00:00,catalog,us-east,2025.01,2901.09,0.00827,202.08,637.45
evt-catalog-us-east-000017,2025-01-01 17:00:00+00:00,2025-01-01 17:05:00+00:00,catalog,us-east,2025.01,2825.72,0.008158,191.48,623.31
evt-catalog-us-east-000018,2025-01-01 18:00:00+00:00,2025-01-01 18:05:00+00:00,catalog,us-east,2025.01,2434.2,0.01146,220.62,539.68
evt-catalog-us-east-000019,2025-01-01 19:00:00+00:00,2025-01-01 19:05:00+00:00,catalog,us-east,2025.01,2308.86,0.012522,222.21,513.17
evt-catalog-us-east-000020,2025-01-01 20:00:00+00:00,2025-01-01 20:05:00+00:00,catalog,us-east,2025.01,1932.92,0.012221,219.47,401.61
evt-catalog-us-east-000021,2025-01-01 21:00:00+00:00,2025-01-01 21:05:00+00:00,catalog,us-east,2025.01,1672.1,0.010024,228.43,374.17
evt-catalog-us-east-000022,2025-01-01 22:00:00+00:00,2025-01-01 22:05:00+00:00,catalog,us-east,2025.01,1581.05,0.013227,231.94,327.61
evt-catalog-us-east-000023,2025-01-01 23:00:00+00:00,2025-01-01 23:05:00+00:00,catalog,us-east,2025.01,1606.13,0.013024,242.82,358.57
evt-catalog-us-east-000024,2025-01-02 00:00:00+00:00,2025-01-02 00:05:00+00:00,catalog,us-east,2025.01,1348.91,0.010079,220.8,309.4
evt-catalog-us-east-000025,2025-01-02 01:00:00+00:00,2025-01-02 01:05:00+00:00,catalog,us-east,2025.01,1452.38,0.011799,233.86,316.99
evt-catalog-us-east-000026,2025-01-02 02:00:00+00:00,2025-01-02 02:05:00+00:00,catalog,us-east,2025.01,1644.12,0.008845,221.57,368.31
evt-catalog-us-east-000027,2025-01-02 03:00:00+00:00,2025-01-02 03:05:00+00:00,catalog,us-east,2025.01,1842.44,0.011505,220.85,394.43
evt-catalog-us-east-000028,2025-01-02 04:00:00+00:00,2025-01-02 04:05:00+00:00,catalog,us-east,2025.01,2000.45,0.010996,210.0,450.65
evt-catalog-us-east-000029,2025-01-02 05:00:00+00:00,2025-01-02 05:05:00+00:00,catalog,us-east,2025.01,2069.75,0.009979,208.07,461.87
evt-catalog-us-east-000030,2025-01-02 06:00:00+00:00,2025-01-02 06:05:00+00:00,catalog,us-east,2025.01,2207.23,0.010096,210.4,491.18
evt-catalog-us-east-000031,2025-01-02 07:00:00+00:00,2025-01-02 07:05:00+00:00,catalog,us-east,2025.01,2278.92,0.00957,204.94,498.46
evt-catalog-us-east-000032,2025-01-02 08:00:00+00:00,2025-01-02 08:05:00+00:00,catalog,us-east,2025.01,2434.12,0.013326,214.14,517.38
evt-catalog-us-east-000033,2025-01-02 09:00:00+00:00,2025-01-02 09:05:00+00:00,catalog,us-east,2025.01,2444.08,0.010295,206.64,533.42
evt-catalog-us-east-000034,2025-01-02 10:00:00+00:00,2025-01-02 10:05:00+00:00,catalog,us-east,2025.01,2607.16,0.014949,220.63,566.25
evt-catalog-us-east-000035,2025-01-02 11:00:00+00:00,2025-01-02 11:05:00+00:00,catalog,us-east,2025.01,2845.95,0.009664,192.36,623.79
evt-catalog-us-east-000036,2025-01-02 12:00:00+00:00,2025-01-02 12:05:00+00:00,catalog,us-east,2025.01,3040.84,0.009513,211.55,674.22
evt-catalog-us-east-000037,2025-01-02 13:00:00+00:00,2025-01-02 13:05:00+00:00,catalog,us-east,2025.01,3110.26,0.014664,214.03,691.12
evt-catalog-us-east-000038,2025-01-02 14:00:00+00:00,2025-01-02 14:05:00+00:00,catalog,us-east,2025.01,3144.17,0.012322,212.41,689.16
evt-catalog-us-east-000039,2025-01-02 15:00:00+00:00,2025-01-02 15:05:00+00:00,catalog,us-east,2025.01,3063.96,0.0103,192.13,663.43
evt-catalog-us-east-000040,2025-01-02 16:00:00+00:00,2025-01-02 16:05:00+00:00,catalog,us-east,2025.01,3008.23,0.011976,199.39,678.55
evt-catalog-us-east-000041,2025-01-02 17:00:00+00:00,2025-01-02 17:05:00+00:00,catalog,us-east,2025.01,2716.85,0.009865,203.43,618.01
evt-catalog-us-east-000042,2025-01-02 18:00:00+00:00,2025-01-02 18:05:00+00:00,catalog,us-east,2025.01,2482.28,0.008591,218.7,566.23
evt-catalog-us-east-000043,2025-01-02 19:00:00+00:00,2025-01-02 19:05:00+00:00,catalog,us-east,2025.01,2111.05,0.006682,221.45,470.2
evt-catalog-us-east-000044,2025-01-02 20:00:00+00:00,2025-01-02 20:05:00+00:00,catalog,us-east,2025.01,1878.61,0.011147,210.4,423.12
evt-catalog-us-east-000045,2025-01-02 21:00:00+00:00,2025-01-02 21:05:00+00:00,catalog,us-east,2025.01,1596.06,0.012048,220.38,349.73
evt-catalog-us-east-000046,2025-01-02 22:00:00+00:00,2025-01-02 22:05:00+00:00,catalog,us-east,2025.01,1665.89,0.013618,222.68,376.0
evt-catalog-us-east-000047,2025-01-02 23:00:00+00:00,2025-01-02 23:05:00+00:00,catalog,us-east,2025.01,1622.42,0.013303,237.15,361.67
evt-catalog-us-east-000048,2025-01-03 00:00:00+00:00,2025-01-03 00:05:00+00:00,catalog,us-east,2025.01,1622.08,0.013283,225.99,373.25
evt-catalog-us-east-000049,2025-01-03 01:00:00+00:00,2025-01-03 01:05:00+00:00,catalog,us-east,2025.01,1571.54,0.009944,218.55,356.18
evt-catalog-us-east-000050,2025-01-03 02:00:00+00:00,2025-01-03 02:05:00+00:00,catalog,us-east,2025.01,1622.26,0.009492,219.93,343.14
evt-catalog-us-east-000051,2025-01-03 03:00:00+00:00,2025-01-03 03:05:00+00:00,catalog,us-east,2025.01,1825.87,0.011477,226.63,410.35
evt-catalog-us-east-000052,2025-01-03 04:00:00+00:00,2025-01-03 04:05:00+00:00,catalog,us-east,2025.01,2028.25,0.010852,216.88,426.9
evt-catalog-us-east-000053,2025-01-03 05:00:00+00:00,2025-01-03 05:05:00+00:00,catalog,us-east,2025.01,1948.24,0.012694,221.42,432.66
evt-catalog-us-east-000054,2025-01-03 06:00:00+00:00,2025-01-03 06:05:00+00:00,catalog,us-east,2025.01,2110.49,0.008963,228.86,480.51
evt-catalog-us-east-000055,2025-01-03 07:00:00+00:00,2025-01-03 07:05:00+00:00,catalog,us-east,2025.01,2248.82,0.01228,219.66,499.19
evt-catalog-us-east-000056,2025-01-03 08:00:00+00:00,2025-01-03 08:05:00+00:00,catalog,us-east,2025.01,2364.08,0.010555,206.07,518.97
evt-catalog-us-east-000057,2025-01-03 09:00:00+00:00,2025-01-03 09:05:00+00:00,catalog,us-east,2025.01,2473.25,0.010309,210.06,566.74
evt-catalog-us-east-000058,2025-01-03 10:00:00+00:00,2025-01-03 10:05:00+00:00,catalog,us-east,2025.01,2490.63,0.013185,207.51,540.06
evt-catalog-us-east-000059,2025-01-03 11:00:00+00:00,2025-01-03 11:05:00+00:00,catalog,us-east,2025.01,2845.07,0.010621,206.76,623.91
evt-catalog-us-east-000060,2025-01-03 12:00:00+00:00,2025-01-03 12:05:00+00:00,catalog,us-east,2025.01,3118.8,0.013061,188.51,690.39
evt-catalog-us-east-000061,2025-01-03 13:00:00+00:00,2025-01-03 13:05:00+00:00,catalog,us-east,2025.01,3201.9,0.008363,205.97,697.81
evt-catalog-us-east-000062,2025-01-03 14:00:00+00:00,2025-01-03 14:05:00+00:00,catalog,us-east,2025.01,3281.07,0.011521,191.9,710.29
evt-catalog-us-east-000063,2025-01-03 15:00:00+00:00,2025-01-03 15:05:00+00:00,catalog,us-east,2025.01,3006.43,0.012886,205.32,647.85
evt-catalog-us-east-000064,2025-01-03 16:00:00+00:00,2025-01-03 16:05:00+00:00,catalog,us-east,2025.01,3068.73,0.011043,212.94,683.05
evt-catalog-us-east-000065,2025-01-03 17:00:00+00:00,2025-01-03 17:05:00+00:00,catalog,us-east,2025.01,2658.0,0.009007,220.28,590.32
evt-catalog-us-east-000066,2025-01-03 18:00:00+00:00,2025-01-03 18:05:00+00:00,catalog,us-east,2025.01,2452.1,0.013233,218.46,523.99
evt-catalog-us-east-000067,2025-01-03 19:00:00+00:00,2025-01-03 19:05:00+00:00,catalog,us-east,2025.01,2167.89,0.012356,206.72,480.25
evt-catalog-us-east-000068,2025-01-03 20:00:00+00:00,2025-01-03 20:05:00+00:00,catalog,us-east,2025.01,1839.31,0.014084,229.14,396.59
evt-catalog-us-east-000069,2025-01-03 21:00:00+00:00,2025-01-03 21:05:00+00:00,catalog,us-east,2025.01,1603.12,0.010717,223.91,354.41
evt-catalog-us-east-000070,2025-01-03 22:00:00+00:00,2025-01-03 22:05:00+00:00,catalog,us-east,2025.01,1583.17,0.010574,218.82,345.52
evt-catalog-us-east-000071,2025-01-03 23:00:00+00:00,2025-01-03 23:05:00+00:00,catalog,us-east,2025.01,1425.69,0.012336,229.54,322.78
evt-catalog-us-east-000072,2025-01-04 00:00:00+00:00,2025-01-04 00:05:00+00:00,catalog,us-east,2025.01,1084.03,0.014073,244.11,237.75
evt-catalog-us-east-000073,2025-01-04 01:00:00+00:00,2025-01-04 01:05:00+00:00,catalog,us-east,2025.01,1525.61,0.011116,230.85,340.71
evt-catalog-us-east-000074,2025-01-04 02:00:00+00:00,2025-01-04 02:05:00+00:00,catalog,us-east,2025.01,1537.89,0.010301,210.12,332.11
evt-catalog-us-east-000075,2025-01-04 03:00:00+00:00,2025-01-04 03:05:00+00:00,catalog,us-east,2025.01,1362.23,0.014356,221.31,297.24
evt-catalog-us-east-000076,2025-01-04 04:00:00+00:00,2025-01-04 04:05:00+00:00,catalog,us-east,2025.01,1525.79,0.009789,212.14,331.62
evt-catalog-us-east-000077,2025-01-04 05:00:00+00:00,2025-01-04 05:05:00+00:00,catalog,us-east,2025.01,1706.67,0.013659,213.46,378.55
evt-catalog-us-east-000078,2025-01-04 06:00:00+00:00,2025-01-04 06:05:00+00:00,catalog,us-east,2025.01,1630.27,0.014059,204.47,355.36
evt-catalog-us-east-000079,2025-01-04 07:00:00+00:00,2025-01-04 07:05:00+00:00,catalog,us-east,2025.01,1726.57,0.010352,205.27,382.3
evt-catalog-us-east-000080,2025-01-04 08:00:00+00:00,2025-01-04 08:05:00+00:00,catalog,us-east,2025.01,1969.54,0.00921,211.15,431.74
evt-catalog-us-east-000081,2025-01-04 09:00:00+00:00,2025-01-04 09:05:00+00:00,catalog,us-east,2025.01,2170.02,0.015135,204.52,498.14
evt-catalog-us-east-000082,2025-01-04 10:00:00+00:00,2025-01-04 10:05:00+00:00,catalog,us-east,2025.01,2278.06,0.011031,237.19,519.18
evt-catalog-us-east-000083,2025-01-04 11:00:00+00:00,2025-01-04 11:05:00+00:00,catalog,us-east,2025.01,2185.96,0.007896,206.76,488.03
evt-catalog-us-east-000084,2025-01-04 12:00:00+00:00,2025-01-04 12:05:00+00:00,catalog,us-east,2025.01,2518.02,0.01055,191.21,567.17
evt-catalog-us-east-000085,2025-01-04 13:00:00+00:00,2025-01-04 13:05:00+00:00,catalog,us-east,2025.01,2468.93,0.01054,210.85,526.66
evt-catalog-us-east-000086,2025-01-04 14:00:00+00:00,2025-01-04 14:05:00+00:00,catalog,us-east,2025.01,2575.93,0.009358,202.41,545.47
evt-catalog-us-east-000087,2025-01-04 15:00:00+00:00,2025-01-04 15:05:00+00:00,catalog,us-east,2025.01,2485.41,0.013588,186.79,536.38
evt-catalog-us-east-000088,2025-01-04 16:00:00+00:00,2025-01-04 16:05:00+00:00,catalog,us-east,2025.01,2564.67,0.012945,215.24,580.15
evt-catalog-us-east-000089,2025-01-04 17:00:00+00:00,2025-01-04 17:05:00+00:00,catalog,us-east,2025.01,2230.3,0.008544,209.59,471.8
evt-catalog-us-east-000090,2025-01-04 18:00:00+00:00,2025-01-04 18:05:00+00:00,catalog,us-east,2025.01,1874.98,0.011039,216.1,398.53
evt-catalog-us-east-000091,2025-01-04 19:00:00+00:00,2025-01-04 19:05:00+00:00,catalog,us-east,2025.01,1681.21,0.00773,212.82,362.71
evt-catalog-us-east-000092,2025-01-04 20:00:00+00:00,2025-01-04 20:05:00+00:00,catalog,us-east,2025.01,1756.51,0.010875,227.16,384.91
evt-catalog-us-east-000093,2025-01-04 21:00:00+00:00,2025-01-04 21:05:00+00:00,catalog,us-east,2025.01,1239.58,0.008602,232.52,270.96
evt-catalog-us-east-000094,2025-01-04 22:00:00+00:00,2025-01-04 22:05:00+00:00,catalog,us-east,2025.01,1242.52,0.012169,221.68,281.46
evt-catalog-us-east-000095,2025-01-04 23:00:00+00:00,2025-01-04 23:05:00+00:00,catalog,us-east,2025.01,1138.68,0.012425,232.52,255.63
evt-catalog-us-east-000096,2025-01-05 00:00:00+00:00,2025-01-05 00:05:00+00:00,catalog,us-east,2025.01,1251.47,0.009805,216.07,277.22
evt-catalog-us-east-000097,2025-01-05 01:00:00+00:00,2025-01-05 01:05:00+00:00,catalog,us-east,2025.01,1278.49,0.010461,226.79,267.75
evt-catalog-us-east-000098,2025-01-05 02:00:00+00:00,2025-01-05 02:05:00+00:00,catalog,us-east,2025.01,1351.29,0.010838,231.55,290.74
evt-catalog-us-east-000099,2025-01-05 03:00:00+00:00,2025-01-05 03:05:00+00:00,catalog,us-east,2025.01,1553.21,0.014095,207.96,343.15
evt-catalog-us-east-000100,2025-01-05 04:00:00+00:00,2025-01-05 04:05:00+00:00,catalog,us-east,2025.01,1559.2,0.014898,211.99,330.59
evt-catalog-us-east-000101,2025-01-05 05:00:00+00:00,2025-01-05 05:05:00+00:00,catalog,us-east,2025.01,1776.32,0.011021,229.4,376.26
evt-catalog-us-east-000102,2025-01-05 06:00:00+00:00,2025-01-05 06:05:00+00:00,catalog,us-east,2025.01,1795.4,0.010952,217.13,380.98
evt-catalog-us-east-000103,2025-01-05 07:00:00+00:00,2025-01-05 07:05:00+00:00,catalog,us-east,2025.01,1711.86,0.00603,198.04,385.9
evt-catalog-us-east-000104,2025-01-05 08:00:00+00:00,2025-01-05 08:05:00+00:00,catalog,us-east,2025.01,1877.27,0.011743,219.61,406.71
evt-catalog-us-east-000105,2025-01-05 09:00:00+00:00,2025-01-05 09:05:00+00:00,catalog,us-east,2025.01,2190.12,0.010836,236.18,475.52
evt-catalog-us-east-000106,2025-01-05 10:00:00+00:00,2025-01-05 10:05:00+00:00,catalog,us-east,2025.01,2297.59,0.010824,196.12,489.61
evt-catalog-us-east-000107,2025-01-05 11:00:00+00:00,2025-01-05 11:05:00+00:00,catalog,us-east,2025.01,2192.55,0.010909,215.34,470.07
evt-catalog-us-east-000108,2025-01-05 12:00:00+00:00,2025-01-05 12:05:00+00:00,catalog,us-east,2025.01,2616.24,0.012462,209.05,583.93
evt-catalog-us-east-000109,2025-01-05 13:00:00+00:00,2025-01-05 13:05:00+00:00,catalog,us-east,2025.01,2579.73,0.013566,212.23,582.01
evt-catalog-us-east-000110,2025-01-05 14:00:00+00:00,2025-01-05 14:05:00+00:00,catalog,us-east,2025.01,2575.01,0.010304,194.32,599.13
evt-catalog-us-east-000111,2025-01-05 15:00:00+00:00,2025-01-05 15:05:00+00:00,catalog,us-east,2025.01,2498.17,0.010263,188.41,569.84
evt-catalog-us-east-000112,2025-01-05 16:00:00+00:00,2025-01-05 16:05:00+00:00,catalog,us-east,2025.01,2330.25,0.012414,191.99,519.05
evt-catalog-us-east-000113,2025-01-05 17:00:00+00:00,2025-01-05 17:05:00+00:00,catalog,us-east,2025.01,2219.98,0.01143,195.87,491.31
evt-catalog-us-east-000114,2025-01-05 18:00:00+00:00,2025-01-05 18:05:00+00:00,catalog,us-east,2025.01,1952.36,0.011753,197.18,421.93
evt-catalog-us-east-000115,2025-01-05 19:00:00+00:00,2025-01-05 19:05:00+00:00,catalog,us-east,2025.01,1943.43,0.011146,205.92,429.64
evt-catalog-us-east-000116,2025-01-05 20:00:00+00:00,2025-01-05 20:05:00+00:00,catalog,us-east,2025.01,1592.28,0.009593,226.74,359.62
evt-catalog-us-east-000117,2025-01-05 21:00:00+00:00,2025-01-05 21:05:00+00:00,catalog,us-east,2025.01,1447.1,0.012631,220.32,318.93
evt-catalog-us-east-000118,2025-01-05 22:00:00+00:00,2025-01-05 22:05:00+00:00,catalog,us-east,2025.01,1176.12,0.013778,230.02,255.9
evt-catalog-us-east-000119,2025-01-05 23:00:00+00:00,2025-01-05 23:05:00+00:00,catalog,us-east,2025.01,1336.1,0.012991,223.9,282.97
evt-catalog-us-east-000120,2025-01-06 00:00:00+00:00,2025-01-06 00:05:00+00:00,catalog,us-east,2025.01,1387.05,0.016379,221.26,308.59
evt-catalog-us-east-000121,2025-01-06 01:00:00+00:00,2025-01-06 01:05:00+00:00,catalog,us-east,2025.01,1590.34,0.014378,211.82,348.93
evt-catalog-us-east-000122,2025-01-06 02:00:00+00:00,2025-01-06 02:05:00+00:00,catalog,us-east,2025.01,1649.69,0.011091,205.8,376.02
evt-catalog-us-east-000123,2025-01-06 03:00:00+00:00,2025-01-06 03:05:00+00:00,catalog,us-east,2025.01,1934.17,0.011421,223.43,439.64
evt-catalog-us-east-000124,2025-01-06 04:00:00+00:00,2025-01-06 04:05:00+00:00,catalog,us-east,2025.01,1968.51,0.01299,212.66,438.31
evt-catalog-us-east-000125,2025-01-06 05:00:00+00:00,2025-01-06 05:05:00+00:00,catalog,us-east,2025.01,2148.19,0.01337,230.55,481.04
evt-catalog-us-east-000126,2025-01-06 06:00:00+00:00,2025-01-06 06:05:00+00:00,catalog,us-east,2025.01,2046.97,0.013603,201.85,441.32
evt-catalog-us-east-000127,2025-01-06 07:00:00+00:00,2025-01-06 07:05:00+00:00,catalog,us-east,2025.01,2084.55,0.007442,198.86,448.76
evt-catalog-us-east-000128,2025-01-06 08:00:00+00:00,2025-01-06 08:05:00+00:00,catalog,us-east,2025.01,2446.96,0.011552,213.4,510.02
evt-catalog-us-east-000129,2025-01-06 09:00:00+00:00,2025-01-06 09:05:00+00:00,catalog,us-east,2025.01,2506.37,0.0131,201.01,544.39
evt-catalog-us-east-000130,2025-01-06 10:00:00+00:00,2025-01-06 10:05:00+00:00,catalog,us-east,2025.01,2720.99,0.01404,210.25,634.2
evt-catalog-us-east-000131,2025-01-06 11:00:00+00:00,2025-01-06 11:05:00+00:00,catalog,us-east,2025.01,2725.24,0.006112,212.4,613.42
evt-catalog-us-east-000132,2025-01-06 12:00:00+00:00,2025-01-06 12:05:00+00:00,catalog,us-east,2025.01,3163.57,0.010489,216.94,682.38
evt-catalog-us-east-000133,2025-01-06 13:00:00+00:00,2025-01-06 13:05:00+00:00,catalog,us-east,2025.01,3307.26,0.010309,192.74,744.86
evt-catalog-us-east-000134,2025-01-06 14:00:00+00:00,2025-01-06 14:05:00+00:00,catalog,us-east,2025.01,3228.0,0.008963,200.03,718.83
evt-catalog-us-east-000135,2025-01-06 15:00:00+00:00,2025-01-06 15:05:00+00:00,catalog,us-east,2025.01,3139.02,0.007934,210.79,716.38
evt-catalog-us-east-000136,2025-01-06 16:00:00+00:00,2025-01-06 16:05:00+00:00,catalog,us-east,2025.01,3109.71,0.010959,208.63,670.2
evt-catalog-us-east-000137,2025-01-06 17:00:00+00:00,2025-01-06 17:05:00+00:00,catalog,us-east,2025.01,2729.47,0.011914,217.27,597.09
evt-catalog-us-east-000138,2025-01-06 18:00:00+00:00,2025-01-06 18:05:00+00:00,catalog,us-east,2025.01,2442.38,0.012347,217.03,540.44
evt-catalog-us-east-000139,2025-01-06 19:00:00+00:00,2025-01-06 19:05:00+00:00,catalog,us-east,2025.01,2254.75,0.011053,213.38,493.92
evt-catalog-us-east-000140,2025-01-06 20:00:00+00:00,2025-01-06 20:05:00+00:00,catalog,us-east,2025.01,1850.95,0.011193,227.46,414.84
evt-catalog-us-east-000141,2025-01-06 21:00:00+00:00,2025-01-06 21:05:00+00:00,catalog,us-east,2025.01,1645.33,0.01337,223.05,356.32
evt-catalog-us-east-000142,2025-01-06 22:00:00+00:00,2025-01-06 22:05:00+00:00,catalog,us-east,2025.01,1527.54,0.009804,226.55,339.59
evt-catalog-us-east-000143,2025-01-06 23:00:00+00:00,2025-01-06 23:05:00+00:00,catalog,us-east,2025.01,1484.0,0.014064,232.17,334.45
evt-catalog-us-east-000144,2025-01-07 00:00:00+00:00,2025-01-07 00:05:00+00:00,catalog,us-east,2025.01,1414.52,0.009943,211.0,308.53
evt-catalog-us-east-000145,2025-01-07 01:00:00+00:00,2025-01-07 01:05:00+00:00,catalog,us-east,2025.01,1650.11,0.010451,234.49,363.81
evt-catalog-us-east-000146,2025-01-07 02:00:00+00:00,2025-01-07 02:05:00+00:00,catalog,us-east,2025.01,1548.07,0.010377,213.05,329.3
evt-catalog-us-east-000147,2025-01-07 03:00:00+00:00,2025-01-07 03:05:00+00:00,catalog,us-east,2025.01,1879.05,0.011068,223.33,417.89
evt-catalog-us-east-000148,2025-01-07 04:00:00+00:00,2025-01-07 04:05:00+00:00,catalog,us-east,2025.01,2151.29,0.009949,216.56,454.24
evt-catalog-us-east-000149,2025-01-07 05:00:00+00:00,2025-01-07 05:05:00+00:00,catalog,us-east,2025.01,1961.51,0.0138,198.42,426.45
evt-catalog-us-east-000150,2025-01-07 06:00:00+00:00,2025-01-07 06:05:00+00:00,catalog,us-east,2025.01,1958.12,0.012625,215.06,420.93
evt-catalog-us-east-000151,2025-01-07 07:00:00+00:00,2025-01-07 07:05:00+00:00,catalog,us-east,2025.01,2240.1,0.012993,218.93,517.12
evt-catalog-us-east-000152,2025-01-07 08:00:00+00:00,2025-01-07 08:05:00+00:00,catalog,us-east,2025.01,2457.37,0.014156,214.35,520.06
evt-catalog-us-east-000153,2025-01-07 09:00:00+00:00,2025-01-07 09:05:00+00:00,catalog,us-east,2025.01,2492.95,0.011397,198.09,544.51
evt-catalog-us-east-000154,2025-01-07 10:00:00+00:00,2025-01-07 10:05:00+00:00,catalog,us-east,2025.01,2693.95,0.010201,195.31,625.42
evt-catalog-us-east-000155,2025-01-07 11:00:00+00:00,2025-01-07 11:05:00+00:00,catalog,us-east,2025.01,2860.34,0.011316,224.23,624.77
evt-catalog-us-east-000156,2025-01-07 12:00:00+00:00,2025-01-07 12:05:00+00:00,catalog,us-east,2025.01,3062.58,0.008974,200.46,678.69
evt-catalog-us-east-000157,2025-01-07 13:00:00+00:00,2025-01-07 13:05:00+00:00,catalog,us-east,2025.01,3279.39,0.009409,191.4,714.25
evt-catalog-us-east-000158,2025-01-07 14:00:00+00:00,2025-01-07 14:05:00+00:00,catalog,us-east,2025.01,3308.42,0.01239,200.34,696.89
evt-catalog-us-east-000159,2025-01-07 15:00:00+00:00,2025-01-07 15:05:00+00:00,catalog,us-east,2025.01,3109.46,0.009164,213.48,683.86
evt-catalog-us-east-000160,2025-01-07 16:00:00+00:00,2025-01-07 16:05:00+00:00,catalog,us-east,2025.01,2917.31,0.00823,215.37,646.83
evt-catalog-us-east-000161,2025-01-07 17:00:00+00:00,2025-01-07 17:05:00+00:00,catalog,us-east,2025.01,2775.53,0.009515,200.03,590.53
evt-catalog-us-east-000162,2025-01-07 18:00:00+00:00,2025-01-07 18:05:00+00:00,catalog,us-east,2025.01,2455.66,0.01033,216.53,550.73
evt-catalog-us-east-000163,2025-01-07 19:00:00+00:00,2025-01-07 19:05:00+00:00,catalog,us-east,2025.01,2249.24,0.00885,238.99,479.81
evt-catalog-us-east-000164,2025-01-07 20:00:00+00:00,2025-01-07 20:05:00+00:00,catalog,us-east,2025.01,1832.55,0.008967,225.22,420.25
evt-catalog-us-east-000165,2025-01-07 21:00:00+00:00,2025-01-07 21:05:00+00:00,catalog,us-east,2025.01,1774.3,0.015373,208.69,398.53
evt-catalog-us-east-000166,2025-01-07 22:00:00+00:00,2025-01-07 22:05:00+00:00,catalog,us-east,2025.01,1668.56,0.011369,229.47,366.53
evt-catalog-us-east-000167,2025-01-07 23:00:00+00:00,2025-01-07 23:05:00+00:00,catalog,us-east,2025.01,1678.92,0.012369,231.01,364.85
evt-catalog-us-east-000168,2025-01-08 00:00:00+00:00,2025-01-08 00:05:00+00:00,catalog,us-east,2025.01,1675.54,0.009877,239.84,373.17
evt-catalog-us-east-000169,2025-01-08 01:00:00+00:00,2025-01-08 01:05:00+00:00,catalog,us-east,2025.01,1781.65,0.015466,225.78,383.34
evt-catalog-us-east-000170,2025-01-08 02:00:00+00:00,2025-01-08 02:05:00+00:00,catalog,us-east,2025.01,1722.84,0.015982,222.41,370.39
evt-catalog-us-east-000171,2025-01-08 03:00:00+00:00,2025-01-08 03:05:00+00:00,catalog,us-east,2025.01,1687.8,0.01362,232.25,387.58
evt-catalog-us-east-000172,2025-01-08 04:00:00+00:00,2025-01-08 04:05:00+00:00,catalog,us-east,2025.01,1883.47,0.00993,220.81,406.99
evt-catalog-us-east-000173,2025-01-08 05:00:00+00:00,2025-01-08 05:05:00+00:00,catalog,us-east,2025.01,1961.5,0.0106,213.06,431.99
evt-catalog-us-east-000174,2025-01-08 06:00:00+00:00,2025-01-08 06:05:00+00:00,catalog,us-east,2025.01,2076.89,0.008297,213.66,457.92
evt-catalog-us-east-000175,2025-01-08 07:00:00+00:00,2025-01-08 07:05:00+00:00,catalog,us-east,2025.01,2316.25,0.014427,219.47,498.0
evt-catalog-us-east-000176,2025-01-08 08:00:00+00:00,2025-01-08 08:05:00+00:00,catalog,us-east,2025.01,2231.14,0.01184,203.86,480.67
evt-catalog-us-east-000177,2025-01-08 09:00:00+00:00,2025-01-08 09:05:00+00:00,catalog,us-east,2025.01,2488.31,0.009279,210.91,555.64
evt-catalog-us-east-000178,2025-01-08 10:00:00+00:00,2025-01-08 10:05:00+00:00,catalog,us-east,2025.01,2688.49,0.011343,215.99,576.46
evt-catalog-us-east-000179,2025-01-08 11:00:00+00:00,2025-01-08 11:05:00+00:00,catalog,us-east,2025.01,2715.9,0.011717,197.16,582.95
evt-catalog-us-east-000180,2025-01-08 12:00:00+00:00,2025-01-08 12:05:00+00:00,catalog,us-east,2025.01,3110.15,0.010399,201.83,690.56
evt-catalog-us-east-000181,2025-01-08 13:00:00+00:00,2025-01-08 13:05:00+00:00,catalog,us-east,2025.01,3224.45,0.011093,192.37,747.08
evt-catalog-us-east-000182,2025-01-08 14:00:00+00:00,2025-01-08 14:05:00+00:00,catalog,us-east,2025.01,3422.56,0.008971,199.34,736.69
evt-catalog-us-east-000183,2025-01-08 15:00:00+00:00,2025-01-08 15:05:00+00:00,catalog,us-east,2025.01,3085.73,0.010607,213.05,670.68
evt-catalog-us-east-000184,2025-01-08 16:00:00+00:00,2025-01-08 16:05:00+00:00,catalog,us-east,2025.01,2970.7,0.01291,200.47,675.91
evt-catalog-us-east-000185,2025-01-08 17:00:00+00:00,2025-01-08 17:05:00+00:00,catalog,us-east,2025.01,2769.78,0.011829,192.94,608.39
evt-catalog-us-east-000186,2025-01-08 18:00:00+00:00,2025-01-08 18:05:00+00:00,catalog,us-east,2025.01,2669.79,0.012859,221.66,590.88
evt-catalog-us-east-000187,2025-01-08 19:00:00+00:00,2025-01-08 19:05:00+00:00,catalog,us-east,2025.01,2167.6,0.008342,197.41,469.65
evt-catalog-us-east-000188,2025-01-08 20:00:00+00:00,2025-01-08 20:05:00+00:00,catalog,us-east,2025.01,1891.71,0.009744,236.13,389.97
evt-catalog-us-east-000189,2025-01-08 21:00:00+00:00,2025-01-08 21:05:00+00:00,catalog,us-east,2025.01,1897.85,0.01099,219.35,413.34
evt-catalog-us-east-000190,2025-01-08 22:00:00+00:00,2025-01-08 22:05:00+00:00,catalog,us-east,2025.01,1593.38,0.009663,236.49,366.57
evt-catalog-us-east-000191,2025-01-08 23:00:00+00:00,2025-01-08 23:05:00+00:00,catalog,us-east,2025.01,1519.27,0.010293,229.83,331.07
evt-catalog-us-east-000192,2025-01-09 00:00:00+00:00,2025-01-09 00:05:00+00:00,catalog,us-east,2025.01,1561.13,0.010149,226.28,339.67
evt-catalog-us-east-000193,2025-01-09 01:00:00+00:00,2025-01-09 01:05:00+00:00,catalog,us-east,2025.01,1665.99,0.0172,226.48,363.54
evt-catalog-us-east-000194,2025-01-09 02:00:00+00:00,2025-01-09 02:05:00+00:00,catalog,us-east,2025.01,1689.08,0.012266,208.31,375.42
evt-catalog-us-east-000195,2025-01-09 03:00:00+00:00,2025-01-09 03:05:00+00:00,catalog,us-east,2025.01,1821.8,0.012246,215.71,415.76
evt-catalog-us-east-000196,2025-01-09 04:00:00+00:00,2025-01-09 04:05:00+00:00,catalog,us-east,2025.01,2085.9,0.008726,222.99,459.31
evt-catalog-us-east-000197,2025-01-09 05:00:00+00:00,2025-01-09 05:05:00+00:00,catalog,us-east,2025.01,1910.6,0.009191,224.7,421.96
evt-catalog-us-east-000198,2025-01-09 06:00:00+00:00,2025-01-09 06:05:00+00:00,catalog,us-east,2025.01,2044.57,0.012637,220.23,465.32
evt-catalog-us-east-000199,2025-01-09 07:00:00+00:00,2025-01-09 07:05:00+00:00,catalog,us-east,2025.01,2306.41,0.011557,224.67,505.12
evt-catalog-us-east-000200,2025-01-09 08:00:00+00:00,2025-01-09 08:05:00+00:00,catalog,us-east,2025.01,2589.53,0.009838,210.27,576.12
evt-catalog-us-east-000201,2025-01-09 09:00:00+00:00,2025-01-09 09:05:00+00:00,catalog,us-east,2025.01,2515.04,0.008537,209.26,564.61
evt-catalog-us-east-000202,2025-01-09 10:00:00+00:00,2025-01-09 10:05:00+00:00,catalog,us-east,2025.01,2724.22,0.011073,223.7,616.56
evt-catalog-us-east-000203,2025-01-09 11:00:00+00:00,2025-01-09 11:05:00+00:00,catalog,us-east,2025.01,2752.74,0.01022,203.51,614.56
evt-catalog-us-east-000204,2025-01-09 12:00:00+00:00,2025-01-09 12:05:00+00:00,catalog,us-east,2025.01,3129.4,0.011442,199.92,689.38
evt-catalog-us-east-000205,2025-01-09 13:00:00+00:00,2025-01-09 13:05:00+00:00,catalog,us-east,2025.01,3173.88,0.012544,203.89,732.36
evt-catalog-us-east-000206,2025-01-09 14:00:00+00:00,2025-01-09 14:05:00+00:00,catalog,us-east,2025.01,3159.75,0.009063,193.99,692.56
evt-catalog-us-east-000207,2025-01-09 15:00:00+00:00,2025-01-09 15:05:00+00:00,catalog,us-east,2025.01,3006.3,0.008623,193.61,672.97
evt-catalog-us-east-000208,2025-01-09 16:00:00+00:00,2025-01-09 16:05:00+00:00,catalog,us-east,2025.01,2865.15,0.009905,204.81,639.14
evt-catalog-us-east-000209,2025-01-09 17:00:00+00:00,2025-01-09 17:05:00+00:00,catalog,us-east,2025.01,2760.71,0.00998,207.52,620.92
evt-catalog-us-east-000210,2025-01-09 18:00:00+00:00,2025-01-09 18:05:00+00:00,catalog,us-east,2025.01,2381.6,0.013207,217.18,522.48
evt-catalog-us-east-000211,2025-01-09 19:00:00+00:00,2025-01-09 19:05:00+00:00,catalog,us-east,2025.01,2302.52,0.010208,201.62,509.47
evt-catalog-us-east-000212,2025-01-09 20:00:00+00:00,2025-01-09 20:05:00+00:00,catalog,us-east,2025.01,1836.9,0.012933,216.66,410.11
evt-catalog-us-east-000213,2025-01-09 21:00:00+00:00,2025-01-09 21:05:00+00:00,catalog,us-east,2025.01,1617.62,0.013258,213.1,347.37
evt-catalog-us-east-000214,2025-01-09 22:00:00+00:00,2025-01-09 22:05:00+00:00,catalog,us-east,2025.01,1525.58,0.009601,232.77,333.43
evt-catalog-us-east-000215,2025-01-09 23:00:00+00:00,2025-01-09 23:05:00+00:00,catalog,us-east,2025.01,1614.6,0.011597,238.85,348.56
evt-catalog-us-east-000216,2025-01-10 00:00:00+00:00,2025-01-10 00:05:00+00:00,catalog,us-east,2025.01,1593.43,0.011579,245.35,345.28
evt-catalog-us-east-000217,2025-01-10 01:00:00+00:00,2025-01-10 01:05:00+00:00,catalog,us-east,2025.01,1487.35,0.012145,236.05,319.58
evt-catalog-us-east-000218,2025-01-10 02:00:00+00:00,2025-01-10 02:05:00+00:00,catalog,us-east,2025.01,1775.99,0.015105,220.79,383.57
evt-catalog-us-east-000219,2025-01-10 03:00:00+00:00,2025-01-10 03:05:00+00:00,catalog,us-east,2025.01,1741.55,0.010878,212.81,384.94
evt-catalog-us-east-000220,2025-01-10 04:00:00+00:00,2025-01-10 04:05:00+00:00,catalog,us-east,2025.01,2045.13,0.010731,213.3,443.18
evt-catalog-us-east-000221,2025-01-10 05:00:00+00:00,2025-01-10 05:05:00+00:00,catalog,us-east,2025.01,2063.86,0.006952,198.93,460.08
evt-catalog-us-east-000222,2025-01-10 06:00:00+00:00,2025-01-10 06:05:00+00:00,catalog,us-east,2025.01,2167.08,0.01158,210.91,457.18
evt-catalog-us-east-000223,2025-01-10 07:00:00+00:00,2025-01-10 07:05:00+00:00,catalog,us-east,2025.01,2055.17,0.010523,205.84,456.0
evt-catalog-us-east-000224,2025-01-10 08:00:00+00:00,2025-01-10 08:05:00+00:00,catalog,us-east,2025.01,2315.39,0.009566,213.54,496.07
evt-catalog-us-east-000225,2025-01-10 09:00:00+00:00,2025-01-10 09:05:00+00:00,catalog,us-east,2025.01,2455.37,0.011754,211.29,542.33
evt-catalog-us-east-000226,2025-01-10 10:00:00+00:00,2025-01-10 10:05:00+00:00,catalog,us-east,2025.01,2816.92,0.013098,207.05,606.34
evt-catalog-us-east-000227,2025-01-10 11:00:00+00:00,2025-01-10 11:05:00+00:00,catalog,us-east,2025.01,2883.35,0.014431,201.31,646.73
evt-catalog-us-east-000228,2025-01-10 12:00:00+00:00,2025-01-10 12:05:00+00:00,catalog,us-east,2025.01,2966.55,0.009211,208.29,660.11
evt-catalog-us-east-000229,2025-01-10 13:00:00+00:00,2025-01-10 13:05:00+00:00,catalog,us-east,2025.01,3174.5,0.012862,211.22,711.16
evt-catalog-us-east-000230,2025-01-10 14:00:00+00:00,2025-01-10 14:05:00+00:00,catalog,us-east,2025.01,3129.49,0.008633,190.54,679.97
evt-catalog-us-east-000231,2025-01-10 15:00:00+00:00,2025-01-10 15:05:00+00:00,catalog,us-east,2025.01,3089.12,0.008308,211.79,652.44
evt-catalog-us-east-000232,2025-01-10 16:00:00+00:00,2025-01-10 16:05:00+00:00,catalog,us-east,2025.01,2976.35,0.009612,202.14,661.95
evt-catalog-us-east-000233,2025-01-10 17:00:00+00:00,2025-01-10 17:05:00+00:00,catalog,us-east,2025.01,2703.09,0.010861,215.36,588.51
evt-catalog-us-east-000234,2025-01-10 18:00:00+00:00,2025-01-10 18:05:00+00:00,catalog,us-east,2025.01,2612.55,0.012177,196.13,594.84
evt-catalog-us-east-000235,2025-01-10 19:00:00+00:00,2025-01-10 19:05:00+00:00,catalog,us-east,2025.01,2277.96,0.009383,220.67,506.47
evt-catalog-us-east-000236,2025-01-10 20:00:00+00:00,2025-01-10 20:05:00+00:00,catalog,us-east,2025.01,2011.68,0.010692,218.26,455.9
evt-catalog-us-east-000237,2025-01-10 21:00:00+00:00,2025-01-10 21:05:00+00:00,catalog,us-east,2025.01,1768.01,0.01005,233.05,396.76
evt-catalog-us-east-000238,2025-01-10 22:00:00+00:00,2025-01-10 22:05:00+00:00,catalog,us-east,2025.01,1683.05,0.015164,230.77,363.55
evt-catalog-us-east-000239,2025-01-10 23:00:00+00:00,2025-01-10 23:05:00+00:00,catalog,us-east,2025.01,1503.19,0.011951,211.1,328.52
evt-catalog-us-east-000240,2025-01-11 00:00:00+00:00,2025-01-11 00:05:00+00:00,catalog,us-east,2025.01,1279.16,0.013615,229.45,276.42
evt-catalog-us-east-000241,2025-01-11 01:00:00+00:00,2025-01-11 01:05:00+00:00,catalog,us-east,2025.01,1243.07,0.011088,222.14,263.44
evt-catalog-us-east-000242,2025-01-11 02:00:00+00:00,2025-01-11 02:05:00+00:00,catalog,us-east,2025.01,1290.94,0.010715,227.22,279.37
evt-catalog-us-east-000243,2025-01-11 03:00:00+00:00,2025-01-11 03:05:00+00:00,catalog,us-east,2025.01,1408.48,0.010504,239.1,313.35
evt-catalog-us-east-000244,2025-01-11 04:00:00+00:00,2025-01-11 04:05:00+00:00,catalog,us-east,2025.01,1427.19,0.014462,220.48,306.93
evt-catalog-us-east-000245,2025-01-11 05:00:00+00:00,2025-01-11 05:05:00+00:00,catalog,us-east,2025.01,1643.49,0.011504,231.99,348.85
evt-catalog-us-east-000246,2025-01-11 06:00:00+00:00,2025-01-11 06:05:00+00:00,catalog,us-east,2025.01,1738.58,0.013437,211.82,379.21
evt-catalog-us-east-000247,2025-01-11 07:00:00+00:00,2025-01-11 07:05:00+00:00,catalog,us-east,2025.01,1660.22,0.012563,205.49,369.84
evt-catalog-us-east-000248,2025-01-11 08:00:00+00:00,2025-01-11 08:05:00+00:00,catalog,us-east,2025.01,1897.22,0.011976,222.86,419.23
evt-catalog-us-east-000249,2025-01-11 09:00:00+00:00,2025-01-11 09:05:00+00:00,catalog,us-east,2025.01,2152.42,0.010689,212.79,479.5
evt-catalog-us-east-000250,2025-01-11 10:00:00+00:00,2025-01-11 10:05:00+00:00,catalog,us-east,2025.01,2278.51,0.01197,210.75,520.32
evt-catalog-us-east-000251,2025-01-11 11:00:00+00:00,2025-01-11 11:05:00+00:00,catalog,us-east,2025.01,2445.04,0.012278,208.01,525.53
evt-catalog-us-east-000252,2025-01-11 12:00:00+00:00,2025-01-11 12:05:00+00:00,catalog,us-east,2025.01,2584.89,0.012944,191.86,535.53
evt-catalog-us-east-000253,2025-01-11 13:00:00+00:00,2025-01-11 13:05:00+00:00,catalog,us-east,2025.01,2744.78,0.012711,217.45,617.07
evt-catalog-us-east-000254,2025-01-11 14:00:00+00:00,2025-01-11 14:05:00+00:00,catalog,us-east,2025.01,2708.1,0.009947,195.62,596.33
evt-catalog-us-east-000255,2025-01-11 15:00:00+00:00,2025-01-11 15:05:00+00:00,catalog,us-east,2025.01,2564.48,0.011044,216.53,550.48
evt-catalog-us-east-000256,2025-01-11 16:00:00+00:00,2025-01-11 16:05:00+00:00,catalog,us-east,2025.01,2260.31,0.013092,203.1,480.23
evt-catalog-us-east-000257,2025-01-11 17:00:00+00:00,2025-01-11 17:05:00+00:00,catalog,us-east,2025.01,2296.2,0.009233,205.12,512.9
evt-catalog-us-east-000258,2025-01-11 18:00:00+00:00,2025-01-11 18:05:00+00:00,catalog,us-east,2025.01,2045.93,0.014091,190.4,455.54
evt-catalog-us-east-000259,2025-01-11 19:00:00+00:00,2025-01-11 19:05:00+00:00,catalog,us-east,2025.01,1756.42,0.014427,220.23,392.09
evt-catalog-us-east-000260,2025-01-11 20:00:00+00:00,2025-01-11 20:05:00+00:00,catalog,us-east,2025.01,1601.26,0.012776,228.57,354.19
evt-catalog-us-east-000261,2025-01-11 21:00:00+00:00,2025-01-11 21:05:00+00:00,catalog,us-east,2025.01,1339.16,0.009965,209.74,291.71
evt-catalog-us-east-000262,2025-01-11 22:00:00+00:00,2025-01-11 22:05:00+00:00,catalog,us-east,2025.01,1357.99,0.012008,208.29,308.63
evt-catalog-us-east-000263,2025-01-11 23:00:00+00:00,2025-01-11 23:05:00+00:00,catalog,us-east,2025.01,1259.24,0.010922,232.51,273.85
evt-catalog-us-east-000264,2025-01-12 00:00:00+00:00,2025-01-12 00:05:00+00:00,catalog,us-east,2025.01,1071.39,0.014228,231.2,231.64
evt-catalog-us-east-000265,2025-01-12 01:00:00+00:00,2025-01-12 01:05:00+00:00,catalog,us-east,2025.01,1389.0,0.009919,230.69,306.24
evt-catalog-us-east-000266,2025-01-12 02:00:00+00:00,2025-01-12 02:05:00+00:00,catalog,us-east,2025.01,1384.24,0.008069,217.88,306.69
evt-catalog-us-east-000267,2025-01-12 03:00:00+00:00,2025-01-12 03:05:00+00:00,catalog,us-east,2025.01,1516.77,0.012541,210.99,334.3
evt-catalog-us-east-000268,2025-01-12 04:00:00+00:00,2025-01-12 04:05:00+00:00,catalog,us-east,2025.01,1616.14,0.011401,218.5,349.69
evt-catalog-us-east-000269,2025-01-12 05:00:00+00:00,2025-01-12 05:05:00+00:00,catalog,us-east,2025.01,1645.02,0.011896,234.65,353.95
evt-catalog-us-east-000270,2025-01-12 06:00:00+00:00,2025-01-12 06:05:00+00:00,catalog,us-east,2025.01,1762.77,0.009662,219.07,391.03
evt-catalog-us-east-000271,2025-01-12 07:00:00+00:00,2025-01-12 07:05:00+00:00,catalog,us-east,2025.01,1827.18,0.011542,211.07,397.07
evt-catalog-us-east-000272,2025-01-12 08:00:00+00:00,2025-01-12 08:05:00+00:00,catalog,us-east,2025.01,1893.07,0.012341,211.67,435.4
evt-catalog-us-east-000273,2025-01-12 09:00:00+00:00,2025-01-12 09:05:00+00:00,catalog,us-east,2025.01,2129.65,0.013909,209.96,462.96
evt-catalog-us-east-000274,2025-01-12 10:00:00+00:00,2025-01-12 10:05:00+00:00,catalog,us-east,2025.01,2165.82,0.012662,202.33,471.2
evt-catalog-us-east-000275,2025-01-12 11:00:00+00:00,2025-01-12 11:05:00+00:00,catalog,us-east,2025.01,2320.29,0.011963,191.0,500.68
evt-catalog-us-east-000276,2025-01-12 12:00:00+00:00,2025-01-12 12:05:00+00:00,catalog,us-east,2025.01,2630.62,0.011383,215.25,593.34
evt-catalog-us-east-000277,2025-01-12 13:00:00+00:00,2025-01-12 13:05:00+00:00,catalog,us-east,2025.01,2386.97,0.015008,197.58,519.44
evt-catalog-us-east-000278,2025-01-12 14:00:00+00:00,2025-01-12 14:05:00+00:00,catalog,us-east,2025.01,2593.19,0.011013,193.97,590.34
evt-catalog-us-east-000279,2025-01-12 15:00:00+00:00,2025-01-12 15:05:00+00:00,catalog,us-east,2025.01,2539.82,0.012354,211.43,553.55
evt-catalog-us-east-000280,2025-01-12 16:00:00+00:00,2025-01-12 16:05:00+00:00,catalog,us-east,2025.01,2383.11,0.00695,196.6,498.26
evt-catalog-us-east-000281,2025-01-12 17:00:00+00:00,2025-01-12 17:05:00+00:00,catalog,us-east,2025.01,2213.73,0.010768,198.33,505.75
evt-catalog-us-east-000282,2025-01-12 18:00:00+00:00,2025-01-12 18:05:00+00:00,catalog,us-east,2025.01,1996.8,0.008888,188.74,431.6
evt-catalog-us-east-000283,2025-01-12 19:00:00+00:00,2025-01-12 19:05:00+00:00,catalog,us-east,2025.01,1899.2,0.014309,223.51,432.03
evt-catalog-us-east-000284,2025-01-12 20:00:00+00:00,2025-01-12 20:05:00+00:00,catalog,us-east,2025.01,1763.85,0.014691,212.37,397.61
evt-catalog-us-east-000285,2025-01-12 21:00:00+00:00,2025-01-12 21:05:00+00:00,catalog,us-east,2025.01,1512.38,0.011112,245.56,317.58
evt-catalog-us-east-000286,2025-01-12 22:00:00+00:00,2025-01-12 22:05:00+00:00,catalog,us-east,2025.01,1455.36,0.012427,236.92,324.33
evt-catalog-us-east-000287,2025-01-12 23:00:00+00:00,2025-01-12 23:05:00+00:00,catalog,us-east,2025.01,1167.55,0.015473,229.71,251.82
evt-catalog-us-east-000288,2025-01-13 00:00:00+00:00,2025-01-13 00:05:00+00:00,catalog,us-east,2025.01,1714.64,0.011905,222.8,370.74
evt-catalog-us-east-000289,2025-01-13 01:00:00+00:00,2025-01-13 01:05:00+00:00,catalog,us-east,2025.01,1538.95,0.014158,223.61,327.15
evt-catalog-us-east-000290,2025-01-13 02:00:00+00:00,2025-01-13 02:05:00+00:00,catalog,us-east,2025.01,1612.02,0.00917,233.82,354.87
evt-catalog-us-east-000291,2025-01-13 03:00:00+00:00,2025-01-13 03:05:00+00:00,catalog,us-east,2025.01,1945.89,0.01261,216.43,421.0
evt-catalog-us-east-000292,2025-01-13 04:00:00+00:00,2025-01-13 04:05:00+00:00,catalog,us-east,2025.01,1985.17,0.012115,218.35,459.16
evt-catalog-us-east-000293,2025-01-13 05:00:00+00:00,2025-01-13 05:05:00+00:00,catalog,us-east,2025.01,2010.97,0.011757,218.11,448.07
evt-catalog-us-east-000294,2025-01-13 06:00:00+00:00,2025-01-13 06:05:00+00:00,catalog,us-east,2025.01,2067.31,0.010262,210.06,445.07
evt-catalog-us-east-000295,2025-01-13 07:00:00+00:00,2025-01-13 07:05:00+00:00,catalog,us-east,2025.01,2277.53,0.013683,200.61,490.78
evt-catalog-us-east-000296,2025-01-13 08:00:00+00:00,2025-01-13 08:05:00+00:00,catalog,us-east,2025.01,2266.65,0.012926,209.9,502.35
evt-catalog-us-east-000297,2025-01-13 09:00:00+00:00,2025-01-13 09:05:00+00:00,catalog,us-east,2025.01,2554.42,0.008433,209.88,579.59
evt-catalog-us-east-000298,2025-01-13 10:00:00+00:00,2025-01-13 10:05:00+00:00,catalog,us-east,2025.01,2627.57,0.013107,212.9,557.73
evt-catalog-us-east-000299,2025-01-13 11:00:00+00:00,2025-01-13 11:05:00+00:00,catalog,us-east,2025.01,3021.36,0.010446,215.3,683.36
evt-catalog-us-east-000300,2025-01-13 12:00:00+00:00,2025-01-13 12:05:00+00:00,catalog,us-east,2025.01,3056.53,0.010955,210.84,667.04
evt-catalog-us-east-000301,2025-01-13 13:00:00+00:00,2025-01-13 13:05:00+00:00,catalog,us-east,2025.01,3204.86,0.010235,199.89,713.19
evt-catalog-us-east-000302,2025-01-13 14:00:00+00:00,2025-01-13 14:05:00+00:00,catalog,us-east,2025.01,3334.85,0.00927,192.97,719.94
evt-catalog-us-east-000303,2025-01-13 15:00:00+00:00,2025-01-13 15:05:00+00:00,catalog,us-east,2025.01,3107.3,0.012051,212.19,675.26
evt-catalog-us-east-000304,2025-01-13 16:00:00+00:00,2025-01-13 16:05:00+00:00,catalog,us-east,2025.01,2940.67,0.011238,197.89,617.0
evt-catalog-us-east-000305,2025-01-13 17:00:00+00:00,2025-01-13 17:05:00+00:00,catalog,us-east,2025.01,2639.89,0.012067,208.18,579.66
evt-catalog-us-east-000306,2025-01-13 18:00:00+00:00,2025-01-13 18:05:00+00:00,catalog,us-east,2025.01,2670.18,0.011117,199.5,571.77
evt-catalog-us-east-000307,2025-01-13 19:00:00+00:00,2025-01-13 19:05:00+00:00,catalog,us-east,2025.01,2267.41,0.009372,210.84,523.38
evt-catalog-us-east-000308,2025-01-13 20:00:00+00:00,2025-01-13 20:05:00+00:00,catalog,us-east,2025.01,1964.49,0.011023,225.5,451.26
evt-catalog-us-east-000309,2025-01-13 21:00:00+00:00,2025-01-13 21:05:00+00:00,catalog,us-east,2025.01,1747.97,0.008929,228.66,375.29
evt-catalog-us-east-000310,2025-01-13 22:00:00+00:00,2025-01-13 22:05:00+00:00,catalog,us-east,2025.01,1549.66,0.008603,226.86,343.66
evt-catalog-us-east-000311,2025-01-13 23:00:00+00:00,2025-01-13 23:05:00+00:00,catalog,us-east,2025.01,1546.28,0.011128,230.31,358.07
evt-catalog-us-east-000312,2025-01-14 00:00:00+00:00,2025-01-14 00:05:00+00:00,catalog,us-east,2025.01,1305.15,0.016302,240.02,278.31
evt-catalog-us-east-000313,2025-01-14 01:00:00+00:00,2025-01-14 01:05:00+00:00,catalog,us-east,2025.01,1513.47,0.012719,229.7,334.94
evt-catalog-us-east-000314,2025-01-14 02:00:00+00:00,2025-01-14 02:05:00+00:00,catalog,us-east,2025.01,1704.77,0.014465,233.0,375.15
evt-catalog-us-east-000315,2025-01-14 03:00:00+00:00,2025-01-14 03:05:00+00:00,catalog,us-east,2025.01,1657.87,0.014105,216.45,362.77
evt-catalog-us-east-000316,2025-01-14 04:00:00+00:00,2025-01-14 04:05:00+00:00,catalog,us-east,2025.01,1998.52,0.010667,232.51,433.96
evt-catalog-us-east-000317,2025-01-14 05:00:00+00:00,2025-01-14 05:05:00+00:00,catalog,us-east,2025.01,1999.39,0.012627,224.07,455.09
evt-catalog-us-east-000318,2025-01-14 06:00:00+00:00,2025-01-14 06:05:00+00:00,catalog,us-east,2025.01,2201.21,0.010942,216.43,480.11
evt-catalog-us-east-000319,2025-01-14 07:00:00+00:00,2025-01-14 07:05:00+00:00,catalog,us-east,2025.01,2332.71,0.012803,224.44,506.78
evt-catalog-us-east-000320,2025-01-14 08:00:00+00:00,2025-01-14 08:05:00+00:00,catalog,us-east,2025.01,2300.49,0.008008,230.72,486.93
evt-catalog-us-east-000321,2025-01-14 09:00:00+00:00,2025-01-14 09:05:00+00:00,catalog,us-east,2025.01,2639.87,0.01274,223.68,564.72
evt-catalog-us-east-000322,2025-01-14 10:00:00+00:00,2025-01-14 10:05:00+00:00,catalog,us-east,2025.01,2763.77,0.011403,202.02,597.24
evt-catalog-us-east-000323,2025-01-14 11:00:00+00:00,2025-01-14 11:05:00+00:00,catalog,us-east,2025.01,2816.26,0.011458,203.28,565.26
evt-catalog-us-east-000324,2025-01-14 12:00:00+00:00,2025-01-14 12:05:00+00:00,catalog,us-east,2025.01,3063.92,0.012196,201.85,663.66
evt-catalog-us-east-000325,2025-01-14 13:00:00+00:00,2025-01-14 13:05:00+00:00,catalog,us-east,2025.01,3192.49,0.011716,196.01,691.58
evt-catalog-us-east-000326,2025-01-14 14:00:00+00:00,2025-01-14 14:05:00+00:00,catalog,us-east,2025.01,3324.92,0.010358,201.65,743.64
evt-catalog-us-east-000327,2025-01-14 15:00:00+00:00,2025-01-14 15:05:00+00:00,catalog,us-east,2025.01,3248.44,0.00976,215.71,741.52
evt-catalog-us-east-000328,2025-01-14 16:00:00+00:00,2025-01-14 16:05:00+00:00,catalog,us-east,2025.01,3102.61,0.008774,210.24,695.94
evt-catalog-us-east-000329,2025-01-14 17:00:00+00:00,2025-01-14 17:05:00+00:00,catalog,us-east,2025.01,2727.72,0.012803,212.46,607.74
evt-catalog-us-east-000330,2025-01-14 18:00:00+00:00,2025-01-14 18:05:00+00:00,catalog,us-east,2025.01,2483.26,0.008707,224.37,558.19
evt-catalog-us-east-000331,2025-01-14 19:00:00+00:00,2025-01-14 19:05:00+00:00,catalog,us-east,2025.01,2137.51,0.010601,201.04,463.16
evt-catalog-us-east-000332,2025-01-14 20:00:00+00:00,2025-01-14 20:05:00+00:00,catalog,us-east,2025.01,1890.18,0.010455,216.96,409.87
evt-catalog-us-east-000333,2025-01-14 21:00:00+00:00,2025-01-14 21:05:00+00:00,catalog,us-east,2025.01,1713.59,0.010032,209.64,378.47
evt-catalog-us-east-000334,2025-01-14 22:00:00+00:00,2025-01-14 22:05:00+00:00,catalog,us-east,2025.01,1486.86,0.0132,211.38,335.14
evt-catalog-us-east-000335,2025-01-14 23:00:00+00:00,2025-01-14 23:05:00+00:00,catalog,us-east,2025.01,1624.36,0.013865,233.87,360.77
evt-checkout-ap-south-000000,2025-01-01 00:00:00+00:00,2025-01-01 00:05:00+00:00,checkout,ap-south,2025.01,765.87,0.015643,253.08,1580.7
evt-checkout-ap-south-000001,2025-01-01 01:00:00+00:00,2025-01-01 01:05:00+00:00,checkout,ap-south,2025.01,883.43,0.014666,272.6,1791.96
evt-checkout-ap-south-000002,2025-01-01 02:00:00+00:00,2025-01-01 02:05:00+00:00,checkout,ap-south,2025.01,854.65,0.014453,241.32,1802.53
evt-checkout-ap-south-000003,2025-01-01 03:00:00+00:00,2025-01-01 03:05:00+00:00,checkout,ap-south,2025.01,926.6,0.013288,248.04,1925.13
evt-checkout-ap-south-000004,2025-01-01 04:00:00+00:00,2025-01-01 04:05:00+00:00,checkout,ap-south,2025.01,930.0,0.010396,238.73,1893.15
evt-checkout-ap-south-000005,2025-01-01 05:00:00+00:00,2025-01-01 05:05:00+00:00,checkout,ap-south,2025.01,1055.06,0.012755,228.23,2172.24
evt-checkout-ap-south-000006,2025-01-01 06:00:00+00:00,2025-01-01 06:05:00+00:00,checkout,ap-south,2025.01,1030.45,0.010536,248.51,2050.95
evt-checkout-ap-south-000007,2025-01-01 07:00:00+00:00,2025-01-01 07:05:00+00:00,checkout,ap-south,2025.01,1155.33,0.012233,246.36,2396.55
evt-checkout-ap-south-000008,2025-01-01 08:00:00+00:00,2025-01-01 08:05:00+00:00,checkout,ap-south,2025.01,1157.84,0.011624,234.79,2389.82
evt-checkout-ap-south-000009,2025-01-01 09:00:00+00:00,2025-01-01 09:05:00+00:00,checkout,ap-south,2025.01,1214.62,0.009867,243.38,2416.42
evt-checkout-ap-south-000010,2025-01-01 10:00:00+00:00,2025-01-01 10:05:00+00:00,checkout,ap-south,2025.01,1433.68,0.007927,239.39,2959.61
evt-checkout-ap-south-000011,2025-01-01 11:00:00+00:00,2025-01-01 11:05:00+00:00,checkout,ap-south,2025.01,1506.27,0.013058,218.9,2966.0
evt-checkout-ap-south-000012,2025-01-01 12:00:00+00:00,2025-01-01 12:05:00+00:00,checkout,ap-south,2025.01,1573.42,0.015746,242.97,3131.79
evt-checkout-ap-south-000013,2025-01-01 13:00:00+00:00,2025-01-01 13:05:00+00:00,checkout,ap-south,2025.01,1692.12,0.013066,228.6,3506.82
evt-checkout-ap-south-000014,2025-01-01 14:00:00+00:00,2025-01-01 14:05:00+00:00,checkout,ap-south,2025.01,1607.29,0.010485,229.42,3226.67
evt-checkout-ap-south-000015,2025-01-01 15:00:00+00:00,2025-01-01 15:05:00+00:00,checkout,ap-south,2025.01,1609.34,0.007545,233.76,3163.35
evt-checkout-ap-south-000016,2025-01-01 16:00:00+00:00,2025-01-01 16:05:00+00:00,checkout,ap-south,2025.01,1519.09,0.009469,229.7,3204.26
evt-checkout-ap-south-000017,2025-01-01 17:00:00+00:00,2025-01-01 17:05:00+00:00,checkout,ap-south,2025.01,1441.2,0.011229,221.37,2952.73
evt-checkout-ap-south-000018,2025-01-01 18:00:00+00:00,2025-01-01 18:05:00+00:00,checkout,ap-south,2025.01,1264.22,0.011271,227.04,2660.03
evt-checkout-ap-south-000019,2025-01-01 19:00:00+00:00,2025-01-01 19:05:00+00:00,checkout,ap-south,2025.01,1162.64,0.01133,234.48,2446.09
evt-checkout-ap-south-000020,2025-01-01 20:00:00+00:00,2025-01-01 20:05:00+00:00,checkout,ap-south,2025.01,1065.5,0.007077,245.75,2195.62
evt-checkout-ap-south-000021,2025-01-01 21:00:00+00:00,2025-01-01 21:05:00+00:00,checkout,ap-south,2025.01,827.31,0.011735,244.72,1643.04
evt-checkout-ap-south-000022,2025-01-01 22:00:00+00:00,2025-01-01 22:05:00+00:00,checkout,ap-south,2025.01,799.24,0.015033,256.91,1640.62
evt-checkout-ap-south-000023,2025-01-01 23:00:00+00:00,2025-01-01 23:05:00+00:00,checkout,ap-south,2025.01,796.23,0.013532,263.67,1663.51
evt-checkout-ap-south-000024,2025-01-02 00:00:00+00:00,2025-01-02 00:05:00+00:00,checkout,ap-south,2025.01,803.25,0.013,247.39,1559.97
evt-checkout-ap-south-000025,2025-01-02 01:00:00+00:00,2025-01-02 01:05:00+00:00,checkout,ap-south,2025.01,826.68,0.014606,268.11,1699.61
evt-checkout-ap-south-000026,2025-01-02 02:00:00+00:00,2025-01-02 02:05:00+00:00,checkout,ap-south,2025.01,847.59,0.01208,258.12,1713.68
evt-checkout-ap-south-000027,2025-01-02 03:00:00+00:00,2025-01-02 03:05:00+00:00,checkout,ap-south,2025.01,1000.95,0.011141,254.06,2089.79
evt-checkout-ap-south-000028,2025-01-02 04:00:00+00:00,2025-01-02 04:05:00+00:00,checkout,ap-south,2025.01,971.26,0.009306,244.81,2022.28
evt-checkout-ap-south-000029,2025-01-02 05:00:00+00:00,2025-01-02 05:05:00+00:00,checkout,ap-south,2025.01,1110.69,0.012809,241.6,2325.75
evt-checkout-ap-south-000030,2025-01-02 06:00:00+00:00,2025-01-02 06:05:00+00:00,checkout,ap-south,2025.01,1145.36,0.01212,239.96,2369.37
evt-checkout-ap-south-000031,2025-01-02 07:00:00+00:00,2025-01-02 07:05:00+00:00,checkout,ap-south,2025.01,1165.12,0.009333,233.77,2346.56
evt-checkout-ap-south-000032,2025-01-02 08:00:00+00:00,2025-01-02 08:05:00+00:00,checkout,ap-south,2025.01,1238.61,0.008881,223.96,2605.0
evt-checkout-ap-south-000033,2025-01-02 09:00:00+00:00,2025-01-02 09:05:00+00:00,checkout,ap-south,2025.01,1334.73,0.012167,242.38,2814.52
evt-checkout-ap-south-000034,2025-01-02 10:00:00+00:00,2025-01-02 10:05:00+00:00,checkout,ap-south,2025.01,1466.93,0.011275,235.31,2962.59
evt-checkout-ap-south-000035,2025-01-02 11:00:00+00:00,2025-01-02 11:05:00+00:00,checkout,ap-south,2025.01,1404.39,0.012589,218.09,2881.13
evt-checkout-ap-south-000036,2025-01-02 12:00:00+00:00,2025-01-02 12:05:00+00:00,checkout,ap-south,2025.01,1543.01,0.012021,242.76,3150.79
evt-checkout-ap-south-000037,2025-01-02 13:00:00+00:00,2025-01-02 13:05:00+00:00,checkout,ap-south,2025.01,1579.98,0.011853,227.48,3278.77
evt-checkout-ap-south-000038,2025-01-02 14:00:00+00:00,2025-01-02 14:05:00+00:00,checkout,ap-south,2025.01,1666.65,0.007753,235.49,3444.44
evt-checkout-ap-south-000039,2025-01-02 15:00:00+00:00,2025-01-02 15:05:00+00:00,checkout,ap-south,2025.01,1652.63,0.009161,228.8,3399.98
evt-checkout-ap-south-000040,2025-01-02 16:00:00+00:00,2025-01-02 16:05:00+00:00,checkout,ap-south,2025.01,1627.24,0.008342,227.95,3293.1
evt-checkout-ap-south-000041,2025-01-02 17:00:00+00:00,2025-01-02 17:05:00+00:00,checkout,ap-south,2025.01,1448.87,0.012927,232.6,2960.52
evt-checkout-ap-south-000042,2025-01-02 18:00:00+00:00,2025-01-02 18:05:00+00:00,checkout,ap-south,2025.01,1314.95,0.011991,238.19,2630.77
evt-checkout-ap-south-000043,2025-01-02 19:00:00+00:00,2025-01-02 19:05:00+00:00,checkout,ap-south,2025.01,1139.88,0.008111,241.7,2343.71
evt-checkout-ap-south-000044,2025-01-02 20:00:00+00:00,2025-01-02 20:05:00+00:00,checkout,ap-south,2025.01,997.43,0.011454,259.7,2063.1
evt-checkout-ap-south-000045,2025-01-02 21:00:00+00:00,2025-01-02 21:05:00+00:00,checkout,ap-south,2025.01,905.11,0.007923,257.93,1860.99
evt-checkout-ap-south-000046,2025-01-02 22:00:00+00:00,2025-01-02 22:05:00+00:00,checkout,ap-south,2025.01,783.98,0.011907,266.41,1578.79
evt-checkout-ap-south-000047,2025-01-02 23:00:00+00:00,2025-01-02 23:05:00+00:00,checkout,ap-south,2025.01,752.02,0.010943,255.86,1585.12
evt-checkout-ap-south-000048,2025-01-03 00:00:00+00:00,2025-01-03 00:05:00+00:00,checkout,ap-south,2025.01,807.07,0.015624,230.95,1683.1
evt-checkout-ap-south-000049,2025-01-03 01:00:00+00:00,2025-01-03 01:05:00+00:00,checkout,ap-south,2025.01,845.92,0.014093,257.45,1751.02
evt-checkout-ap-south-000050,2025-01-03 02:00:00+00:00,2025-01-03 02:05:00+00:00,checkout,ap-south,2025.01,919.96,0.011806,244.72,1738.19
evt-checkout-ap-south-000051,2025-01-03 03:00:00+00:00,2025-01-03 03:05:00+00:00,checkout,ap-south,2025.01,989.69,0.012099,257.38,2012.44
evt-checkout-ap-south-000052,2025-01-03 04:00:00+00:00,2025-01-03 04:05:00+00:00,checkout,ap-south,2025.01,992.38,0.010119,262.39,2096.45
evt-checkout-ap-south-000053,2025-01-03 05:00:00+00:00,2025-01-03 05:05:00+00:00,checkout,ap-south,2025.01,974.69,0.014665,263.91,1902.31
evt-checkout-ap-south-000054,2025-01-03 06:00:00+00:00,2025-01-03 06:05:00+00:00,checkout,ap-south,2025.01,1065.66,0.010885,238.09,2255.05
evt-checkout-ap-south-000055,2025-01-03 07:00:00+00:00,2025-01-03 07:05:00+00:00,checkout,ap-south,2025.01,1056.61,0.009039,240.85,2050.14
evt-checkout-ap-south-000056,2025-01-03 08:00:00+00:00,2025-01-03 08:05:00+00:00,checkout,ap-south,2025.01,1242.35,0.012255,231.72,2508.39
evt-checkout-ap-south-000057,2025-01-03 09:00:00+00:00,2025-01-03 09:05:00+00:00,checkout,ap-south,2025.01,1260.96,0.014481,227.48,2530.13
evt-checkout-ap-south-000058,2025-01-03 10:00:00+00:00,2025-01-03 10:05:00+00:00,checkout,ap-south,2025.01,1414.32,0.013074,235.95,2833.11
evt-checkout-ap-south-000059,2025-01-03 11:00:00+00:00,2025-01-03 11:05:00+00:00,checkout,ap-south,2025.01,1524.48,0.008633,237.63,3277.19
evt-checkout-ap-south-000060,2025-01-03 12:00:00+00:00,2025-01-03 12:05:00+00:00,checkout,ap-south,2025.01,1608.32,0.009708,237.64,3247.6
evt-checkout-ap-south-000061,2025-01-03 13:00:00+00:00,2025-01-03 13:05:00+00:00,checkout,ap-south,2025.01,1664.89,0.012165,234.65,3588.79
evt-checkout-ap-south-000062,2025-01-03 14:00:00+00:00,2025-01-03 14:05:00+00:00,checkout,ap-south,2025.01,1675.39,0.011866,224.8,3298.05
evt-checkout-ap-south-000063,2025-01-03 15:00:00+00:00,2025-01-03 15:05:00+00:00,checkout,ap-south,2025.01,1623.39,0.010825,227.22,3367.05
evt-checkout-ap-south-000064,2025-01-03 16:00:00+00:00,2025-01-03 16:05:00+00:00,checkout,ap-south,2025.01,1538.91,0.007575,235.93,3197.66
evt-checkout-ap-south-000065,2025-01-03 17:00:00+00:00,2025-01-03 17:05:00+00:00,checkout,ap-south,2025.01,1381.87,0.012148,228.99,2822.18
evt-checkout-ap-south-000066,2025-01-03 18:00:00+00:00,2025-01-03 18:05:00+00:00,checkout,ap-south,2025.01,1251.82,0.012971,237.76,2591.61
evt-checkout-ap-south-000067,2025-01-03 19:00:00+00:00,2025-01-03 19:05:00+00:00,checkout,ap-south,2025.01,1124.99,0.007825,254.23,2346.38
evt-checkout-ap-south-000068,2025-01-03 20:00:00+00:00,2025-01-03 20:05:00+00:00,checkout,ap-south,2025.01,986.85,0.014799,242.31,2089.55
evt-checkout-ap-south-000069,2025-01-03 21:00:00+00:00,2025-01-03 21:05:00+00:00,checkout,ap-south,2025.01,877.82,0.013918,254.45,1800.97
evt-checkout-ap-south-000070,2025-01-03 22:00:00+00:00,2025-01-03 22:05:00+00:00,checkout,ap-south,2025.01,805.5,0.01251,254.98,1657.47
evt-checkout-ap-south-000071,2025-01-03 23:00:00+00:00,2025-01-03 23:05:00+00:00,checkout,ap-south,2025.01,754.03,0.013872,263.57,1558.69
evt-checkout-ap-south-000072,2025-01-04 00:00:00+00:00,2025-01-04 00:05:00+00:00,checkout,ap-south,2025.01,654.66,0.011778,271.94,1341.37
evt-checkout-ap-south-000073,2025-01-04 01:00:00+00:00,2025-01-04 01:05:00+00:00,checkout,ap-south,2025.01,676.46,0.014161,247.09,1449.1
evt-checkout-ap-south-000074,2025-01-04 02:00:00+00:00,2025-01-04 02:05:00+00:00,checkout,ap-south,2025.01,732.75,0.009879,257.97,1465.07
evt-checkout-ap-south-000075,2025-01-04 03:00:00+00:00,2025-01-04 03:05:00+00:00,checkout,ap-south,2025.01,813.99,0.010818,259.89,1709.76
evt-checkout-ap-south-000076,2025-01-04 04:00:00+00:00,2025-01-04 04:05:00+00:00,checkout,ap-south,2025.01,806.77,0.008282,251.69,1623.36
evt-checkout-ap-south-000077,2025-01-04 05:00:00+00:00,2025-01-04 05:05:00+00:00,checkout,ap-south,2025.01,842.02,0.013182,245.81,1745.6
evt-checkout-ap-south-000078,2025-01-04 06:00:00+00:00,2025-01-04 06:05:00+00:00,checkout,ap-south,2025.01,908.2,0.008434,240.6,1882.79
evt-checkout-ap-south-000079,2025-01-04 07:00:00+00:00,2025-01-04 07:05:00+00:00,checkout,ap-south,2025.01,891.74,0.012311,251.11,1773.1
evt-checkout-ap-south-000080,2025-01-04 08:00:00+00:00,2025-01-04 08:05:00+00:00,checkout,ap-south,2025.01,986.66,0.010689,229.9,2016.69
evt-checkout-ap-south-000081,2025-01-04 09:00:00+00:00,2025-01-04 09:05:00+00:00,checkout,ap-south,2025.01,1091.7,0.009319,247.6,2215.24
evt-checkout-ap-south-000082,2025-01-04 10:00:00+00:00,2025-01-04 10:05:00+00:00,checkout,ap-south,2025.01,1191.89,0.011547,231.45,2424.91
evt-checkout-ap-south-000083,2025-01-04 11:00:00+00:00,2025-01-04 11:05:00+00:00,checkout,ap-south,2025.01,1136.88,0.010819,234.86,2320.6
evt-checkout-ap-south-000084,2025-01-04 12:00:00+00:00,2025-01-04 12:05:00+00:00,checkout,ap-south,2025.01,1241.53,0.009275,232.93,2502.53
evt-checkout-ap-south-000085,2025-01-04 13:00:00+00:00,2025-01-04 13:05:00+00:00,checkout,ap-south,2025.01,1296.13,0.008767,218.17,2717.46
evt-checkout-ap-south-000086,2025-01-04 14:00:00+00:00,2025-01-04 14:05:00+00:00,checkout,ap-south,2025.01,1384.45,0.013485,225.32,2832.28
evt-checkout-ap-south-000087,2025-01-04 15:00:00+00:00,2025-01-04 15:05:00+00:00,checkout,ap-south,2025.01,1340.2,0.011218,234.11,2758.35
evt-checkout-ap-south-000088,2025-01-04 16:00:00+00:00,2025-01-04 16:05:00+00:00,checkout,ap-south,2025.01,1255.59,0.011865,225.32,2658.3
evt-checkout-ap-south-000089,2025-01-04 17:00:00+00:00,2025-01-04 17:05:00+00:00,checkout,ap-south,2025.01,1210.64,0.009049,250.68,2445.5
evt-checkout-ap-south-000090,2025-01-04 18:00:00+00:00,2025-01-04 18:05:00+00:00,checkout,ap-south,2025.01,1058.44,0.009672,235.43,2143.93
evt-checkout-ap-south-000091,2025-01-04 19:00:00+00:00,2025-01-04 19:05:00+00:00,checkout,ap-south,2025.01,985.69,0.012191,233.81,1988.66
evt-checkout-ap-south-000092,2025-01-04 20:00:00+00:00,2025-01-04 20:05:00+00:00,checkout,ap-south,2025.01,838.0,0.014606,258.12,1638.06
evt-checkout-ap-south-000093,2025-01-04 21:00:00+00:00,2025-01-04 21:05:00+00:00,checkout,ap-south,2025.01,701.19,0.009046,252.68,1403.16
evt-checkout-ap-south-000094,2025-01-04 22:00:00+00:00,2025-01-04 22:05:00+00:00,checkout,ap-south,2025.01,717.1,0.01095,243.48,1422.56
evt-checkout-ap-south-000095,2025-01-04 23:00:00+00:00,2025-01-04 23:05:00+00:00,checkout,ap-south,2025.01,630.54,0.010878,266.5,1312.38
evt-checkout-ap-south-000096,2025-01-05 00:00:00+00:00,2025-01-05 00:05:00+00:00,checkout,ap-south,2025.01,583.49,0.012766,264.19,1219.13
evt-checkout-ap-south-000097,2025-01-05 01:00:00+00:00,2025-01-05 01:05:00+00:00,checkout,ap-south,2025.01,589.72,0.012979,243.07,1165.04
evt-checkout-ap-south-000098,2025-01-05 02:00:00+00:00,2025-01-05 02:05:00+00:00,checkout,ap-south,2025.01,650.27,0.008021,252.29,1323.19
evt-checkout-ap-south-000099,2025-01-05 03:00:00+00:00,2025-01-05 03:05:00+00:00,checkout,ap-south,2025.01,821.84,0.012556,241.88,1618.55
evt-checkout-ap-south-000100,2025-01-05 04:00:00+00:00,2025-01-05 04:05:00+00:00,checkout,ap-south,2025.01,819.27,0.013697,254.11,1627.14
evt-checkout-ap-south-000101,2025-01-05 05:00:00+00:00,2025-01-05 05:05:00+00:00,checkout,ap-south,2025.01,857.78,0.011165,252.41,1799.81
evt-checkout-ap-south-000102,2025-01-05 06:00:00+00:00,2025-01-05 06:05:00+00:00,checkout,ap-south,2025.01,860.23,0.011919,244.53,1719.73
evt-checkout-ap-south-000103,2025-01-05 07:00:00+00:00,2025-01-05 07:05:00+00:00,checkout,ap-south,2025.01,855.27,0.011273,234.69,1773.68
evt-checkout-ap-south-000104,2025-01-05 08:00:00+00:00,2025-01-05 08:05:00+00:00,checkout,ap-south,2025.01,964.72,0.012509,240.54,2113.22
evt-checkout-ap-south-000105,2025-01-05 09:00:00+00:00,2025-01-05 09:05:00+00:00,checkout,ap-south,2025.01,954.04,0.008872,238.53,1983.87
evt-checkout-ap-south-000106,2025-01-05 10:00:00+00:00,2025-01-05 10:05:00+00:00,checkout,ap-south,2025.01,1176.34,0.011158,237.58,2322.01
evt-checkout-ap-south-000107,2025-01-05 11:00:00+00:00,2025-01-05 11:05:00+00:00,checkout,ap-south,2025.01,1217.13,0.013726,238.73,2488.02
evt-checkout-ap-south-000108,2025-01-05 12:00:00+00:00,2025-01-05 12:05:00+00:00,checkout,ap-south,2025.01,1345.57,0.010562,227.81,2672.65
evt-checkout-ap-south-000109,2025-01-05 13:00:00+00:00,2025-01-05 13:05:00+00:00,checkout,ap-south,2025.01,1386.45,0.009531,229.34,2720.43
evt-checkout-ap-south-000110,2025-01-05 14:00:00+00:00,2025-01-05 14:05:00+00:00,checkout,ap-south,2025.01,1310.14,0.011506,231.65,2630.31
evt-checkout-ap-south-000111,2025-01-05 15:00:00+00:00,2025-01-05 15:05:00+00:00,checkout,ap-south,2025.01,1357.14,0.008527,222.01,2724.74
evt-checkout-ap-south-000112,2025-01-05 16:00:00+00:00,2025-01-05 16:05:00+00:00,checkout,ap-south,2025.01,1268.3,0.011055,226.9,2555.84
evt-checkout-ap-south-000113,2025-01-05 17:00:00+00:00,2025-01-05 17:05:00+00:00,checkout,ap-south,2025.01,1219.49,0.011573,240.5,2594.16
evt-checkout-ap-south-000114,2025-01-05 18:00:00+00:00,2025-01-05 18:05:00+00:00,checkout,ap-south,2025.01,1040.54,0.012142,244.57,2105.03
evt-checkout-ap-south-000115,2025-01-05 19:00:00+00:00,2025-01-05 19:05:00+00:00,checkout,ap-south,2025.01,931.27,0.008325,242.31,1920.69
evt-checkout-ap-south-000116,2025-01-05 20:00:00+00:00,2025-01-05 20:05:00+00:00,checkout,ap-south,2025.01,723.47,0.01162,238.26,1452.51
evt-checkout-ap-south-000117,2025-01-05 21:00:00+00:00,2025-01-05 21:05:00+00:00,checkout,ap-south,2025.01,726.56,0.013019,267.06,1519.07
evt-checkout-ap-south-000118,2025-01-05 22:00:00+00:00,2025-01-05 22:05:00+00:00,checkout,ap-south,2025.01,672.69,0.012198,260.67,1386.49
evt-checkout-ap-south-000119,2025-01-05 23:00:00+00:00,2025-01-05 23:05:00+00:00,checkout,ap-south,2025.01,622.45,0.007967,258.12,1234.26
evt-checkout-ap-south-000120,2025-01-06 00:00:00+00:00,2025-01-06 00:05:00+00:00,checkout,ap-south,2025.01,780.94,0.014228,258.99,1606.93
evt-checkout-ap-south-000121,2025-01-06 01:00:00+00:00,2025-01-06 01:05:00+00:00,checkout,ap-south,2025.01,776.88,0.010512,262.04,1584.77
evt-checkout-ap-south-000122,2025-01-06 02:00:00+00:00,2025-01-06 02:05:00+00:00,checkout,ap-south,2025.01,878.99,0.010769,260.58,1818.5
evt-checkout-ap-south-000123,2025-01-06 03:00:00+00:00,2025-01-06 03:05:00+00:00,checkout,ap-south,2025.01,1032.48,0.012853,246.47,2041.03
evt-checkout-ap-south-000124,2025-01-06 04:00:00+00:00,2025-01-06 04:05:00+00:00,checkout,ap-south,2025.01,1008.81,0.011072,247.22,1983.12
evt-checkout-ap-south-000125,2025-01-06 05:00:00+00:00,2025-01-06 05:05:00+00:00,checkout,ap-south,2025.01,1009.98,0.012581,233.37,2039.35
evt-checkout-ap-south-000126,2025-01-06 06:00:00+00:00,2025-01-06 06:05:00+00:00,checkout,ap-south,2025.01,1150.13,0.011876,254.0,2424.97
evt-checkout-ap-south-000127,2025-01-06 07:00:00+00:00,2025-01-06 07:05:00+00:00,checkout,ap-south,2025.01,1135.5,0.014161,236.4,2392.37
evt-checkout-ap-south-000128,2025-01-06 08:00:00+00:00,2025-01-06 08:05:00+00:00,checkout,ap-south,2025.01,1243.06,0.011569,237.85,2446.23
evt-checkout-ap-south-000129,2025-01-06 09:00:00+00:00,2025-01-06 09:05:00+00:00,checkout,ap-south,2025.01,1222.45,0.009305,225.6,2474.49
evt-checkout-ap-south-000130,2025-01-06 10:00:00+00:00,2025-01-06 10:05:00+00:00,checkout,ap-south,2025.01,1363.67,0.009735,231.66,2858.39
evt-checkout-ap-south-000131,2025-01-06 11:00:00+00:00,2025-01-06 11:05:00+00:00,checkout,ap-south,2025.01,1430.34,0.012817,234.06,3011.23
evt-checkout-ap-south-000132,2025-01-06 12:00:00+00:00,2025-01-06 12:05:00+00:00,checkout,ap-south,2025.01,1661.67,0.010393,232.61,3355.72
evt-checkout-ap-south-000133,2025-01-06 13:00:00+00:00,2025-01-06 13:05:00+00:00,checkout,ap-south,2025.01,1574.4,0.009724,252.66,3220.47
evt-checkout-ap-south-000134,2025-01-06 14:00:00+00:00,2025-01-06 14:05:00+00:00,checkout,ap-south,2025.01,1767.72,0.010295,236.83,3694.9
evt-checkout-ap-south-000135,2025-01-06 15:00:00+00:00,2025-01-06 15:05:00+00:00,checkout,ap-south,2025.01,1672.62,0.009826,218.17,3477.95
evt-checkout-ap-south-000136,2025-01-06 16:00:00+00:00,2025-01-06 16:05:00+00:00,checkout,ap-south,2025.01,1517.37,0.01203,225.19,3101.21
evt-checkout-ap-south-000137,2025-01-06 17:00:00+00:00,2025-01-06 17:05:00+00:00,checkout,ap-south,2025.01,1467.29,0.006754,227.08,3191.46
evt-checkout-ap-south-000138,2025-01-06 18:00:00+00:00,2025-01-06 18:05:00+00:00,checkout,ap-south,2025.01,1376.87,0.008894,240.62,2877.04
evt-checkout-ap-south-000139,2025-01-06 19:00:00+00:00,2025-01-06 19:05:00+00:00,checkout,ap-south,2025.01,1155.76,0.008354,251.92,2345.64
evt-checkout-ap-south-000140,2025-01-06 20:00:00+00:00,2025-01-06 20:05:00+00:00,checkout,ap-south,2025.01,966.59,0.009282,231.82,1994.4
evt-checkout-ap-south-000141,2025-01-06 21:00:00+00:00,2025-01-06 21:05:00+00:00,checkout,ap-south,2025.01,777.62,0.008139,247.87,1603.1
evt-checkout-ap-south-000142,2025-01-06 22:00:00+00:00,2025-01-06 22:05:00+00:00,checkout,ap-south,2025.01,862.12,0.012302,245.48,1794.14
evt-checkout-ap-south-000143,2025-01-06 23:00:00+00:00,2025-01-06 23:05:00+00:00,checkout,ap-south,2025.01,774.32,0.010053,244.98,1610.99
evt-checkout-ap-south-000144,2025-01-07 00:00:00+00:00,2025-01-07 00:05:00+00:00,checkout,ap-south,2025.01,792.86,0.012147,251.8,1625.47
evt-checkout-ap-south-000145,2025-01-07 01:00:00+00:00,2025-01-07 01:05:00+00:00,checkout,ap-south,2025.01,846.92,0.015735,252.67,1784.86
evt-checkout-ap-south-000146,2025-01-07 02:00:00+00:00,2025-01-07 02:05:00+00:00,checkout,ap-south,2025.01,874.74,0.010358,246.07,1766.0
evt-checkout-ap-south-000147,2025-01-07 03:00:00+00:00,2025-01-07 03:05:00+00:00,checkout,ap-south,2025.01,904.76,0.009707,221.97,1974.92
evt-checkout-ap-south-000148,2025-01-07 04:00:00+00:00,2025-01-07 04:05:00+00:00,checkout,ap-south,2025.01,974.98,0.012821,236.25,2134.79
evt-checkout-ap-south-000149,2025-01-07 05:00:00+00:00,2025-01-07 05:05:00+00:00,checkout,ap-south,2025.01,1127.75,0.012854,265.83,2168.0
evt-checkout-ap-south-000150,2025-01-07 06:00:00+00:00,2025-01-07 06:05:00+00:00,checkout,ap-south,2025.01,1068.98,0.012887,261.74,2143.89
evt-checkout-ap-south-000151,2025-01-07 07:00:00+00:00,2025-01-07 07:05:00+00:00,checkout,ap-south,2025.01,1141.15,0.013101,257.57,2392.48
evt-checkout-ap-south-000152,2025-01-07 08:00:00+00:00,2025-01-07 08:05:00+00:00,checkout,ap-south,2025.01,1204.17,0.011704,240.95,2432.58
evt-checkout-ap-south-000153,2025-01-07 09:00:00+00:00,2025-01-07 09:05:00+00:00,checkout,ap-south,2025.01,1344.63,0.012423,245.41,2820.39
evt-checkout-ap-south-000154,2025-01-07 10:00:00+00:00,2025-01-07 10:05:00+00:00,checkout,ap-south,2025.01,1441.67,0.01016,237.21,2914.19
evt-checkout-ap-south-000155,2025-01-07 11:00:00+00:00,2025-01-07 11:05:00+00:00,checkout,ap-south,2025.01,1585.52,0.01003,230.86,3373.18
evt-checkout-ap-south-000156,2025-01-07 12:00:00+00:00,2025-01-07 12:05:00+00:00,checkout,ap-south,2025.01,1594.98,0.009303,238.15,3242.77
evt-checkout-ap-south-000157,2025-01-07 13:00:00+00:00,2025-01-07 13:05:00+00:00,checkout,ap-south,2025.01,1612.68,0.010401,234.89,3389.62
evt-checkout-ap-south-000158,2025-01-07 14:00:00+00:00,2025-01-07 14:05:00+00:00,checkout,ap-south,2025.01,1614.39,0.009054,230.0,3372.53
evt-checkout-ap-south-000159,2025-01-07 15:00:00+00:00,2025-01-07 15:05:00+00:00,checkout,ap-south,2025.01,1583.18,0.011929,239.8,3375.41
evt-checkout-ap-south-000160,2025-01-07 16:00:00+00:00,2025-01-07 16:05:00+00:00,checkout,ap-south,2025.01,1580.59,0.010611,245.45,3425.81
evt-checkout-ap-south-000161,2025-01-07 17:00:00+00:00,2025-01-07 17:05:00+00:00,checkout,ap-south,2025.01,1464.14,0.0081,215.83,3043.19
evt-checkout-ap-south-000162,2025-01-07 18:00:00+00:00,2025-01-07 18:05:00+00:00,checkout,ap-south,2025.01,1307.15,0.00754,232.71,2706.65
evt-checkout-ap-south-000163,2025-01-07 19:00:00+00:00,2025-01-07 19:05:00+00:00,checkout,ap-south,2025.01,1173.41,0.010202,229.39,2393.52
evt-checkout-ap-south-000164,2025-01-07 20:00:00+00:00,2025-01-07 20:05:00+00:00,checkout,ap-south,2025.01,921.33,0.010353,232.86,1863.6
evt-checkout-ap-south-000165,2025-01-07 21:00:00+00:00,2025-01-07 21:05:00+00:00,checkout,ap-south,2025.01,885.85,0.01047,239.9,1841.87
evt-checkout-ap-south-000166,2025-01-07 22:00:00+00:00,2025-01-07 22:05:00+00:00,checkout,ap-south,2025.01,834.78,0.008762,263.55,1717.47
evt-checkout-ap-south-000167,2025-01-07 23:00:00+00:00,2025-01-07 23:05:00+00:00,checkout,ap-south,2025.01,801.77,0.015748,242.39,1670.22
evt-checkout-ap-south-000168,2025-01-08 00:00:00+00:00,2025-01-08 00:05:00+00:00,checkout,ap-south,2025.01,921.9,0.011195,249.42,1888.13
evt-checkout-ap-south-000169,2025-01-08 01:00:00+00:00,2025-01-08 01:05:00+00:00,checkout,ap-south,2025.01,855.11,0.012783,253.14,1664.5
evt-checkout-ap-south-000170,2025-01-08 02:00:00+00:00,2025-01-08 02:05:00+00:00,checkout,ap-south,2025.01,912.99,0.013804,243.02,1842.2
evt-checkout-ap-south-000171,2025-01-08 03:00:00+00:00,2025-01-08 03:05:00+00:00,checkout,ap-south,2025.01,916.66,0.010695,254.41,1901.68
evt-checkout-ap-south-000172,2025-01-08 04:00:00+00:00,2025-01-08 04:05:00+00:00,checkout,ap-south,2025.01,1012.1,0.010804,251.25,2067.62
evt-checkout-ap-south-000173,2025-01-08 05:00:00+00:00,2025-01-08 05:05:00+00:00,checkout,ap-south,2025.01,999.84,0.010964,219.98,2041.47
evt-checkout-ap-south-000174,2025-01-08 06:00:00+00:00,2025-01-08 06:05:00+00:00,checkout,ap-south,2025.01,1008.95,0.009245,234.66,1998.94
evt-checkout-ap-south-000175,2025-01-08 07:00:00+00:00,2025-01-08 07:05:00+00:00,checkout,ap-south,2025.01,1230.54,0.011935,249.97,2584.96
evt-checkout-ap-south-000176,2025-01-08 08:00:00+00:00,2025-01-08 08:05:00+00:00,checkout,ap-south,2025.01,1281.73,0.012302,221.99,2541.5
evt-checkout-ap-south-000177,2025-01-08 09:00:00+00:00,2025-01-08 09:05:00+00:00,checkout,ap-south,2025.01,1376.69,0.012498,219.53,2822.39
evt-checkout-ap-south-000178,2025-01-08 10:00:00+00:00,2025-01-08 10:05:00+00:00,checkout,ap-south,2025.01,1404.53,0.011852,231.66,2862.78
evt-checkout-ap-south-000179,2025-01-08 11:00:00+00:00,2025-01-08 11:05:00+00:00,checkout,ap-south,2025.01,1542.32,0.006539,252.9,3117.56
evt-checkout-ap-south-000180,2025-01-08 12:00:00+00:00,2025-01-08 12:05:00+00:00,checkout,ap-south,2025.01,1541.62,0.012377,231.78,3174.86
evt-checkout-ap-south-000181,2025-01-08 13:00:00+00:00,2025-01-08 13:05:00+00:00,checkout,ap-south,2025.01,1667.83,0.012079,240.32,3371.15
evt-checkout-ap-south-000182,2025-01-08 14:00:00+00:00,2025-01-08 14:05:00+00:00,checkout,ap-south,2025.01,1602.14,0.009929,228.06,3230.86
evt-checkout-ap-south-000183,2025-01-08 15:00:00+00:00,2025-01-08 15:05:00+00:00,checkout,ap-south,2025.01,1659.27,0.012215,227.26,3433.69
evt-checkout-ap-south-000184,2025-01-08 16:00:00+00:00,2025-01-08 16:05:00+00:00,checkout,ap-south,2025.01,1554.51,0.010504,233.14,3048.87
evt-checkout-ap-south-000185,2025-01-08 17:00:00+00:00,2025-01-08 17:05:00+00:00,checkout,ap-south,2025.01,1431.99,0.009565,237.94,2920.99
evt-checkout-ap-south-000186,2025-01-08 18:00:00+00:00,2025-01-08 18:05:00+00:00,checkout,ap-south,2025.01,1287.43,0.010078,248.56,2757.49
evt-checkout-ap-south-000187,2025-01-08 19:00:00+00:00,2025-01-08 19:05:00+00:00,checkout,ap-south,2025.01,1122.56,0.010228,227.42,2405.06
evt-checkout-ap-south-000188,2025-01-08 20:00:00+00:00,2025-01-08 20:05:00+00:00,checkout,ap-south,2025.01,1013.12,0.010286,261.23,2033.32
evt-checkout-ap-south-000189,2025-01-08 21:00:00+00:00,2025-01-08 21:05:00+00:00,checkout,ap-south,2025.01,871.5,0.013391,242.54,1785.15
evt-checkout-ap-south-000190,2025-01-08 22:00:00+00:00,2025-01-08 22:05:00+00:00,checkout,ap-south,2025.01,863.27,0.009568,259.84,1776.81
evt-checkout-ap-south-000191,2025-01-08 23:00:00+00:00,2025-01-08 23:05:00+00:00,checkout,ap-south,2025.01,785.48,0.009724,251.49,1582.62
evt-checkout-ap-south-000192,2025-01-09 00:00:00+00:00,2025-01-09 00:05:00+00:00,checkout,ap-south,2025.01,805.32,0.011583,251.44,1606.53
evt-checkout-ap-south-000193,2025-01-09 01:00:00+00:00,2025-01-09 01:05:00+00:00,checkout,ap-south,2025.01,873.28,0.015216,242.01,1816.58
evt-checkout-ap-south-000194,2025-01-09 02:00:00+00:00,2025-01-09 02:05:00+00:00,checkout,ap-south,2025.01,927.61,0.01069,254.65,1866.75
evt-checkout-ap-south-000195,2025-01-09 03:00:00+00:00,2025-01-09 03:05:00+00:00,checkout,ap-south,2025.01,967.33,0.011461,249.32,1978.85
evt-checkout-ap-south-000196,2025-01-09 04:00:00+00:00,2025-01-09 04:05:00+00:00,checkout,ap-south,2025.01,951.64,0.009794,240.51,1994.68
evt-checkout-ap-south-000197,2025-01-09 05:00:00+00:00,2025-01-09 05:05:00+00:00,checkout,ap-south,2025.01,1074.52,0.0094,244.35,2168.66
evt-checkout-ap-south-000198,2025-01-09 06:00:00+00:00,2025-01-09 06:05:00+00:00,checkout,ap-south,2025.01,1120.97,0.011179,226.24,2326.18
evt-checkout-ap-south-000199,2025-01-09 07:00:00+00:00,2025-01-09 07:05:00+00:00,checkout,ap-south,2025.01,1175.5,0.011479,247.63,2509.07
evt-checkout-ap-south-000200,2025-01-09 08:00:00+00:00,2025-01-09 08:05:00+00:00,checkout,ap-south,2025.01,1119.02,0.009955,238.03,2375.78
evt-checkout-ap-south-000201,2025-01-09 09:00:00+00:00,2025-01-09 09:05:00+00:00,checkout,ap-south,2025.01,1224.82,0.00947,251.53,2379.24
evt-checkout-ap-south-000202,2025-01-09 10:00:00+00:00,2025-01-09 10:05:00+00:00,checkout,ap-south,2025.01,1347.03,0.010983,241.95,2661.21
evt-checkout-ap-south-000203,2025-01-09 11:00:00+00:00,2025-01-09 11:05:00+00:00,checkout,ap-south,2025.01,1521.04,0.011889,215.69,3116.67
evt-checkout-ap-south-000204,2025-01-09 12:00:00+00:00,2025-01-09 12:05:00+00:00,checkout,ap-south,2025.01,1618.83,0.008085,235.72,3202.83
evt-checkout-ap-south-000205,2025-01-09 13:00:00+00:00,2025-01-09 13:05:00+00:00,checkout,ap-south,2025.01,1589.18,0.01462,250.34,3313.15
evt-checkout-ap-south-000206,2025-01-09 14:00:00+00:00,2025-01-09 14:05:00+00:00,checkout,ap-south,2025.01,1670.18,0.012717,225.65,3371.0
evt-checkout-ap-south-000207,2025-01-09 15:00:00+00:00,2025-01-09 15:05:00+00:00,checkout,ap-south,2025.01,1701.8,0.012628,228.4,3543.74
evt-checkout-ap-south-000208,2025-01-09 16:00:00+00:00,2025-01-09 16:05:00+00:00,checkout,ap-south,2025.01,1464.14,0.012885,233.43,2953.98
evt-checkout-ap-south-000209,2025-01-09 17:00:00+00:00,2025-01-09 17:05:00+00:00,checkout,ap-south,2025.01,1459.24,0.01138,209.31,2878.19
evt-checkout-ap-south-000210,2025-01-09 18:00:00+00:00,2025-01-09 18:05:00+00:00,checkout,ap-south,2025.01,1321.63,0.010088,215.41,2667.68
evt-checkout-ap-south-000211,2025-01-09 19:00:00+00:00,2025-01-09 19:05:00+00:00,checkout,ap-south,2025.01,1145.93,0.009347,228.22,2292.79
evt-checkout-ap-south-000212,2025-01-09 20:00:00+00:00,2025-01-09 20:05:00+00:00,checkout,ap-south,2025.01,967.16,0.009539,258.24,1991.76
evt-checkout-ap-south-000213,2025-01-09 21:00:00+00:00,2025-01-09 21:05:00+00:00,checkout,ap-south,2025.01,904.82,0.011632,269.69,1872.7
evt-checkout-ap-south-000214,2025-01-09 22:00:00+00:00,2025-01-09 22:05:00+00:00,checkout,ap-south,2025.01,857.83,0.013034,255.64,1734.27
evt-checkout-ap-south-000215,2025-01-09 23:00:00+00:00,2025-01-09 23:05:00+00:00,checkout,ap-south,2025.01,784.14,0.010736,259.72,1624.58
evt-checkout-ap-south-000216,2025-01-10 00:00:00+00:00,2025-01-10 00:05:00+00:00,checkout,ap-south,2025.01,775.97,0.01173,256.71,1590.74
evt-checkout-ap-south-000217,2025-01-10 01:00:00+00:00,2025-01-10 01:05:00+00:00,checkout,ap-south,2025.01,714.69,0.01101,259.51,1503.28
evt-checkout-ap-south-000218,2025-01-10 02:00:00+00:00,2025-01-10 02:05:00+00:00,checkout,ap-south,2025.01,894.58,0.012021,254.74,1836.51
evt-checkout-ap-south-000219,2025-01-10 03:00:00+00:00,2025-01-10 03:05:00+00:00,checkout,ap-south,2025.01,934.31,0.010152,252.15,1907.56
evt-checkout-ap-south-000220,2025-01-10 04:00:00+00:00,2025-01-10 04:05:00+00:00,checkout,ap-south,2025.01,993.51,0.012498,241.16,2024.9
evt-checkout-ap-south-000221,2025-01-10 05:00:00+00:00,2025-01-10 05:05:00+00:00,checkout,ap-south,2025.01,1022.38,0.013612,248.3,2062.92
evt-checkout-ap-south-000222,2025-01-10 06:00:00+00:00,2025-01-10 06:05:00+00:00,checkout,ap-south,2025.01,1135.65,0.010803,241.55,2306.82
evt-checkout-ap-south-000223,2025-01-10 07:00:00+00:00,2025-01-10 07:05:00+00:00,checkout,ap-south,2025.01,1168.27,0.01197,244.0,2409.26
evt-checkout-ap-south-000224,2025-01-10 08:00:00+00:00,2025-01-10 08:05:00+00:00,checkout,ap-south,2025.01,1174.29,0.013096,236.89,2356.81
evt-checkout-ap-south-000225,2025-01-10 09:00:00+00:00,2025-01-10 09:05:00+00:00,checkout,ap-south,2025.01,1312.8,0.010907,240.34,2685.05
evt-checkout-ap-south-000226,2025-01-10 10:00:00+00:00,2025-01-10 10:05:00+00:00,checkout,ap-south,2025.01,1425.25,0.008449,228.8,2899.31
evt-checkout-ap-south-000227,2025-01-10 11:00:00+00:00,2025-01-10 11:05:00+00:00,checkout,ap-south,2025.01,1516.34,0.01,230.28,3175.74
evt-checkout-ap-south-000228,2025-01-10 12:00:00+00:00,2025-01-10 12:05:00+00:00,checkout,ap-south,2025.01,1536.74,0.006875,258.16,3101.17
evt-checkout-ap-south-000229,2025-01-10 13:00:00+00:00,2025-01-10 13:05:00+00:00,checkout,ap-south,2025.01,1581.84,0.008113,245.99,3125.9
evt-checkout-ap-south-000230,2025-01-10 14:00:00+00:00,2025-01-10 14:05:00+00:00,checkout,ap-south,2025.01,1643.3,0.011154,227.36,3433.62
evt-checkout-ap-south-000231,2025-01-10 15:00:00+00:00,2025-01-10 15:05:00+00:00,checkout,ap-south,2025.01,1648.23,0.013847,243.34,3547.9
evt-checkout-ap-south-000232,2025-01-10 16:00:00+00:00,2025-01-10 16:05:00+00:00,checkout,ap-south,2025.01,1594.71,0.010818,219.5,3294.53
evt-checkout-ap-south-000233,2025-01-10 17:00:00+00:00,2025-01-10 17:05:00+00:00,checkout,ap-south,2025.01,1462.44,0.011651,227.01,3023.52
evt-checkout-ap-south-000234,2025-01-10 18:00:00+00:00,2025-01-10 18:05:00+00:00,checkout,ap-south,2025.01,1295.98,0.00842,247.82,2680.01
evt-checkout-ap-south-000235,2025-01-10 19:00:00+00:00,2025-01-10 19:05:00+00:00,checkout,ap-south,2025.01,1141.14,0.010853,235.16,2459.48
evt-checkout-ap-south-000236,2025-01-10 20:00:00+00:00,2025-01-10 20:05:00+00:00,checkout,ap-south,2025.01,985.14,0.011288,257.33,1983.63
evt-checkout-ap-south-000237,2025-01-10 21:00:00+00:00,2025-01-10 21:05:00+00:00,checkout,ap-south,2025.01,977.67,0.012983,253.78,2017.53
evt-checkout-ap-south-000238,2025-01-10 22:00:00+00:00,2025-01-10 22:05:00+00:00,checkout,ap-south,2025.01,763.9,0.01002,248.75,1512.28
evt-checkout-ap-south-000239,2025-01-10 23:00:00+00:00,2025-01-10 23:05:00+00:00,checkout,ap-south,2025.01,683.71,0.010036,243.87,1377.34
evt-checkout-ap-south-000240,2025-01-11 00:00:00+00:00,2025-01-11 00:05:00+00:00,checkout,ap-south,2025.01,667.34,0.01096,249.3,1349.17
evt-checkout-ap-south-000241,2025-01-11 01:00:00+00:00,2025-01-11 01:05:00+00:00,checkout,ap-south,2025.01,711.53,0.011141,246.17,1456.93
evt-checkout-ap-south-000242,2025-01-11 02:00:00+00:00,2025-01-11 02:05:00+00:00,checkout,ap-south,2025.01,753.08,0.011903,254.81,1554.87
evt-checkout-ap-south-000243,2025-01-11 03:00:00+00:00,2025-01-11 03:05:00+00:00,checkout,ap-south,2025.01,772.81,0.014305,238.5,1579.67
evt-checkout-ap-south-000244,2025-01-11 04:00:00+00:00,2025-01-11 04:05:00+00:00,checkout,ap-south,2025.01,793.16,0.011286,254.48,1652.68
evt-checkout-ap-south-000245,2025-01-11 05:00:00+00:00,2025-01-11 05:05:00+00:00,checkout,ap-south,2025.01,828.48,0.014059,245.86,1776.59
evt-checkout-ap-south-000246,2025-01-11 06:00:00+00:00,2025-01-11 06:05:00+00:00,checkout,ap-south,2025.01,885.75,0.010889,232.03,1844.16
evt-checkout-ap-south-000247,2025-01-11 07:00:00+00:00,2025-01-11 07:05:00+00:00,checkout,ap-south,2025.01,988.75,0.010018,234.98,2056.35
evt-checkout-ap-south-000248,2025-01-11 08:00:00+00:00,2025-01-11 08:05:00+00:00,checkout,ap-south,2025.01,1031.82,0.009981,239.32,2108.0
evt-checkout-ap-south-000249,2025-01-11 09:00:00+00:00,2025-01-11 09:05:00+00:00,checkout,ap-south,2025.01,1103.16,0.011528,230.84,2357.58
evt-checkout-ap-south-000250,2025-01-11 10:00:00+00:00,2025-01-11 10:05:00+00:00,checkout,ap-south,2025.01,1246.64,0.01252,224.77,2597.92
evt-checkout-ap-south-000251,2025-01-11 11:00:00+00:00,2025-01-11 11:05:00+00:00,checkout,ap-south,2025.01,1126.2,0.008118,227.32,2469.56
evt-checkout-ap-south-000252,2025-01-11 12:00:00+00:00,2025-01-11 12:05:00+00:00,checkout,ap-south,2025.01,1312.19,0.009254,222.8,2767.2
evt-checkout-ap-south-000253,2025-01-11 13:00:00+00:00,2025-01-11 13:05:00+00:00,checkout,ap-south,2025.01,1364.4,0.0078,236.94,2890.85
evt-checkout-ap-south-000254,2025-01-11 14:00:00+00:00,2025-01-11 14:05:00+00:00,checkout,ap-south,2025.01,1365.61,0.010037,229.19,2713.24
evt-checkout-ap-south-000255,2025-01-11 15:00:00+00:00,2025-01-11 15:05:00+00:00,checkout,ap-south,2025.01,1416.02,0.00785,226.25,2783.98
evt-checkout-ap-south-000256,2025-01-11 16:00:00+00:00,2025-01-11 16:05:00+00:00,checkout,ap-south,2025.01,1317.31,0.006549,239.42,2563.58
evt-checkout-ap-south-000257,2025-01-11 17:00:00+00:00,2025-01-11 17:05:00+00:00,checkout,ap-south,2025.01,1189.53,0.008519,216.7,2439.63
evt-checkout-ap-south-000258,2025-01-11 18:00:00+00:00,2025-01-11 18:05:00+00:00,checkout,ap-south,2025.01,1102.12,0.011273,240.97,2201.62
evt-checkout-ap-south-000259,2025-01-11 19:00:00+00:00,2025-01-11 19:05:00+00:00,checkout,ap-south,2025.01,952.12,0.01359,245.55,1958.96
evt-checkout-ap-south-000260,2025-01-11 20:00:00+00:00,2025-01-11 20:05:00+00:00,checkout,ap-south,2025.01,877.58,0.011847,240.21,1791.76
evt-checkout-ap-south-000261,2025-01-11 21:00:00+00:00,2025-01-11 21:05:00+00:00,checkout,ap-south,2025.01,728.48,0.012325,251.06,1444.24
evt-checkout-ap-south-000262,2025-01-11 22:00:00+00:00,2025-01-11 22:05:00+00:00,checkout,ap-south,2025.01,679.09,0.012234,259.8,1370.08
evt-checkout-ap-south-000263,2025-01-11 23:00:00+00:00,2025-01-11 23:05:00+00:00,checkout,ap-south,2025.01,644.93,0.012237,249.43,1348.32
evt-checkout-ap-south-000264,2025-01-12 00:00:00+00:00,2025-01-12 00:05:00+00:00,checkout,ap-south,2025.01,683.0,0.010068,249.74,1388.96
evt-checkout-ap-south-000265,2025-01-12 01:00:00+00:00,2025-01-12 01:05:00+00:00,checkout,ap-south,2025.01,737.89,0.015605,253.01,1509.89
evt-checkout-ap-south-000266,2025-01-12 02:00:00+00:00,2025-01-12 02:05:00+00:00,checkout,ap-south,2025.01,737.34,0.009315,245.6,1524.49
evt-checkout-ap-south-000267,2025-01-12 03:00:00+00:00,2025-01-12 03:05:00+00:00,checkout,ap-south,2025.01,754.05,0.014555,233.38,1538.3
evt-checkout-ap-south-000268,2025-01-12 04:00:00+00:00,2025-01-12 04:05:00+00:00,checkout,ap-south,2025.01,785.07,0.013725,243.46,1602.38
evt-checkout-ap-south-000269,2025-01-12 05:00:00+00:00,2025-01-12 05:05:00+00:00,checkout,ap-south,2025.01,898.68,0.012523,227.93,1791.69
evt-checkout-ap-south-000270,2025-01-12 06:00:00+00:00,2025-01-12 06:05:00+00:00,checkout,ap-south,2025.01,933.25,0.006946,240.43,1842.61
evt-checkout-ap-south-000271,2025-01-12 07:00:00+00:00,2025-01-12 07:05:00+00:00,checkout,ap-south,2025.01,963.69,0.009001,240.9,1962.57
evt-checkout-ap-south-000272,2025-01-12 08:00:00+00:00,2025-01-12 08:05:00+00:00,checkout,ap-south,2025.01,1063.16,0.012798,238.71,2161.97
evt-checkout-ap-south-000273,2025-01-12 09:00:00+00:00,2025-01-12 09:05:00+00:00,checkout,ap-south,2025.01,1092.94,0.009635,239.73,2238.84
evt-checkout-ap-south-000274,2025-01-12 10:00:00+00:00,2025-01-12 10:05:00+00:00,checkout,ap-south,2025.01,1176.93,0.010671,233.67,2403.64
evt-checkout-ap-south-000275,2025-01-12 11:00:00+00:00,2025-01-12 11:05:00+00:00,checkout,ap-south,2025.01,1243.5,0.011038,234.24,2483.91
evt-checkout-ap-south-000276,2025-01-12 12:00:00+00:00,2025-01-12 12:05:00+00:00,checkout,ap-south,2025.01,1234.85,0.011561,239.04,2577.43
evt-checkout-ap-south-000277,2025-01-12 13:00:00+00:00,2025-01-12 13:05:00+00:00,checkout,ap-south,2025.01,1389.61,0.010155,224.84,2923.46
evt-checkout-ap-south-000278,2025-01-12 14:00:00+00:00,2025-01-12 14:05:00+00:00,checkout,ap-south,2025.01,1358.88,0.00951,231.43,2694.54
evt-checkout-ap-south-000279,2025-01-12 15:00:00+00:00,2025-01-12 15:05:00+00:00,checkout,ap-south,2025.01,1399.59,0.007876,228.31,2864.76
evt-checkout-ap-south-000280,2025-01-12 16:00:00+00:00,2025-01-12 16:05:00+00:00,checkout,ap-south,2025.01,1227.01,0.011648,224.86,2525.63
evt-checkout-ap-south-000281,2025-01-12 17:00:00+00:00,2025-01-12 17:05:00+00:00,checkout,ap-south,2025.01,1136.05,0.013878,232.2,2320.76
evt-checkout-ap-south-000282,2025-01-12 18:00:00+00:00,2025-01-12 18:05:00+00:00,checkout,ap-south,2025.01,999.35,0.010938,231.96,2033.27
evt-checkout-ap-south-000283,2025-01-12 19:00:00+00:00,2025-01-12 19:05:00+00:00,checkout,ap-south,2025.01,956.83,0.012374,244.37,2002.42
evt-checkout-ap-south-000284,2025-01-12 20:00:00+00:00,2025-01-12 20:05:00+00:00,checkout,ap-south,2025.01,897.8,0.012339,238.91,1878.08
evt-checkout-ap-south-000285,2025-01-12 21:00:00+00:00,2025-01-12 21:05:00+00:00,checkout,ap-south,2025.01,682.89,0.010918,259.94,1396.79
evt-checkout-ap-south-000286,2025-01-12 22:00:00+00:00,2025-01-12 22:05:00+00:00,checkout,ap-south,2025.01,699.12,0.012164,241.63,1400.45
evt-checkout-ap-south-000287,2025-01-12 23:00:00+00:00,2025-01-12 23:05:00+00:00,checkout,ap-south,2025.01,678.61,0.011904,260.49,1409.45
evt-checkout-ap-south-000288,2025-01-13 00:00:00+00:00,2025-01-13 00:05:00+00:00,checkout,ap-south,2025.01,788.42,0.011433,241.23,1588.71
evt-checkout-ap-south-000289,2025-01-13 01:00:00+00:00,2025-01-13 01:05:00+00:00,checkout,ap-south,2025.01,847.38,0.010959,249.78,1692.86
evt-checkout-ap-south-000290,2025-01-13 02:00:00+00:00,2025-01-13 02:05:00+00:00,checkout,ap-south,2025.01,881.03,0.010988,256.23,1787.41
evt-checkout-ap-south-000291,2025-01-13 03:00:00+00:00,2025-01-13 03:05:00+00:00,checkout,ap-south,2025.01,994.23,0.011671,250.49,2076.78
evt-checkout-ap-south-000292,2025-01-13 04:00:00+00:00,2025-01-13 04:05:00+00:00,checkout,ap-south,2025.01,995.28,0.013123,237.73,2029.73
evt-checkout-ap-south-000293,2025-01-13 05:00:00+00:00,2025-01-13 05:05:00+00:00,checkout,ap-south,2025.01,1026.31,0.011236,239.33,2063.45
evt-checkout-ap-south-000294,2025-01-13 06:00:00+00:00,2025-01-13 06:05:00+00:00,checkout,ap-south,2025.01,1070.02,0.00719,245.43,2226.25
evt-checkout-ap-south-000295,2025-01-13 07:00:00+00:00,2025-01-13 07:05:00+00:00,checkout,ap-south,2025.01,1167.78,0.014059,238.01,2408.15
evt-checkout-ap-south-000296,2025-01-13 08:00:00+00:00,2025-01-13 08:05:00+00:00,checkout,ap-south,2025.01,1208.24,0.015764,248.77,2526.98
evt-checkout-ap-south-000297,2025-01-13 09:00:00+00:00,2025-01-13 09:05:00+00:00,checkout,ap-south,2025.01,1255.07,0.012162,252.2,2606.97
evt-checkout-ap-south-000298,2025-01-13 10:00:00+00:00,2025-01-13 10:05:00+00:00,checkout,ap-south,2025.01,1376.88,0.010443,226.78,3000.25
evt-checkout-ap-south-000299,2025-01-13 11:00:00+00:00,2025-01-13 11:05:00+00:00,checkout,ap-south,2025.01,1549.51,0.011849,234.67,3238.85
evt-checkout-ap-south-000300,2025-01-13 12:00:00+00:00,2025-01-13 12:05:00+00:00,checkout,ap-south,2025.01,1598.73,0.013045,238.23,3358.57
evt-checkout-ap-south-000301,2025-01-13 13:00:00+00:00,2025-01-13 13:05:00+00:00,checkout,ap-south,2025.01,1632.38,0.012765,244.45,3469.0
evt-checkout-ap-south-000302,2025-01-13 14:00:00+00:00,2025-01-13 14:05:00+00:00,checkout,ap-south,2025.01,1686.94,0.006018,242.94,3522.52
evt-checkout-ap-south-000303,2025-01-13 15:00:00+00:00,2025-01-13 15:05:00+00:00,checkout,ap-south,2025.01,1674.26,0.009179,227.25,3624.74
evt-checkout-ap-south-000304,2025-01-13 16:00:00+00:00,2025-01-13 16:05:00+00:00,checkout,ap-south,2025.01,1557.88,0.010575,222.22,3221.03
evt-checkout-ap-south-000305,2025-01-13 17:00:00+00:00,2025-01-13 17:05:00+00:00,checkout,ap-south,2025.01,1513.42,0.012275,234.11,3091.33
evt-checkout-ap-south-000306,2025-01-13 18:00:00+00:00,2025-01-13 18:05:00+00:00,checkout,ap-south,2025.01,1222.67,0.01234,232.51,2507.01
evt-checkout-ap-south-000307,2025-01-13 19:00:00+00:00,2025-01-13 19:05:00+00:00,checkout,ap-south,2025.01,1110.77,0.007038,256.8,2268.82
evt-checkout-ap-south-000308,2025-01-13 20:00:00+00:00,2025-01-13 20:05:00+00:00,checkout,ap-south,2025.01,1055.87,0.012371,232.55,2227.24
evt-checkout-ap-south-000309,2025-01-13 21:00:00+00:00,2025-01-13 21:05:00+00:00,checkout,ap-south,2025.01,886.04,0.010475,244.59,1842.91
evt-checkout-ap-south-000310,2025-01-13 22:00:00+00:00,2025-01-13 22:05:00+00:00,checkout,ap-south,2025.01,872.13,0.01335,242.39,1790.09
evt-checkout-ap-south-000311,2025-01-13 23:00:00+00:00,2025-01-13 23:05:00+00:00,checkout,ap-south,2025.01,786.97,0.011927,268.09,1694.1
evt-checkout-ap-south-000312,2025-01-14 00:00:00+00:00,2025-01-14 00:05:00+00:00,checkout,ap-south,2025.01,844.53,0.012435,260.66,1728.29
evt-checkout-ap-south-000313,2025-01-14 01:00:00+00:00,2025-01-14 01:05:00+00:00,checkout,ap-south,2025.01,835.54,0.011932,249.76,1763.71
evt-checkout-ap-south-000314,2025-01-14 02:00:00+00:00,2025-01-14 02:05:00+00:00,checkout,ap-south,2025.01,973.29,0.013113,237.39,1940.79
evt-checkout-ap-south-000315,2025-01-14 03:00:00+00:00,2025-01-14 03:05:00+00:00,checkout,ap-south,2025.01,877.59,0.011482,238.38,1866.69
evt-checkout-ap-south-000316,2025-01-14 04:00:00+00:00,2025-01-14 04:05:00+00:00,checkout,ap-south,2025.01,1066.13,0.013292,247.97,2282.81
evt-checkout-ap-south-000317,2025-01-14 05:00:00+00:00,2025-01-14 05:05:00+00:00,checkout,ap-south,2025.01,979.51,0.008522,230.43,1965.82
evt-checkout-ap-south-000318,2025-01-14 06:00:00+00:00,2025-01-14 06:05:00+00:00,checkout,ap-south,2025.01,1109.23,0.014552,242.24,2204.44
evt-checkout-ap-south-000319,2025-01-14 07:00:00+00:00,2025-01-14 07:05:00+00:00,checkout,ap-south,2025.01,1091.7,0.01333,233.16,2211.7
evt-checkout-ap-south-000320,2025-01-14 08:00:00+00:00,2025-01-14 08:05:00+00:00,checkout,ap-south,2025.01,1176.67,0.009414,242.75,2368.96
evt-checkout-ap-south-000321,2025-01-14 09:00:00+00:00,2025-01-14 09:05:00+00:00,checkout,ap-south,2025.01,1316.47,0.010173,230.49,2712.88
evt-checkout-ap-south-000322,2025-01-14 10:00:00+00:00,2025-01-14 10:05:00+00:00,checkout,ap-south,2025.01,1356.96,0.009482,239.1,2661.88
evt-checkout-ap-south-000323,2025-01-14 11:00:00+00:00,2025-01-14 11:05:00+00:00,checkout,ap-south,2025.01,1560.54,0.011826,237.81,3188.74
evt-checkout-ap-south-000324,2025-01-14 12:00:00+00:00,2025-01-14 12:05:00+00:00,checkout,ap-south,2025.01,1639.35,0.010565,237.56,3352.19
evt-checkout-ap-south-000325,2025-01-14 13:00:00+00:00,2025-01-14 13:05:00+00:00,checkout,ap-south,2025.01,1619.96,0.007813,239.45,3321.98
evt-checkout-ap-south-000326,2025-01-14 14:00:00+00:00,2025-01-14 14:05:00+00:00,checkout,ap-south,2025.01,1677.09,0.009324,224.4,3449.04
evt-checkout-ap-south-000327,2025-01-14 15:00:00+00:00,2025-01-14 15:05:00+00:00,checkout,ap-south,2025.01,1687.58,0.008895,226.15,3469.4
evt-checkout-ap-south-000328,2025-01-14 16:00:00+00:00,2025-01-14 16:05:00+00:00,checkout,ap-south,2025.01,1559.42,0.006258,234.88,3112.52
evt-checkout-ap-south-000329,2025-01-14 17:00:00+00:00,2025-01-14 17:05:00+00:00,checkout,ap-south,2025.01,1386.88,0.010467,240.7,2937.42
evt-checkout-ap-south-000330,2025-01-14 18:00:00+00:00,2025-01-14 18:05:00+00:00,checkout,ap-south,2025.01,1305.86,0.01062,236.68,2763.72
evt-checkout-ap-south-000331,2025-01-14 19:00:00+00:00,2025-01-14 19:05:00+00:00,checkout,ap-south,2025.01,1185.08,0.013181,250.87,2421.51
evt-checkout-ap-south-000332,2025-01-14 20:00:00+00:00,2025-01-14 20:05:00+00:00,checkout,ap-south,2025.01,959.61,0.014177,244.0,1982.63
evt-checkout-ap-south-000333,2025-01-14 21:00:00+00:00,2025-01-14 21:05:00+00:00,checkout,ap-south,2025.01,890.0,0.012776,240.54,1766.85
evt-checkout-ap-south-000334,2025-01-14 22:00:00+00:00,2025-01-14 22:05:00+00:00,checkout,ap-south,2025.01,830.01,0.010496,253.8,1772.52
evt-checkout-ap-south-000335,2025-01-14 23:00:00+00:00,2025-01-14 23:05:00+00:00,checkout,ap-south,2025.01,793.74,0.009059,244.29,1589.8
evt-checkout-eu-west-000000,2025-01-01 00:00:00+00:00,2025-01-01 00:05:00+00:00,checkout,eu-west,2025.01,1106.7,0.011281,238.05,2199.22
evt-checkout-eu-west-000001,2025-01-01 01:00:00+00:00,2025-01-01 01:05:00+00:00,checkout,eu-west,2025.01,1088.88,0.013914,223.21,2190.34
evt-checkout-eu-west-000002,2025-01-01 02:00:00+00:00,2025-01-01 02:05:00+00:00,checkout,eu-west,2025.01,1184.09,0.0131,223.19,2424.16
evt-checkout-eu-west-000003,2025-01-01 03:00:00+00:00,2025-01-01 03:05:00+00:00,checkout,eu-west,2025.01,1300.12,0.014089,207.6,2532.51
evt-checkout-eu-west-000004,2025-01-01 04:00:00+00:00,2025-01-01 04:05:00+00:00,checkout,eu-west,2025.01,1210.21,0.013825,214.09,2382.54
evt-checkout-eu-west-000005,2025-01-01 05:00:00+00:00,2025-01-01 05:05:00+00:00,checkout,eu-west,2025.01,1326.11,0.010945,225.92,2680.22
evt-checkout-eu-west-000006,2025-01-01 06:00:00+00:00,2025-01-01 06:05:00+00:00,checkout,eu-west,2025.01,1366.39,0.014276,214.43,2684.46
evt-checkout-eu-west-000007,2025-01-01 07:00:00+00:00,2025-01-01 07:05:00+00:00,checkout,eu-west,2025.01,1405.41,0.009984,201.36,2870.24
evt-checkout-eu-west-000008,2025-01-01 08:00:00+00:00,2025-01-01 08:05:00+00:00,checkout,eu-west,2025.01,1519.34,0.010881,205.02,3146.67
evt-checkout-eu-west-000009,2025-01-01 09:00:00+00:00,2025-01-01 09:05:00+00:00,checkout,eu-west,2025.01,1620.29,0.010513,221.87,3201.39
evt-checkout-eu-west-000010,2025-01-01 10:00:00+00:00,2025-01-01 10:05:00+00:00,checkout,eu-west,2025.01,1802.61,0.014631,209.74,3813.75
evt-checkout-eu-west-000011,2025-01-01 11:00:00+00:00,2025-01-01 11:05:00+00:00,checkout,eu-west,2025.01,1950.67,0.010799,206.13,4127.43
evt-checkout-eu-west-000012,2025-01-01 12:00:00+00:00,2025-01-01 12:05:00+00:00,checkout,eu-west,2025.01,2102.85,0.008686,210.55,4488.6
evt-checkout-eu-west-000013,2025-01-01 13:00:00+00:00,2025-01-01 13:05:00+00:00,checkout,eu-west,2025.01,2249.77,0.012145,211.49,4858.36
evt-checkout-eu-west-000014,2025-01-01 14:00:00+00:00,2025-01-01 14:05:00+00:00,checkout,eu-west,2025.01,2227.31,0.007236,205.77,4619.17
evt-checkout-eu-west-000015,2025-01-01 15:00:00+00:00,2025-01-01 15:05:00+00:00,checkout,eu-west,2025.01,2062.39,0.009456,193.22,4344.05
evt-checkout-eu-west-000016,2025-01-01 16:00:00+00:00,2025-01-01 16:05:00+00:00,checkout,eu-west,2025.01,2107.62,0.013361,196.83,4246.24
evt-checkout-eu-west-000017,2025-01-01 17:00:00+00:00,2025-01-01 17:05:00+00:00,checkout,eu-west,2025.01,1881.86,0.011395,197.36,3809.94
evt-checkout-eu-west-000018,2025-01-01 18:00:00+00:00,2025-01-01 18:05:00+00:00,checkout,eu-west,2025.01,1633.65,0.005963,199.03,3396.79
evt-checkout-eu-west-000019,2025-01-01 19:00:00+00:00,2025-01-01 19:05:00+00:00,checkout,eu-west,2025.01,1429.54,0.013998,207.07,2951.01
evt-checkout-eu-west-000020,2025-01-01 20:00:00+00:00,2025-01-01 20:05:00+00:00,checkout,eu-west,2025.01,1347.42,0.013841,235.96,2864.69
evt-checkout-eu-west-000021,2025-01-01 21:00:00+00:00,2025-01-01 21:05:00+00:00,checkout,eu-west,2025.01,1152.15,0.011729,235.11,2274.08
evt-checkout-eu-west-000022,2025-01-01 22:00:00+00:00,2025-01-01 22:05:00+00:00,checkout,eu-west,2025.01,1196.23,0.011829,245.77,2476.19
evt-checkout-eu-west-000023,2025-01-01 23:00:00+00:00,2025-01-01 23:05:00+00:00,checkout,eu-west,2025.01,987.66,0.01259,228.39,2035.02
evt-checkout-eu-west-000024,2025-01-02 00:00:00+00:00,2025-01-02 00:05:00+00:00,checkout,eu-west,2025.01,1046.33,0.011892,223.48,2092.78
evt-checkout-eu-west-000025,2025-01-02 01:00:00+00:00,2025-01-02 01:05:00+00:00,checkout,eu-west,2025.01,1156.17,0.012217,241.79,2394.36
evt-checkout-eu-west-000026,2025-01-02 02:00:00+00:00,2025-01-02 02:05:00+00:00,checkout,eu-west,2025.01,1117.57,0.014269,219.5,2246.3
evt-checkout-eu-west-000027,2025-01-02 03:00:00+00:00,2025-01-02 03:05:00+00:00,checkout,eu-west,2025.01,1229.77,0.011656,214.35,2498.46
evt-checkout-eu-west-000028,2025-01-02 04:00:00+00:00,2025-01-02 04:05:00+00:00,checkout,eu-west,2025.01,1295.38,0.01116,237.76,2666.64
evt-checkout-eu-west-000029,2025-01-02 05:00:00+00:00,2025-01-02 05:05:00+00:00,checkout,eu-west,2025.01,1385.49,0.008932,220.89,2845.31
evt-checkout-eu-west-000030,2025-01-02 06:00:00+00:00,2025-01-02 06:05:00+00:00,checkout,eu-west,2025.01,1423.0,0.011656,211.65,3097.73
evt-checkout-eu-west-000031,2025-01-02 07:00:00+00:00,2025-01-02 07:05:00+00:00,checkout,eu-west,2025.01,1502.56,0.014083,222.48,3018.11
evt-checkout-eu-west-000032,2025-01-02 08:00:00+00:00,2025-01-02 08:05:00+00:00,checkout,eu-west,2025.01,1532.66,0.010236,231.85,2990.03
evt-checkout-eu-west-000033,2025-01-02 09:00:00+00:00,2025-01-02 09:05:00+00:00,checkout,eu-west,2025.01,1731.89,0.006803,196.01,3608.96
evt-checkout-eu-west-000034,2025-01-02 10:00:00+00:00,2025-01-02 10:05:00+00:00,checkout,eu-west,2025.01,1844.34,0.014535,214.22,3863.24
evt-checkout-eu-west-000035,2025-01-02 11:00:00+00:00,2025-01-02 11:05:00+00:00,checkout,eu-west,2025.01,1954.71,0.009722,213.02,4012.9
evt-checkout-eu-west-000036,2025-01-02 12:00:00+00:00,2025-01-02 12:05:00+00:00,checkout,eu-west,2025.01,2175.37,0.011127,206.95,4478.11
evt-checkout-eu-west-000037,2025-01-02 13:00:00+00:00,2025-01-02 13:05:00+00:00,checkout,eu-west,2025.01,2183.75,0.011787,214.28,4496.94
evt-checkout-eu-west-000038,2025-01-02 14:00:00+00:00,2025-01-02 14:05:00+00:00,checkout,eu-west,2025.01,2261.03,0.010436,202.31,4719.38
evt-checkout-eu-west-000039,2025-01-02 15:00:00+00:00,2025-01-02 15:05:00+00:00,checkout,eu-west,2025.01,2187.17,0.01192,209.2,4520.34
evt-checkout-eu-west-000040,2025-01-02 16:00:00+00:00,2025-01-02 16:05:00+00:00,checkout,eu-west,2025.01,2081.19,0.012577,200.25,4294.12
evt-checkout-eu-west-000041,2025-01-02 17:00:00+00:00,2025-01-02 17:05:00+00:00,checkout,eu-west,2025.01,1843.94,0.010158,204.38,3678.42
evt-checkout-eu-west-000042,2025-01-02 18:00:00+00:00,2025-01-02 18:05:00+00:00,checkout,eu-west,2025.01,1682.62,0.013885,212.03,3557.38
evt-checkout-eu-west-000043,2025-01-02 19:00:00+00:00,2025-01-02 19:05:00+00:00,checkout,eu-west,2025.01,1564.39,0.010031,213.83,3190.66
evt-checkout-eu-west-000044,2025-01-02 20:00:00+00:00,2025-01-02 20:05:00+00:00,checkout,eu-west,2025.01,1222.23,0.00946,233.5,2564.54
evt-checkout-eu-west-000045,2025-01-02 21:00:00+00:00,2025-01-02 21:05:00+00:00,checkout,eu-west,2025.01,1155.68,0.011236,210.71,2275.31
evt-checkout-eu-west-000046,2025-01-02 22:00:00+00:00,2025-01-02 22:05:00+00:00,checkout,eu-west,2025.01,1049.46,0.01011,228.92,2122.17
evt-checkout-eu-west-000047,2025-01-02 23:00:00+00:00,2025-01-02 23:05:00+00:00,checkout,eu-west,2025.01,1165.1,0.010469,233.76,2447.17
evt-checkout-eu-west-000048,2025-01-03 00:00:00+00:00,2025-01-03 00:05:00+00:00,checkout,eu-west,2025.01,1026.15,0.009049,242.33,2061.73
evt-checkout-eu-west-000049,2025-01-03 01:00:00+00:00,2025-01-03 01:05:00+00:00,checkout,eu-west,2025.01,1138.24,0.013883,235.68,2388.44
evt-checkout-eu-west-000050,2025-01-03 02:00:00+00:00,2025-01-03 02:05:00+00:00,checkout,eu-west,2025.01,1160.14,0.009749,234.43,2331.36
evt-checkout-eu-west-000051,2025-01-03 03:00:00+00:00,2025-01-03 03:05:00+00:00,checkout,eu-west,2025.01,1225.91,0.012498,219.65,2484.35
evt-checkout-eu-west-000052,2025-01-03 04:00:00+00:00,2025-01-03 04:05:00+00:00,checkout,eu-west,2025.01,1336.67,0.012796,237.79,2738.27
evt-checkout-eu-west-000053,2025-01-03 05:00:00+00:00,2025-01-03 05:05:00+00:00,checkout,eu-west,2025.01,1270.94,0.010262,217.61,2635.01
evt-checkout-eu-west-000054,2025-01-03 06:00:00+00:00,2025-01-03 06:05:00+00:00,checkout,eu-west,2025.01,1414.01,0.009589,206.16,2902.37
evt-checkout-eu-west-000055,2025-01-03 07:00:00+00:00,2025-01-03 07:05:00+00:00,checkout,eu-west,2025.01,1544.98,0.011838,207.67,3241.75
evt-checkout-eu-west-000056,2025-01-03 08:00:00+00:00,2025-01-03 08:05:00+00:00,checkout,eu-west,2025.01,1692.99,0.011501,210.16,3496.39
evt-checkout-eu-west-000057,2025-01-03 09:00:00+00:00,2025-01-03 09:05:00+00:00,checkout,eu-west,2025.01,1745.04,0.008353,203.11,3575.03
evt-checkout-eu-west-000058,2025-01-03 10:00:00+00:00,2025-01-03 10:05:00+00:00,checkout,eu-west,2025.01,1814.22,0.011226,217.0,3699.41
evt-checkout-eu-west-000059,2025-01-03 11:00:00+00:00,2025-01-03 11:05:00+00:00,checkout,eu-west,2025.01,1907.03,0.009706,185.02,3838.27
evt-checkout-eu-west-000060,2025-01-03 12:00:00+00:00,2025-01-03 12:05:00+00:00,checkout,eu-west,2025.01,2188.27,0.011329,204.04,4487.8
evt-checkout-eu-west-000061,2025-01-03 13:00:00+00:00,2025-01-03 13:05:00+00:00,checkout,eu-west,2025.01,2170.84,0.010895,209.6,4441.97
evt-checkout-eu-west-000062,2025-01-03 14:00:00+00:00,2025-01-03 14:05:00+00:00,checkout,eu-west,2025.01,2327.06,0.013827,214.96,4744.52
evt-checkout-eu-west-000063,2025-01-03 15:00:00+00:00,2025-01-03 15:05:00+00:00,checkout,eu-west,2025.01,2094.4,0.007636,205.12,4381.37
evt-checkout-eu-west-000064,2025-01-03 16:00:00+00:00,2025-01-03 16:05:00+00:00,checkout,eu-west,2025.01,2065.6,0.012201,195.84,4385.18
evt-checkout-eu-west-000065,2025-01-03 17:00:00+00:00,2025-01-03 17:05:00+00:00,checkout,eu-west,2025.01,1876.08,0.010124,204.95,3746.4
evt-checkout-eu-west-000066,2025-01-03 18:00:00+00:00,2025-01-03 18:05:00+00:00,checkout,eu-west,2025.01,1622.27,0.009377,202.3,3269.39
evt-checkout-eu-west-000067,2025-01-03 19:00:00+00:00,2025-01-03 19:05:00+00:00,checkout,eu-west,2025.01,1451.93,0.013116,196.79,2864.82
evt-checkout-eu-west-000068,2025-01-03 20:00:00+00:00,2025-01-03 20:05:00+00:00,checkout,eu-west,2025.01,1222.04,0.015909,219.78,2349.67
evt-checkout-eu-west-000069,2025-01-03 21:00:00+00:00,2025-01-03 21:05:00+00:00,checkout,eu-west,2025.01,1239.12,0.010529,211.81,2439.11
evt-checkout-eu-west-000070,2025-01-03 22:00:00+00:00,2025-01-03 22:05:00+00:00,checkout,eu-west,2025.01,1071.37,0.008843,211.79,2296.66
evt-checkout-eu-west-000071,2025-01-03 23:00:00+00:00,2025-01-03 23:05:00+00:00,checkout,eu-west,2025.01,1006.03,0.010922,210.69,2020.54
evt-checkout-eu-west-000072,2025-01-04 00:00:00+00:00,2025-01-04 00:05:00+00:00,checkout,eu-west,2025.01,793.79,0.010066,226.53,1731.65
evt-checkout-eu-west-000073,2025-01-04 01:00:00+00:00,2025-01-04 01:05:00+00:00,checkout,eu-west,2025.01,811.86,0.01219,220.25,1637.56
evt-checkout-eu-west-000074,2025-01-04 02:00:00+00:00,2025-01-04 02:05:00+00:00,checkout,eu-west,2025.01,1010.13,0.010968,221.27,2085.2
evt-checkout-eu-west-000075,2025-01-04 03:00:00+00:00,2025-01-04 03:05:00+00:00,checkout,eu-west,2025.01,962.41,0.00901,209.48,2086.22
evt-checkout-eu-west-000076,2025-01-04 04:00:00+00:00,2025-01-04 04:05:00+00:00,checkout,eu-west,2025.01,1051.51,0.013569,217.43,2184.52
evt-checkout-eu-west-000077,2025-01-04 05:00:00+00:00,2025-01-04 05:05:00+00:00,checkout,eu-west,2025.01,1079.7,0.011013,221.64,2201.77
evt-checkout-eu-west-000078,2025-01-04 06:00:00+00:00,2025-01-04 06:05:00+00:00,checkout,eu-west,2025.01,1264.52,0.012249,205.1,2586.85
evt-checkout-eu-west-000079,2025-01-04 07:00:00+00:00,2025-01-04 07:05:00+00:00,checkout,eu-west,2025.01,1271.75,0.006592,209.41,2565.33
evt-checkout-eu-west-000080,2025-01-04 08:00:00+00:00,2025-01-04 08:05:00+00:00,checkout,eu-west,2025.01,1278.41,0.00949,223.95,2565.89
evt-checkout-eu-west-000081,2025-01-04 09:00:00+00:00,2025-01-04 09:05:00+00:00,checkout,eu-west,2025.01,1360.57,0.012625,198.08,2710.58
evt-checkout-eu-west-000082,2025-01-04 10:00:00+00:00,2025-01-04 10:05:00+00:00,checkout,eu-west,2025.01,1577.44,0.011269,201.56,3240.65
evt-checkout-eu-west-000083,2025-01-04 11:00:00+00:00,2025-01-04 11:05:00+00:00,checkout,eu-west,2025.01,1567.02,0.011928,199.15,3166.5
evt-checkout-eu-west-000084,2025-01-04 12:00:00+00:00,2025-01-04 12:05:00+00:00,checkout,eu-west,2025.01,1727.26,0.012378,213.51,3620.21
evt-checkout-eu-west-000085,2025-01-04 13:00:00+00:00,2025-01-04 13:05:00+00:00,checkout,eu-west,2025.01,1752.91,0.008647,204.14,3644.87
evt-checkout-eu-west-000086,2025-01-04 14:00:00+00:00,2025-01-04 14:05:00+00:00,checkout,eu-west,2025.01,1793.05,0.011878,195.9,3626.48
evt-checkout-eu-west-000087,2025-01-04 15:00:00+00:00,2025-01-04 15:05:00+00:00,checkout,eu-west,2025.01,1724.55,0.00832,209.34,3643.34
evt-checkout-eu-west-000088,2025-01-04 16:00:00+00:00,2025-01-04 16:05:00+00:00,checkout,eu-west,2025.01,1670.05,0.008453,197.5,3417.12
evt-checkout-eu-west-000089,2025-01-04 17:00:00+00:00,2025-01-04 17:05:00+00:00,checkout,eu-west,2025.01,1465.59,0.013651,194.18,2996.9
evt-checkout-eu-west-000090,2025-01-04 18:00:00+00:00,2025-01-04 18:05:00+00:00,checkout,eu-west,2025.01,1443.93,0.009167,200.52,2943.98
evt-checkout-eu-west-000091,2025-01-04 19:00:00+00:00,2025-01-04 19:05:00+00:00,checkout,eu-west,2025.01,1209.38,0.01123,207.21,2442.48
evt-checkout-eu-west-000092,2025-01-04 20:00:00+00:00,2025-01-04 20:05:00+00:00,checkout,eu-west,2025.01,1135.72,0.012445,225.34,2328.36
evt-checkout-eu-west-000093,2025-01-04 21:00:00+00:00,2025-01-04 21:05:00+00:00,checkout,eu-west,2025.01,985.0,0.016231,237.63,2031.71
evt-checkout-eu-west-000094,2025-01-04 22:00:00+00:00,2025-01-04 22:05:00+00:00,checkout,eu-west,2025.01,830.1,0.007528,228.35,1681.75
evt-checkout-eu-west-000095,2025-01-04 23:00:00+00:00,2025-01-04 23:05:00+00:00,checkout,eu-west,2025.01,844.14,0.014033,241.42,1768.16
evt-checkout-eu-west-000096,2025-01-05 00:00:00+00:00,2025-01-05 00:05:00+00:00,checkout,eu-west,2025.01,851.46,0.011112,225.46,1854.3
evt-checkout-eu-west-000097,2025-01-05 01:00:00+00:00,2025-01-05 01:05:00+00:00,checkout,eu-west,2025.01,783.61,0.009717,223.14,1564.89
evt-checkout-eu-west-000098,2025-01-05 02:00:00+00:00,2025-01-05 02:05:00+00:00,checkout,eu-west,2025.01,1016.11,0.00741,229.37,2112.54
evt-checkout-eu-west-000099,2025-01-05 03:00:00+00:00,2025-01-05 03:05:00+00:00,checkout,eu-west,2025.01,955.94,0.012417,225.68,1956.55
evt-checkout-eu-west-000100,2025-01-05 04:00:00+00:00,2025-01-05 04:05:00+00:00,checkout,eu-west,2025.01,1058.41,0.009806,225.12,2158.75
evt-checkout-eu-west-000101,2025-01-05 05:00:00+00:00,2025-01-05 05:05:00+00:00,checkout,eu-west,2025.01,1073.48,0.009757,234.72,2055.8
evt-checkout-eu-west-000102,2025-01-05 06:00:00+00:00,2025-01-05 06:05:00+00:00,checkout,eu-west,2025.01,1011.45,0.012834,204.45,2081.23
evt-checkout-eu-west-000103,2025-01-05 07:00:00+00:00,2025-01-05 07:05:00+00:00,checkout,eu-west,2025.01,1204.87,0.011827,214.0,2354.01
evt-checkout-eu-west-000104,2025-01-05 08:00:00+00:00,2025-01-05 08:05:00+00:00,checkout,eu-west,2025.01,1396.78,0.011539,223.37,2711.4
evt-checkout-eu-west-000105,2025-01-05 09:00:00+00:00,2025-01-05 09:05:00+00:00,checkout,eu-west,2025.01,1323.31,0.006201,201.36,2722.19
evt-checkout-eu-west-000106,2025-01-05 10:00:00+00:00,2025-01-05 10:05:00+00:00,checkout,eu-west,2025.01,1509.61,0.00938,210.46,3060.02
evt-checkout-eu-west-000107,2025-01-05 11:00:00+00:00,2025-01-05 11:05:00+00:00,checkout,eu-west,2025.01,1728.26,0.011759,197.27,3547.33
evt-checkout-eu-west-000108,2025-01-05 12:00:00+00:00,2025-01-05 12:05:00+00:00,checkout,eu-west,2025.01,1743.58,0.009094,206.26,3550.32
evt-checkout-eu-west-000109,2025-01-05 13:00:00+00:00,2025-01-05 13:05:00+00:00,checkout,eu-west,2025.01,1883.19,0.011215,207.93,4022.92
evt-checkout-eu-west-000110,2025-01-05 14:00:00+00:00,2025-01-05 14:05:00+00:00,checkout,eu-west,2025.01,1748.12,0.011308,201.14,3602.04
evt-checkout-eu-west-000111,2025-01-05 15:00:00+00:00,2025-01-05 15:05:00+00:00,checkout,eu-west,2025.01,1793.66,0.008705,201.46,3774.32
evt-checkout-eu-west-000112,2025-01-05 16:00:00+00:00,2025-01-05 16:05:00+00:00,checkout,eu-west,2025.01,1652.99,0.011022,196.56,3342.3
evt-checkout-eu-west-000113,2025-01-05 17:00:00+00:00,2025-01-05 17:05:00+00:00,checkout,eu-west,2025.01,1623.46,0.010863,201.26,3270.63
evt-checkout-eu-west-000114,2025-01-05 18:00:00+00:00,2025-01-05 18:05:00+00:00,checkout,eu-west,2025.01,1419.99,0.012235,211.36,2973.33
evt-checkout-eu-west-000115,2025-01-05 19:00:00+00:00,2025-01-05 19:05:00+00:00,checkout,eu-west,2025.01,1121.3,0.011765,223.62,2251.66
evt-checkout-eu-west-000116,2025-01-05 20:00:00+00:00,2025-01-05 20:05:00+00:00,checkout,eu-west,2025.01,1133.32,0.014252,224.4,2366.96
evt-checkout-eu-west-000117,2025-01-05 21:00:00+00:00,2025-01-05 21:05:00+00:00,checkout,eu-west,2025.01,1015.63,0.011418,221.81,2099.42
evt-checkout-eu-west-000118,2025-01-05 22:00:00+00:00,2025-01-05 22:05:00+00:00,checkout,eu-west,2025.01,815.24,0.011821,225.26,1711.27
evt-checkout-eu-west-000119,2025-01-05 23:00:00+00:00,2025-01-05 23:05:00+00:00,checkout,eu-west,2025.01,811.08,0.009638,236.78,1707.86
evt-checkout-eu-west-000120,2025-01-06 00:00:00+00:00,2025-01-06 00:05:00+00:00,checkout,eu-west,2025.01,1014.9,0.012478,214.65,2062.15
evt-checkout-eu-west-000121,2025-01-06 01:00:00+00:00,2025-01-06 01:05:00+00:00,checkout,eu-west,2025.01,1171.4,0.011142,231.42,2412.05
evt-checkout-eu-west-000122,2025-01-06 02:00:00+00:00,2025-01-06 02:05:00+00:00,checkout,eu-west,2025.01,1239.81,0.011712,241.11,2556.32
evt-checkout-eu-west-000123,2025-01-06 03:00:00+00:00,2025-01-06 03:05:00+00:00,checkout,eu-west,2025.01,1219.87,0.009104,216.87,2521.58
evt-checkout-eu-west-000124,2025-01-06 04:00:00+00:00,2025-01-06 04:05:00+00:00,checkout,eu-west,2025.01,1277.14,0.013081,226.77,2636.18
evt-checkout-eu-west-000125,2025-01-06 05:00:00+00:00,2025-01-06 05:05:00+00:00,checkout,eu-west,2025.01,1349.42,0.010897,222.97,2738.11
evt-checkout-eu-west-000126,2025-01-06 06:00:00+00:00,2025-01-06 06:05:00+00:00,checkout,eu-west,2025.01,1448.01,0.011713,227.85,3081.72
evt-checkout-eu-west-000127,2025-01-06 07:00:00+00:00,2025-01-06 07:05:00+00:00,checkout,eu-west,2025.01,1555.51,0.010012,207.24,3227.67
evt-checkout-eu-west-000128,2025-01-06 08:00:00+00:00,2025-01-06 08:05:00+00:00,checkout,eu-west,2025.01,1610.39,0.012235,215.54,3430.88
evt-checkout-eu-west-000129,2025-01-06 09:00:00+00:00,2025-01-06 09:05:00+00:00,checkout,eu-west,2025.01,1711.03,0.016122,208.54,3605.97
evt-checkout-eu-west-000130,2025-01-06 10:00:00+00:00,2025-01-06 10:05:00+00:00,checkout,eu-west,2025.01,1849.55,0.009098,201.0,3786.98
evt-checkout-eu-west-000131,2025-01-06 11:00:00+00:00,2025-01-06 11:05:00+00:00,checkout,eu-west,2025.01,1899.1,0.011906,214.45,3876.25
evt-checkout-eu-west-000132,2025-01-06 12:00:00+00:00,2025-01-06 12:05:00+00:00,checkout,eu-west,2025.01,2132.05,0.011964,213.03,4344.03
evt-checkout-eu-west-000133,2025-01-06 13:00:00+00:00,2025-01-06 13:05:00+00:00,checkout,eu-west,2025.01,2198.49,0.008662,217.57,4440.24
evt-checkout-eu-west-000134,2025-01-06 14:00:00+00:00,2025-01-06 14:05:00+00:00,checkout,eu-west,2025.01,2183.25,0.01051,195.1,4514.65
evt-checkout-eu-west-000135,2025-01-06 15:00:00+00:00,2025-01-06 15:05:00+00:00,checkout,eu-west,2025.01,2117.3,0.010924,200.89,4213.14
evt-checkout-eu-west-000136,2025-01-06 16:00:00+00:00,2025-01-06 16:05:00+00:00,checkout,eu-west,2025.01,2179.08,0.009988,218.22,4360.47
evt-checkout-eu-west-000137,2025-01-06 17:00:00+00:00,2025-01-06 17:05:00+00:00,checkout,eu-west,2025.01,1914.74,0.011518,213.19,3842.9
evt-checkout-eu-west-000138,2025-01-06 18:00:00+00:00,2025-01-06 18:05:00+00:00,checkout,eu-west,2025.01,1663.52,0.008491,212.38,3446.15
evt-checkout-eu-west-000139,2025-01-06 19:00:00+00:00,2025-01-06 19:05:00+00:00,checkout,eu-west,2025.01,1482.12,0.010028,191.55,3305.59
evt-checkout-eu-west-000140,2025-01-06 20:00:00+00:00,2025-01-06 20:05:00+00:00,checkout,eu-west,2025.01,1314.28,0.011643,223.61,2538.04
evt-checkout-eu-west-000141,2025-01-06 21:00:00+00:00,2025-01-06 21:05:00+00:00,checkout,eu-west,2025.01,1204.26,0.01331,226.77,2505.03
evt-checkout-eu-west-000142,2025-01-06 22:00:00+00:00,2025-01-06 22:05:00+00:00,checkout,eu-west,2025.01,1091.67,0.009302,224.51,2278.34
evt-checkout-eu-west-000143,2025-01-06 23:00:00+00:00,2025-01-06 23:05:00+00:00,checkout,eu-west,2025.01,962.83,0.012142,234.33,2065.78
evt-checkout-eu-west-000144,2025-01-07 00:00:00+00:00,2025-01-07 00:05:00+00:00,checkout,eu-west,2025.01,1056.78,0.013857,217.03,2142.24
evt-checkout-eu-west-000145,2025-01-07 01:00:00+00:00,2025-01-07 01:05:00+00:00,checkout,eu-west,2025.01,989.86,0.017211,220.39,1983.21
evt-checkout-eu-west-000146,2025-01-07 02:00:00+00:00,2025-01-07 02:05:00+00:00,checkout,eu-west,2025.01,1173.96,0.01022,234.65,2379.02
evt-checkout-eu-west-000147,2025-01-07 03:00:00+00:00,2025-01-07 03:05:00+00:00,checkout,eu-west,2025.01,1203.61,0.009998,238.59,2511.36
evt-checkout-eu-west-000148,2025-01-07 04:00:00+00:00,2025-01-07 04:05:00+00:00,checkout,eu-west,2025.01,1283.63,0.009866,199.78,2702.1
evt-checkout-eu-west-000149,2025-01-07 05:00:00+00:00,2025-01-07 05:05:00+00:00,checkout,eu-west,2025.01,1390.69,0.01245,217.8,2780.89
evt-checkout-eu-west-000150,2025-01-07 06:00:00+00:00,2025-01-07 06:05:00+00:00,checkout,eu-west,2025.01,1560.18,0.00739,203.98,3034.25
evt-checkout-eu-west-000151,2025-01-07 07:00:00+00:00,2025-01-07 07:05:00+00:00,checkout,eu-west,2025.01,1537.66,0.009144,234.84,3176.73
evt-checkout-eu-west-000152,2025-01-07 08:00:00+00:00,2025-01-07 08:05:00+00:00,checkout,eu-west,2025.01,1695.13,0.010103,202.91,3553.32
evt-checkout-eu-west-000153,2025-01-07 09:00:00+00:00,2025-01-07 09:05:00+00:00,checkout,eu-west,2025.01,1611.42,0.010452,217.29,3343.87
evt-checkout-eu-west-000154,2025-01-07 10:00:00+00:00,2025-01-07 10:05:00+00:00,checkout,eu-west,2025.01,1927.11,0.012278,211.38,4065.21
evt-checkout-eu-west-000155,2025-01-07 11:00:00+00:00,2025-01-07 11:05:00+00:00,checkout,eu-west,2025.01,1973.06,0.01302,212.81,4052.95
evt-checkout-eu-west-000156,2025-01-07 12:00:00+00:00,2025-01-07 12:05:00+00:00,checkout,eu-west,2025.01,2181.64,0.011788,196.08,4474.91
evt-checkout-eu-west-000157,2025-01-07 13:00:00+00:00,2025-01-07 13:05:00+00:00,checkout,eu-west,2025.01,2198.6,0.011221,202.83,4509.62
evt-checkout-eu-west-000158,2025-01-07 14:00:00+00:00,2025-01-07 14:05:00+00:00,checkout,eu-west,2025.01,2222.06,0.009565,202.18,4516.44
evt-checkout-eu-west-000159,2025-01-07 15:00:00+00:00,2025-01-07 15:05:00+00:00,checkout,eu-west,2025.01,2201.73,0.010312,196.22,4552.92
evt-checkout-eu-west-000160,2025-01-07 16:00:00+00:00,2025-01-07 16:05:00+00:00,checkout,eu-west,2025.01,2068.77,0.009951,205.93,4225.84
evt-checkout-eu-west-000161,2025-01-07 17:00:00+00:00,2025-01-07 17:05:00+00:00,checkout,eu-west,2025.01,1896.43,0.009175,207.46,4039.96
evt-checkout-eu-west-000162,2025-01-07 18:00:00+00:00,2025-01-07 18:05:00+00:00,checkout,eu-west,2025.01,1682.62,0.01158,223.87,3468.42
evt-checkout-eu-west-000163,2025-01-07 19:00:00+00:00,2025-01-07 19:05:00+00:00,checkout,eu-west,2025.01,1502.47,0.012606,227.57,3073.48
evt-checkout-eu-west-000164,2025-01-07 20:00:00+00:00,2025-01-07 20:05:00+00:00,checkout,eu-west,2025.01,1209.64,0.009435,221.6,2504.17
evt-checkout-eu-west-000165,2025-01-07 21:00:00+00:00,2025-01-07 21:05:00+00:00,checkout,eu-west,2025.01,1173.65,0.011041,222.92,2320.65
evt-checkout-eu-west-000166,2025-01-07 22:00:00+00:00,2025-01-07 22:05:00+00:00,checkout,eu-west,2025.01,1090.05,0.011743,230.31,2251.45
evt-checkout-eu-west-000167,2025-01-07 23:00:00+00:00,2025-01-07 23:05:00+00:00,checkout,eu-west,2025.01,1030.79,0.009437,219.43,2066.14
evt-checkout-eu-west-000168,2025-01-08 00:00:00+00:00,2025-01-08 00:05:00+00:00,checkout,eu-west,2025.01,1027.75,0.012598,234.16,2200.88
evt-checkout-eu-west-000169,2025-01-08 01:00:00+00:00,2025-01-08 01:05:00+00:00,checkout,eu-west,2025.01,1035.31,0.012996,231.91,2199.23
evt-checkout-eu-west-000170,2025-01-08 02:00:00+00:00,2025-01-08 02:05:00+00:00,checkout,eu-west,2025.01,1204.36,0.010006,217.5,2435.97
evt-checkout-eu-west-000171,2025-01-08 03:00:00+00:00,2025-01-08 03:05:00+00:00,checkout,eu-west,2025.01,1253.72,0.007458,218.4,2543.4
evt-checkout-eu-west-000172,2025-01-08 04:00:00+00:00,2025-01-08 04:05:00+00:00,checkout,eu-west,2025.01,1303.66,0.0168,203.63,2710.0
evt-checkout-eu-west-000173,2025-01-08 05:00:00+00:00,2025-01-08 05:05:00+00:00,checkout,eu-west,2025.01,1288.12,0.012252,218.53,2579.61
evt-checkout-eu-west-000174,2025-01-08 06:00:00+00:00,2025-01-08 06:05:00+00:00,checkout,eu-west,2025.01,1357.39,0.010918,217.47,2872.67
evt-checkout-eu-west-000175,2025-01-08 07:00:00+00:00,2025-01-08 07:05:00+00:00,checkout,eu-west,2025.01,1490.22,0.010623,200.93,3161.77
evt-checkout-eu-west-000176,2025-01-08 08:00:00+00:00,2025-01-08 08:05:00+00:00,checkout,eu-west,2025.01,1661.14,0.011572,216.51,3321.63
evt-checkout-eu-west-000177,2025-01-08 09:00:00+00:00,2025-01-08 09:05:00+00:00,checkout,eu-west,2025.01,1783.22,0.010732,201.06,3812.41
evt-checkout-eu-west-000178,2025-01-08 10:00:00+00:00,2025-01-08 10:05:00+00:00,checkout,eu-west,2025.01,1856.88,0.008653,220.41,3852.22
evt-checkout-eu-west-000179,2025-01-08 11:00:00+00:00,2025-01-08 11:05:00+00:00,checkout,eu-west,2025.01,2046.98,0.010598,184.71,4336.8
evt-checkout-eu-west-000180,2025-01-08 12:00:00+00:00,2025-01-08 12:05:00+00:00,checkout,eu-west,2025.01,2091.55,0.010192,198.36,4366.65
evt-checkout-eu-west-000181,2025-01-08 13:00:00+00:00,2025-01-08 13:05:00+00:00,checkout,eu-west,2025.01,2167.46,0.012007,218.12,4455.62
evt-checkout-eu-west-000182,2025-01-08 14:00:00+00:00,2025-01-08 14:05:00+00:00,checkout,eu-west,2025.01,2223.38,0.01023,202.06,4386.23
evt-checkout-eu-west-000183,2025-01-08 15:00:00+00:00,2025-01-08 15:05:00+00:00,checkout,eu-west,2025.01,2149.96,0.008953,209.63,4361.23
evt-checkout-eu-west-000184,2025-01-08 16:00:00+00:00,2025-01-08 16:05:00+00:00,checkout,eu-west,2025.01,2079.31,0.009218,212.03,4495.58
evt-checkout-eu-west-000185,2025-01-08 17:00:00+00:00,2025-01-08 17:05:00+00:00,checkout,eu-west,2025.01,1808.72,0.01245,204.96,3553.17
evt-checkout-eu-west-000186,2025-01-08 18:00:00+00:00,2025-01-08 18:05:00+00:00,checkout,eu-west,2025.01,1748.08,0.012648,199.37,3567.36
evt-checkout-eu-west-000187,2025-01-08 19:00:00+00:00,2025-01-08 19:05:00+00:00,checkout,eu-west,2025.01,1449.13,0.010369,214.11,3008.22
evt-checkout-eu-west-000188,2025-01-08 20:00:00+00:00,2025-01-08 20:05:00+00:00,checkout,eu-west,2025.01,1363.98,0.00997,215.34,2850.87
evt-checkout-eu-west-000189,2025-01-08 21:00:00+00:00,2025-01-08 21:05:00+00:00,checkout,eu-west,2025.01,1069.02,0.009565,207.71,2165.61
evt-checkout-eu-west-000190,2025-01-08 22:00:00+00:00,2025-01-08 22:05:00+00:00,checkout,eu-west,2025.01,1117.18,0.011803,239.99,2250.63
evt-checkout-eu-west-000191,2025-01-08 23:00:00+00:00,2025-01-08 23:05:00+00:00,checkout,eu-west,2025.01,994.55,0.013191,233.88,2029.03
evt-checkout-eu-west-000192,2025-01-09 00:00:00+00:00,2025-01-09 00:05:00+00:00,checkout,eu-west,2025.01,1015.17,0.008308,243.48,1999.55
evt-checkout-eu-west-000193,2025-01-09 01:00:00+00:00,2025-01-09 01:05:00+00:00,checkout,eu-west,2025.01,1052.63,0.010689,225.69,2082.34
evt-checkout-eu-west-000194,2025-01-09 02:00:00+00:00,2025-01-09 02:05:00+00:00,checkout,eu-west,2025.01,1136.1,0.012312,224.23,2274.1
evt-checkout-eu-west-000195,2025-01-09 03:00:00+00:00,2025-01-09 03:05:00+00:00,checkout,eu-west,2025.01,1221.73,0.013609,222.29,2379.8
evt-checkout-eu-west-000196,2025-01-09 04:00:00+00:00,2025-01-09 04:05:00+00:00,checkout,eu-west,2025.01,1378.69,0.013709,226.26,2721.38
evt-checkout-eu-west-000197,2025-01-09 05:00:00+00:00,2025-01-09 05:05:00+00:00,checkout,eu-west,2025.01,1310.77,0.011292,226.64,2736.98
evt-checkout-eu-west-000198,2025-01-09 06:00:00+00:00,2025-01-09 06:05:00+00:00,checkout,eu-west,2025.01,1440.79,0.007998,217.42,3015.29
evt-checkout-eu-west-000199,2025-01-09 07:00:00+00:00,2025-01-09 07:05:00+00:00,checkout,eu-west,2025.01,1523.33,0.012844,210.92,3278.53
evt-checkout-eu-west-000200,2025-01-09 08:00:00+00:00,2025-01-09 08:05:00+00:00,checkout,eu-west,2025.01,1582.07,0.011876,207.0,3179.98
evt-checkout-eu-west-000201,2025-01-09 09:00:00+00:00,2025-01-09 09:05:00+00:00,checkout,eu-west,2025.01,1749.76,0.012428,213.1,3614.49
evt-checkout-eu-west-000202,2025-01-09 10:00:00+00:00,2025-01-09 10:05:00+00:00,checkout,eu-west,2025.01,1716.81,0.013105,207.03,3536.54
evt-checkout-eu-west-000203,2025-01-09 11:00:00+00:00,2025-01-09 11:05:00+00:00,checkout,eu-west,2025.01,1927.66,0.010725,212.85,3978.02
evt-checkout-eu-west-000204,2025-01-09 12:00:00+00:00,2025-01-09 12:05:00+00:00,checkout,eu-west,2025.01,2122.55,0.010397,207.48,4325.7
evt-checkout-eu-west-000205,2025-01-09 13:00:00+00:00,2025-01-09 13:05:00+00:00,checkout,eu-west,2025.01,2121.84,0.010155,176.48,4330.8
evt-checkout-eu-west-000206,2025-01-09 14:00:00+00:00,2025-01-09 14:05:00+00:00,checkout,eu-west,2025.01,2214.01,0.008925,189.73,4680.01
evt-checkout-eu-west-000207,2025-01-09 15:00:00+00:00,2025-01-09 15:05:00+00:00,checkout,eu-west,2025.01,2198.68,0.011258,194.58,4534.6
evt-checkout-eu-west-000208,2025-01-09 16:00:00+00:00,2025-01-09 16:05:00+00:00,checkout,eu-west,2025.01,2140.74,0.008575,200.79,4221.35
evt-checkout-eu-west-000209,2025-01-09 17:00:00+00:00,2025-01-09 17:05:00+00:00,checkout,eu-west,2025.01,1843.26,0.013634,217.66,3750.35
evt-checkout-eu-west-000210,2025-01-09 18:00:00+00:00,2025-01-09 18:05:00+00:00,checkout,eu-west,2025.01,1704.89,0.011805,203.76,3651.06
evt-checkout-eu-west-000211,2025-01-09 19:00:00+00:00,2025-01-09 19:05:00+00:00,checkout,eu-west,2025.01,1465.15,0.011077,200.14,2897.61
evt-checkout-eu-west-000212,2025-01-09 20:00:00+00:00,2025-01-09 20:05:00+00:00,checkout,eu-west,2025.01,1339.09,0.012318,225.31,2784.02
evt-checkout-eu-west-000213,2025-01-09 21:00:00+00:00,2025-01-09 21:05:00+00:00,checkout,eu-west,2025.01,1149.38,0.014218,235.14,2304.68
evt-checkout-eu-west-000214,2025-01-09 22:00:00+00:00,2025-01-09 22:05:00+00:00,checkout,eu-west,2025.01,1024.2,0.015259,226.87,2103.87
evt-checkout-eu-west-000215,2025-01-09 23:00:00+00:00,2025-01-09 23:05:00+00:00,checkout,eu-west,2025.01,971.4,0.008575,228.95,1932.61
evt-checkout-eu-west-000216,2025-01-10 00:00:00+00:00,2025-01-10 00:05:00+00:00,checkout,eu-west,2025.01,1004.54,0.013728,227.34,2058.86
evt-checkout-eu-west-000217,2025-01-10 01:00:00+00:00,2025-01-10 01:05:00+00:00,checkout,eu-west,2025.01,1131.48,0.011065,223.14,2320.83
evt-checkout-eu-west-000218,2025-01-10 02:00:00+00:00,2025-01-10 02:05:00+00:00,checkout,eu-west,2025.01,1125.26,0.013997,213.18,2398.55
evt-checkout-eu-west-000219,2025-01-10 03:00:00+00:00,2025-01-10 03:05:00+00:00,checkout,eu-west,2025.01,1308.41,0.013743,224.18,2631.75
evt-checkout-eu-west-000220,2025-01-10 04:00:00+00:00,2025-01-10 04:05:00+00:00,checkout,eu-west,2025.01,1224.74,0.014139,211.81,2519.9
evt-checkout-eu-west-000221,2025-01-10 05:00:00+00:00,2025-01-10 05:05:00+00:00,checkout,eu-west,2025.01,1341.01,0.014261,221.48,2902.05
evt-checkout-eu-west-000222,2025-01-10 06:00:00+00:00,2025-01-10 06:05:00+00:00,checkout,eu-west,2025.01,1515.98,0.010872,204.15,3209.46
evt-checkout-eu-west-000223,2025-01-10 07:00:00+00:00,2025-01-10 07:05:00+00:00,checkout,eu-west,2025.01,1520.09,0.014152,213.71,3124.08
evt-checkout-eu-west-000224,2025-01-10 08:00:00+00:00,2025-01-10 08:05:00+00:00,checkout,eu-west,2025.01,1663.79,0.010185,226.64,3277.96
evt-checkout-eu-west-000225,2025-01-10 09:00:00+00:00,2025-01-10 09:05:00+00:00,checkout,eu-west,2025.01,1660.03,0.011286,196.61,3371.85
evt-checkout-eu-west-000226,2025-01-10 10:00:00+00:00,2025-01-10 10:05:00+00:00,checkout,eu-west,2025.01,1831.73,0.010551,224.39,3781.87
evt-checkout-eu-west-000227,2025-01-10 11:00:00+00:00,2025-01-10 11:05:00+00:00,checkout,eu-west,2025.01,1926.96,0.010339,220.94,4080.07
evt-checkout-eu-west-000228,2025-01-10 12:00:00+00:00,2025-01-10 12:05:00+00:00,checkout,eu-west,2025.01,2086.73,0.008902,215.5,4320.97
evt-checkout-eu-west-000229,2025-01-10 13:00:00+00:00,2025-01-10 13:05:00+00:00,checkout,eu-west,2025.01,2187.87,0.0088,202.44,4445.23
evt-checkout-eu-west-000230,2025-01-10 14:00:00+00:00,2025-01-10 14:05:00+00:00,checkout,eu-west,2025.01,2281.28,0.008937,209.34,4688.06
evt-checkout-eu-west-000231,2025-01-10 15:00:00+00:00,2025-01-10 15:05:00+00:00,checkout,eu-west,2025.01,2168.67,0.013036,216.66,4356.32
evt-checkout-eu-west-000232,2025-01-10 16:00:00+00:00,2025-01-10 16:05:00+00:00,checkout,eu-west,2025.01,2113.31,0.011484,199.62,4332.1
evt-checkout-eu-west-000233,2025-01-10 17:00:00+00:00,2025-01-10 17:05:00+00:00,checkout,eu-west,2025.01,1924.27,0.009177,191.04,3812.59
evt-checkout-eu-west-000234,2025-01-10 18:00:00+00:00,2025-01-10 18:05:00+00:00,checkout,eu-west,2025.01,1677.45,0.012971,203.34,3561.11
evt-checkout-eu-west-000235,2025-01-10 19:00:00+00:00,2025-01-10 19:05:00+00:00,checkout,eu-west,2025.01,1467.65,0.009037,211.57,3033.68
evt-checkout-eu-west-000236,2025-01-10 20:00:00+00:00,2025-01-10 20:05:00+00:00,checkout,eu-west,2025.01,1240.83,0.012122,223.84,2619.89
evt-checkout-eu-west-000237,2025-01-10 21:00:00+00:00,2025-01-10 21:05:00+00:00,checkout,eu-west,2025.01,1070.48,0.008714,234.17,2149.02
evt-checkout-eu-west-000238,2025-01-10 22:00:00+00:00,2025-01-10 22:05:00+00:00,checkout,eu-west,2025.01,1051.01,0.012527,231.18,2185.89
evt-checkout-eu-west-000239,2025-01-10 23:00:00+00:00,2025-01-10 23:05:00+00:00,checkout,eu-west,2025.01,1062.51,0.01054,230.98,2286.69
evt-checkout-eu-west-000240,2025-01-11 00:00:00+00:00,2025-01-11 00:05:00+00:00,checkout,eu-west,2025.01,730.24,0.012994,236.45,1463.42
evt-checkout-eu-west-000241,2025-01-11 01:00:00+00:00,2025-01-11 01:05:00+00:00,checkout,eu-west,2025.01,1026.45,0.012834,229.01,2131.12
evt-checkout-eu-west-000242,2025-01-11 02:00:00+00:00,2025-01-11 02:05:00+00:00,checkout,eu-west,2025.01,1077.04,0.010634,224.75,2159.25
evt-checkout-eu-west-000243,2025-01-11 03:00:00+00:00,2025-01-11 03:05:00+00:00,checkout,eu-west,2025.01,1002.91,0.010203,226.3,2012.88
evt-checkout-eu-west-000244,2025-01-11 04:00:00+00:00,2025-01-11 04:05:00+00:00,checkout,eu-west,2025.01,972.42,0.011836,222.95,2009.73
evt-checkout-eu-west-000245,2025-01-11 05:00:00+00:00,2025-01-11 05:05:00+00:00,checkout,eu-west,2025.01,1109.13,0.011094,209.43,2267.72
evt-checkout-eu-west-000246,2025-01-11 06:00:00+00:00,2025-01-11 06:05:00+00:00,checkout,eu-west,2025.01,1259.45,0.009501,219.15,2516.45
evt-checkout-eu-west-000247,2025-01-11 07:00:00+00:00,2025-01-11 07:05:00+00:00,checkout,eu-west,2025.01,1287.44,0.014005,231.02,2696.4
evt-checkout-eu-west-000248,2025-01-11 08:00:00+00:00,2025-01-11 08:05:00+00:00,checkout,eu-west,2025.01,1271.01,0.010869,228.88,2567.34
evt-checkout-eu-west-000249,2025-01-11 09:00:00+00:00,2025-01-11 09:05:00+00:00,checkout,eu-west,2025.01,1405.33,0.00927,211.62,2801.15
evt-checkout-eu-west-000250,2025-01-11 10:00:00+00:00,2025-01-11 10:05:00+00:00,checkout,eu-west,2025.01,1445.05,0.011285,200.87,3078.87
evt-checkout-eu-west-000251,2025-01-11 11:00:00+00:00,2025-01-11 11:05:00+00:00,checkout,eu-west,2025.01,1636.11,0.008144,211.91,3326.61
evt-checkout-eu-west-000252,2025-01-11 12:00:00+00:00,2025-01-11 12:05:00+00:00,checkout,eu-west,2025.01,1737.38,0.009583,211.96,3610.8
evt-checkout-eu-west-000253,2025-01-11 13:00:00+00:00,2025-01-11 13:05:00+00:00,checkout,eu-west,2025.01,1790.29,0.008028,218.16,3607.39
evt-checkout-eu-west-000254,2025-01-11 14:00:00+00:00,2025-01-11 14:05:00+00:00,checkout,eu-west,2025.01,1708.35,0.01256,209.83,3492.14
evt-checkout-eu-west-000255,2025-01-11 15:00:00+00:00,2025-01-11 15:05:00+00:00,checkout,eu-west,2025.01,1812.2,0.009915,209.31,3895.74
evt-checkout-eu-west-000256,2025-01-11 16:00:00+00:00,2025-01-11 16:05:00+00:00,checkout,eu-west,2025.01,1659.77,0.013642,221.45,3429.64
evt-checkout-eu-west-000257,2025-01-11 17:00:00+00:00,2025-01-11 17:05:00+00:00,checkout,eu-west,2025.01,1615.44,0.01164,207.58,3252.39
evt-checkout-eu-west-000258,2025-01-11 18:00:00+00:00,2025-01-11 18:05:00+00:00,checkout,eu-west,2025.01,1373.86,0.011204,202.9,2983.1
evt-checkout-eu-west-000259,2025-01-11 19:00:00+00:00,2025-01-11 19:05:00+00:00,checkout,eu-west,2025.01,1254.95,0.011483,203.82,2483.51
evt-checkout-eu-west-000260,2025-01-11 20:00:00+00:00,2025-01-11 20:05:00+00:00,checkout,eu-west,2025.01,978.99,0.010384,215.3,2073.59
evt-checkout-eu-west-000261,2025-01-11 21:00:00+00:00,2025-01-11 21:05:00+00:00,checkout,eu-west,2025.01,1004.75,0.010329,222.87,2073.65
evt-checkout-eu-west-000262,2025-01-11 22:00:00+00:00,2025-01-11 22:05:00+00:00,checkout,eu-west,2025.01,862.48,0.015836,238.12,1746.45
evt-checkout-eu-west-000263,2025-01-11 23:00:00+00:00,2025-01-11 23:05:00+00:00,checkout,eu-west,2025.01,869.9,0.014038,232.2,1759.46
evt-checkout-eu-west-000264,2025-01-12 00:00:00+00:00,2025-01-12 00:05:00+00:00,checkout,eu-west,2025.01,892.96,0.013868,234.04,1897.63
evt-checkout-eu-west-000265,2025-01-12 01:00:00+00:00,2025-01-12 01:05:00+00:00,checkout,eu-west,2025.01,824.6,0.012187,233.12,1589.42
evt-checkout-eu-west-000266,2025-01-12 02:00:00+00:00,2025-01-12 02:05:00+00:00,checkout,eu-west,2025.01,927.7,0.013344,216.54,1851.45
evt-checkout-eu-west-000267,2025-01-12 03:00:00+00:00,2025-01-12 03:05:00+00:00,checkout,eu-west,2025.01,1005.5,0.01128,214.2,2110.14
evt-checkout-eu-west-000268,2025-01-12 04:00:00+00:00,2025-01-12 04:05:00+00:00,checkout,eu-west,2025.01,1114.67,0.010609,215.54,2224.14
evt-checkout-eu-west-000269,2025-01-12 05:00:00+00:00,2025-01-12 05:05:00+00:00,checkout,eu-west,2025.01,1237.66,0.010229,231.33,2647.47
evt-checkout-eu-west-000270,2025-01-12 06:00:00+00:00,2025-01-12 06:05:00+00:00,checkout,eu-west,2025.01,1115.07,0.011093,213.43,2322.67
evt-checkout-eu-west-000271,2025-01-12 07:00:00+00:00,2025-01-12 07:05:00+00:00,checkout,eu-west,2025.01,1233.89,0.008591,215.48,2514.43
evt-checkout-eu-west-000272,2025-01-12 08:00:00+00:00,2025-01-12 08:05:00+00:00,checkout,eu-west,2025.01,1346.16,0.011117,227.07,2681.68
evt-checkout-eu-west-000273,2025-01-12 09:00:00+00:00,2025-01-12 09:05:00+00:00,checkout,eu-west,2025.01,1447.12,0.013974,205.32,2957.13
evt-checkout-eu-west-000274,2025-01-12 10:00:00+00:00,2025-01-12 10:05:00+00:00,checkout,eu-west,2025.01,1478.3,0.009779,209.58,3144.73
evt-checkout-eu-west-000275,2025-01-12 11:00:00+00:00,2025-01-12 11:05:00+00:00,checkout,eu-west,2025.01,1635.05,0.011303,207.7,3432.46
evt-checkout-eu-west-000276,2025-01-12 12:00:00+00:00,2025-01-12 12:05:00+00:00,checkout,eu-west,2025.01,1677.28,0.012074,215.89,3410.11
evt-checkout-eu-west-000277,2025-01-12 13:00:00+00:00,2025-01-12 13:05:00+00:00,checkout,eu-west,2025.01,1842.72,0.010238,217.22,3673.78
evt-checkout-eu-west-000278,2025-01-12 14:00:00+00:00,2025-01-12 14:05:00+00:00,checkout,eu-west,2025.01,1786.26,0.008989,188.97,3689.46
evt-checkout-eu-west-000279,2025-01-12 15:00:00+00:00,2025-01-12 15:05:00+00:00,checkout,eu-west,2025.01,1801.66,0.008981,213.43,3840.33
evt-checkout-eu-west-000280,2025-01-12 16:00:00+00:00,2025-01-12 16:05:00+00:00,checkout,eu-west,2025.01,1689.03,0.010023,206.49,3368.86
evt-checkout-eu-west-000281,2025-01-12 17:00:00+00:00,2025-01-12 17:05:00+00:00,checkout,eu-west,2025.01,1569.22,0.009744,197.1,3174.91
evt-checkout-eu-west-000282,2025-01-12 18:00:00+00:00,2025-01-12 18:05:00+00:00,checkout,eu-west,2025.01,1497.33,0.010298,223.9,3051.34
evt-checkout-eu-west-000283,2025-01-12 19:00:00+00:00,2025-01-12 19:05:00+00:00,checkout,eu-west,2025.01,1153.08,0.010419,213.21,2325.57
evt-checkout-eu-west-000284,2025-01-12 20:00:00+00:00,2025-01-12 20:05:00+00:00,checkout,eu-west,2025.01,1031.11,0.011908,208.34,2209.65
evt-checkout-eu-west-000285,2025-01-12 21:00:00+00:00,2025-01-12 21:05:00+00:00,checkout,eu-west,2025.01,961.21,0.012316,209.28,1973.01
evt-checkout-eu-west-000286,2025-01-12 22:00:00+00:00,2025-01-12 22:05:00+00:00,checkout,eu-west,2025.01,968.77,0.015365,218.17,1948.25
evt-checkout-eu-west-000287,2025-01-12 23:00:00+00:00,2025-01-12 23:05:00+00:00,checkout,eu-west,2025.01,785.78,0.011946,223.44,1601.11
evt-checkout-eu-west-000288,2025-01-13 00:00:00+00:00,2025-01-13 00:05:00+00:00,checkout,eu-west,2025.01,1073.32,0.012571,232.98,2166.52
evt-checkout-eu-west-000289,2025-01-13 01:00:00+00:00,2025-01-13 01:05:00+00:00,checkout,eu-west,2025.01,1052.56,0.01045,209.66,2191.63
evt-checkout-eu-west-000290,2025-01-13 02:00:00+00:00,2025-01-13 02:05:00+00:00,checkout,eu-west,2025.01,1216.21,0.011547,222.35,2441.43
evt-checkout-eu-west-000291,2025-01-13 03:00:00+00:00,2025-01-13 03:05:00+00:00,checkout,eu-west,2025.01,1192.6,0.013509,207.52,2368.83
evt-checkout-eu-west-000292,2025-01-13 04:00:00+00:00,2025-01-13 04:05:00+00:00,checkout,eu-west,2025.01,1176.79,0.011304,227.61,2420.01
evt-checkout-eu-west-000293,2025-01-13 05:00:00+00:00,2025-01-13 05:05:00+00:00,checkout,eu-west,2025.01,1444.04,0.011685,210.53,2974.52
evt-checkout-eu-west-000294,2025-01-13 06:00:00+00:00,2025-01-13 06:05:00+00:00,checkout,eu-west,2025.01,1362.33,0.010799,210.93,2671.1
evt-checkout-eu-west-000295,2025-01-13 07:00:00+00:00,2025-01-13 07:05:00+00:00,checkout,eu-west,2025.01,1470.03,0.010467,229.12,2932.17
evt-checkout-eu-west-000296,2025-01-13 08:00:00+00:00,2025-01-13 08:05:00+00:00,checkout,eu-west,2025.01,1659.52,0.008881,222.13,3401.26
evt-checkout-eu-west-000297,2025-01-13 09:00:00+00:00,2025-01-13 09:05:00+00:00,checkout,eu-west,2025.01,1720.41,0.011494,223.84,3530.97
evt-checkout-eu-west-000298,2025-01-13 10:00:00+00:00,2025-01-13 10:05:00+00:00,checkout,eu-west,2025.01,1820.24,0.012352,207.45,3709.21
evt-checkout-eu-west-000299,2025-01-13 11:00:00+00:00,2025-01-13 11:05:00+00:00,checkout,eu-west,2025.01,1832.71,0.012867,203.86,3761.34
evt-checkout-eu-west-000300,2025-01-13 12:00:00+00:00,2025-01-13 12:05:00+00:00,checkout,eu-west,2025.01,1972.71,0.013692,204.08,4048.73
evt-checkout-eu-west-000301,2025-01-13 13:00:00+00:00,2025-01-13 13:05:00+00:00,checkout,eu-west,2025.01,2210.57,0.014247,205.58,4430.33
evt-checkout-eu-west-000302,2025-01-13 14:00:00+00:00,2025-01-13 14:05:00+00:00,checkout,eu-west,2025.01,2290.54,0.010435,201.81,4868.74
evt-checkout-eu-west-000303,2025-01-13 15:00:00+00:00,2025-01-13 15:05:00+00:00,checkout,eu-west,2025.01,2165.3,0.009736,205.57,4555.92
evt-checkout-eu-west-000304,2025-01-13 16:00:00+00:00,2025-01-13 16:05:00+00:00,checkout,eu-west,2025.01,2146.83,0.01079,224.97,4549.63
evt-checkout-eu-west-000305,2025-01-13 17:00:00+00:00,2025-01-13 17:05:00+00:00,checkout,eu-west,2025.01,1916.17,0.007215,208.99,4014.16
evt-checkout-eu-west-000306,2025-01-13 18:00:00+00:00,2025-01-13 18:05:00+00:00,checkout,eu-west,2025.01,1828.7,0.011042,206.39,3815.94
evt-checkout-eu-west-000307,2025-01-13 19:00:00+00:00,2025-01-13 19:05:00+00:00,checkout,eu-west,2025.01,1544.73,0.012713,220.6,3154.43
evt-checkout-eu-west-000308,2025-01-13 20:00:00+00:00,2025-01-13 20:05:00+00:00,checkout,eu-west,2025.01,1296.16,0.0105,232.96,2626.97
evt-checkout-eu-west-000309,2025-01-13 21:00:00+00:00,2025-01-13 21:05:00+00:00,checkout,eu-west,2025.01,1107.82,0.011647,210.68,2370.59
evt-checkout-eu-west-000310,2025-01-13 22:00:00+00:00,2025-01-13 22:05:00+00:00,checkout,eu-west,2025.01,1085.94,0.011384,253.93,2253.6
evt-checkout-eu-west-000311,2025-01-13 23:00:00+00:00,2025-01-13 23:05:00+00:00,checkout,eu-west,2025.01,1140.03,0.012381,227.86,2251.61
evt-checkout-eu-west-000312,2025-01-14 00:00:00+00:00,2025-01-14 00:05:00+00:00,checkout,eu-west,2025.01,946.93,0.012923,227.25,2049.03
evt-checkout-eu-west-000313,2025-01-14 01:00:00+00:00,2025-01-14 01:05:00+00:00,checkout,eu-west,2025.01,1061.7,0.010724,239.32,2200.17
evt-checkout-eu-west-000314,2025-01-14 02:00:00+00:00,2025-01-14 02:05:00+00:00,checkout,eu-west,2025.01,1156.38,0.011355,217.19,2321.88
evt-checkout-eu-west-000315,2025-01-14 03:00:00+00:00,2025-01-14 03:05:00+00:00,checkout,eu-west,2025.01,1316.64,0.012659,220.81,2681.02
evt-checkout-eu-west-000316,2025-01-14 04:00:00+00:00,2025-01-14 04:05:00+00:00,checkout,eu-west,2025.01,1358.25,0.010635,217.51,2744.1
evt-checkout-eu-west-000317,2025-01-14 05:00:00+00:00,2025-01-14 05:05:00+00:00,checkout,eu-west,2025.01,1509.75,0.013958,212.41,3107.26
evt-checkout-eu-west-000318,2025-01-14 06:00:00+00:00,2025-01-14 06:05:00+00:00,checkout,eu-west,2025.01,1420.43,0.013144,213.01,2872.73
evt-checkout-eu-west-000319,2025-01-14 07:00:00+00:00,2025-01-14 07:05:00+00:00,checkout,eu-west,2025.01,1437.77,0.010505,219.46,3064.11
evt-checkout-eu-west-000320,2025-01-14 08:00:00+00:00,2025-01-14 08:05:00+00:00,checkout,eu-west,2025.01,1465.13,0.008415,206.27,3020.33
evt-checkout-eu-west-000321,2025-01-14 09:00:00+00:00,2025-01-14 09:05:00+00:00,checkout,eu-west,2025.01,1703.45,0.010816,210.75,3498.31
evt-checkout-eu-west-000322,2025-01-14 10:00:00+00:00,2025-01-14 10:05:00+00:00,checkout,eu-west,2025.01,1828.57,0.011063,211.7,3848.85
evt-checkout-eu-west-000323,2025-01-14 11:00:00+00:00,2025-01-14 11:05:00+00:00,checkout,eu-west,2025.01,2093.63,0.012144,193.59,4444.0
evt-checkout-eu-west-000324,2025-01-14 12:00:00+00:00,2025-01-14 12:05:00+00:00,checkout,eu-west,2025.01,2111.08,0.012408,216.34,4391.22
evt-checkout-eu-west-000325,2025-01-14 13:00:00+00:00,2025-01-14 13:05:00+00:00,checkout,eu-west,2025.01,2108.65,0.008763,209.45,4300.76
evt-checkout-eu-west-000326,2025-01-14 14:00:00+00:00,2025-01-14 14:05:00+00:00,checkout,eu-west,2025.01,2189.43,0.011324,201.44,4426.82
evt-checkout-eu-west-000327,2025-01-14 15:00:00+00:00,2025-01-14 15:05:00+00:00,checkout,eu-west,2025.01,2060.84,0.011677,208.0,4186.32
evt-checkout-eu-west-000328,2025-01-14 16:00:00+00:00,2025-01-14 16:05:00+00:00,checkout,eu-west,2025.01,2024.91,0.008925,202.39,4176.7
evt-checkout-eu-west-000329,2025-01-14 17:00:00+00:00,2025-01-14 17:05:00+00:00,checkout,eu-west,2025.01,1983.66,0.009455,213.78,3952.49
evt-checkout-eu-west-000330,2025-01-14 18:00:00+00:00,2025-01-14 18:05:00+00:00,checkout,eu-west,2025.01,1667.32,0.010649,211.31,3334.71
evt-checkout-eu-west-000331,2025-01-14 19:00:00+00:00,2025-01-14 19:05:00+00:00,checkout,eu-west,2025.01,1525.44,0.012327,209.93,3248.91
evt-checkout-eu-west-000332,2025-01-14 20:00:00+00:00,2025-01-14 20:05:00+00:00,checkout,eu-west,2025.01,1231.41,0.009758,221.15,2466.27
evt-checkout-eu-west-000333,2025-01-14 21:00:00+00:00,2025-01-14 21:05:00+00:00,checkout,eu-west,2025.01,1124.77,0.01046,223.93,2323.82
evt-checkout-eu-west-000334,2025-01-14 22:00:00+00:00,2025-01-14 22:05:00+00:00,checkout,eu-west,2025.01,1140.0,0.012847,224.66,2434.37
evt-checkout-eu-west-000335,2025-01-14 23:00:00+00:00,2025-01-14 23:05:00+00:00,checkout,eu-west,2025.01,1064.49,0.011593,233.36,2298.03
evt-checkout-us-east-000000,2025-01-01 00:00:00+00:00,2025-01-01 00:05:00+00:00,checkout,us-east,2025.01,1249.06,0.013532,223.8,2499.96
evt-checkout-us-east-000001,2025-01-01 01:00:00+00:00,2025-01-01 01:05:00+00:00,checkout,us-east,2025.01,1393.54,0.012757,223.13,2855.84
evt-checkout-us-east-000002,2025-01-01 02:00:00+00:00,2025-01-01 02:05:00+00:00,checkout,us-east,2025.01,1319.06,0.012963,234.61,2837.85
evt-checkout-us-east-000003,2025-01-01 03:00:00+00:00,2025-01-01 03:05:00+00:00,checkout,us-east,2025.01,1539.57,0.010572,230.72,3198.13
evt-checkout-us-east-000004,2025-01-01 04:00:00+00:00,2025-01-01 04:05:00+00:00,checkout,us-east,2025.01,1612.53,0.012648,223.83,3255.48
evt-checkout-us-east-000005,2025-01-01 05:00:00+00:00,2025-01-01 05:05:00+00:00,checkout,us-east,2025.01,1605.99,0.013066,209.67,3364.69
evt-checkout-us-east-000006,2025-01-01 06:00:00+00:00,2025-01-01 06:05:00+00:00,checkout,us-east,2025.01,1665.33,0.010794,202.08,3395.2
evt-checkout-us-east-000007,2025-01-01 07:00:00+00:00,2025-01-01 07:05:00+00:00,checkout,us-east,2025.01,1731.23,0.010204,239.51,3369.68
evt-checkout-us-east-000008,2025-01-01 08:00:00+00:00,2025-01-01 08:05:00+00:00,checkout,us-east,2025.01,1790.58,0.009445,210.77,3455.4
evt-checkout-us-east-000009,2025-01-01 09:00:00+00:00,2025-01-01 09:05:00+00:00,checkout,us-east,2025.01,2002.58,0.010699,206.96,4034.08
evt-checkout-us-east-000010,2025-01-01 10:00:00+00:00,2025-01-01 10:05:00+00:00,checkout,us-east,2025.01,2135.35,0.009606,215.36,4423.12
evt-checkout-us-east-000011,2025-01-01 11:00:00+00:00,2025-01-01 11:05:00+00:00,checkout,us-east,2025.01,2423.21,0.007904,207.02,4988.2
evt-checkout-us-east-000012,2025-01-01 12:00:00+00:00,2025-01-01 12:05:00+00:00,checkout,us-east,2025.01,2459.43,0.010499,193.1,5097.95
evt-checkout-us-east-000013,2025-01-01 13:00:00+00:00,2025-01-01 13:05:00+00:00,checkout,us-east,2025.01,2511.73,0.012264,215.66,5325.07
evt-checkout-us-east-000014,2025-01-01 14:00:00+00:00,2025-01-01 14:05:00+00:00,checkout,us-east,2025.01,2493.38,0.008931,212.23,5167.52
evt-checkout-us-east-000015,2025-01-01 15:00:00+00:00,2025-01-01 15:05:00+00:00,checkout,us-east,2025.01,2418.62,0.012055,196.2,5050.88
evt-checkout-us-east-000016,2025-01-01 16:00:00+00:00,2025-01-01 16:05:00+00:00,checkout,us-east,2025.01,2465.92,0.010455,224.98,5155.56
evt-checkout-us-east-000017,2025-01-01 17:00:00+00:00,2025-01-01 17:05:00+00:00,checkout,us-east,2025.01,2193.7,0.009155,213.51,4429.85
evt-checkout-us-east-000018,2025-01-01 18:00:00+00:00,2025-01-01 18:05:00+00:00,checkout,us-east,2025.01,2060.02,0.009356,221.37,4270.1
evt-checkout-us-east-000019,2025-01-01 19:00:00+00:00,2025-01-01 19:05:00+00:00,checkout,us-east,2025.01,1858.91,0.011654,217.84,3918.39
evt-checkout-us-east-000020,2025-01-01 20:00:00+00:00,2025-01-01 20:05:00+00:00,checkout,us-east,2025.01,1608.06,0.011016,226.36,3319.08
evt-checkout-us-east-000021,2025-01-01 21:00:00+00:00,2025-01-01 21:05:00+00:00,checkout,us-east,2025.01,1363.59,0.013625,219.46,2810.15
evt-checkout-us-east-000022,2025-01-01 22:00:00+00:00,2025-01-01 22:05:00+00:00,checkout,us-east,2025.01,1311.78,0.010682,231.23,2735.3
evt-checkout-us-east-000023,2025-01-01 23:00:00+00:00,2025-01-01 23:05:00+00:00,checkout,us-east,2025.01,1140.32,0.012792,230.7,2395.59
evt-checkout-us-east-000024,2025-01-02 00:00:00+00:00,2025-01-02 00:05:00+00:00,checkout,us-east,2025.01,1222.37,0.012537,239.29,2594.49
evt-checkout-us-east-000025,2025-01-02 01:00:00+00:00,2025-01-02 01:05:00+00:00,checkout,us-east,2025.01,1293.14,0.011857,244.68,2669.68
evt-checkout-us-east-000026,2025-01-02 02:00:00+00:00,2025-01-02 02:05:00+00:00,checkout,us-east,2025.01,1259.88,0.012449,221.2,2623.28
evt-checkout-us-east-000027,2025-01-02 03:00:00+00:00,2025-01-02 03:05:00+00:00,checkout,us-east,2025.01,1514.71,0.011828,226.8,3070.37
evt-checkout-us-east-000028,2025-01-02 04:00:00+00:00,2025-01-02 04:05:00+00:00,checkout,us-east,2025.01,1491.95,0.00897,206.37,3083.81
evt-checkout-us-east-000029,2025-01-02 05:00:00+00:00,2025-01-02 05:05:00+00:00,checkout,us-east,2025.01,1659.35,0.011956,196.14,3423.15
evt-checkout-us-east-000030,2025-01-02 06:00:00+00:00,2025-01-02 06:05:00+00:00,checkout,us-east,2025.01,1836.78,0.01351,200.41,3844.6
evt-checkout-us-east-000031,2025-01-02 07:00:00+00:00,2025-01-02 07:05:00+00:00,checkout,us-east,2025.01,1851.49,0.010213,219.65,3778.05
evt-checkout-us-east-000032,2025-01-02 08:00:00+00:00,2025-01-02 08:05:00+00:00,checkout,us-east,2025.01,1796.33,0.013309,219.03,3743.82
evt-checkout-us-east-000033,2025-01-02 09:00:00+00:00,2025-01-02 09:05:00+00:00,checkout,us-east,2025.01,1989.33,0.012007,222.34,4122.24
evt-checkout-us-east-000034,2025-01-02 10:00:00+00:00,2025-01-02 10:05:00+00:00,checkout,us-east,2025.01,2059.8,0.009798,186.22,4277.21
evt-checkout-us-east-000035,2025-01-02 11:00:00+00:00,2025-01-02 11:05:00+00:00,checkout,us-east,2025.01,2387.65,0.008834,195.62,4829.22
evt-checkout-us-east-000036,2025-01-02 12:00:00+00:00,2025-01-02 12:05:00+00:00,checkout,us-east,2025.01,2511.02,0.009851,200.41,5087.19
evt-checkout-us-east-000037,2025-01-02 13:00:00+00:00,2025-01-02 13:05:00+00:00,checkout,us-east,2025.01,2605.47,0.008431,226.26,5668.1
evt-checkout-us-east-000038,2025-01-02 14:00:00+00:00,2025-01-02 14:05:00+00:00,checkout,us-east,2025.01,2659.37,0.008097,197.24,5406.09
evt-checkout-us-east-000039,2025-01-02 15:00:00+00:00,2025-01-02 15:05:00+00:00,checkout,us-east,2025.01,2512.92,0.009791,199.07,5033.33
evt-checkout-us-east-000040,2025-01-02 16:00:00+00:00,2025-01-02 16:05:00+00:00,checkout,us-east,2025.01,2357.08,0.010902,204.86,5067.97
evt-checkout-us-east-000041,2025-01-02 17:00:00+00:00,2025-01-02 17:05:00+00:00,checkout,us-east,2025.01,2212.3,0.010717,200.75,4657.37
evt-checkout-us-east-000042,2025-01-02 18:00:00+00:00,2025-01-02 18:05:00+00:00,checkout,us-east,2025.01,1984.8,0.010583,201.23,3972.34
evt-checkout-us-east-000043,2025-01-02 19:00:00+00:00,2025-01-02 19:05:00+00:00,checkout,us-east,2025.01,1813.61,0.011639,200.05,3693.12
evt-checkout-us-east-000044,2025-01-02 20:00:00+00:00,2025-01-02 20:05:00+00:00,checkout,us-east,2025.01,1456.13,0.01492,228.81,3047.96
evt-checkout-us-east-000045,2025-01-02 21:00:00+00:00,2025-01-02 21:05:00+00:00,checkout,us-east,2025.01,1505.04,0.011681,215.17,3072.67
evt-checkout-us-east-000046,2025-01-02 22:00:00+00:00,2025-01-02 22:05:00+00:00,checkout,us-east,2025.01,1242.26,0.012822,229.59,2545.29
evt-checkout-us-east-000047,2025-01-02 23:00:00+00:00,2025-01-02 23:05:00+00:00,checkout,us-east,2025.01,1244.76,0.010888,222.88,2508.66
evt-checkout-us-east-000048,2025-01-03 00:00:00+00:00,2025-01-03 00:05:00+00:00,checkout,us-east,2025.01,1215.01,0.010738,228.43,2427.58
evt-checkout-us-east-000049,2025-01-03 01:00:00+00:00,2025-01-03 01:05:00+00:00,checkout,us-east,2025.01,1276.13,0.012642,221.57,2522.18
evt-checkout-us-east-000050,2025-01-03 02:00:00+00:00,2025-01-03 02:05:00+00:00,checkout,us-east,2025.01,1321.78,0.01079,228.03,2670.16
evt-checkout-us-east-000051,2025-01-03 03:00:00+00:00,2025-01-03 03:05:00+00:00,checkout,us-east,2025.01,1604.55,0.014355,230.47,3358.02
evt-checkout-us-east-000052,2025-01-03 04:00:00+00:00,2025-01-03 04:05:00+00:00,checkout,us-east,2025.01,1512.12,0.014746,240.65,3087.6
evt-checkout-us-east-000053,2025-01-03 05:00:00+00:00,2025-01-03 05:05:00+00:00,checkout,us-east,2025.01,1568.74,0.012845,220.87,3177.03
evt-checkout-us-east-000054,2025-01-03 06:00:00+00:00,2025-01-03 06:05:00+00:00,checkout,us-east,2025.01,1647.28,0.013166,204.46,3497.61
evt-checkout-us-east-000055,2025-01-03 07:00:00+00:00,2025-01-03 07:05:00+00:00,checkout,us-east,2025.01,1783.41,0.010156,,3724.27
evt-checkout-us-east-000056,2025-01-03 08:00:00+00:00,2025-01-03 08:05:00+00:00,checkout,us-east,2025.01,1870.29,0.014782,211.6,3788.83
evt-checkout-us-east-000057,2025-01-03 09:00:00+00:00,2025-01-03 09:05:00+00:00,checkout,us-east,2025.01,2038.72,0.013821,207.13,4174.41
evt-checkout-us-east-000058,2025-01-03 10:00:00+00:00,2025-01-03 10:05:00+00:00,checkout,us-east,2025.01,2109.87,0.010547,202.25,4158.55
evt-checkout-us-east-000059,2025-01-03 11:00:00+00:00,2025-01-03 11:05:00+00:00,checkout,us-east,2025.01,2360.8,0.010094,197.07,4736.99
evt-checkout-us-east-000060,2025-01-03 12:00:00+00:00,2025-01-03 12:05:00+00:00,checkout,us-east,2025.01,2370.43,0.010511,210.24,4856.54
evt-checkout-us-east-000061,2025-01-03 13:00:00+00:00,2025-01-03 13:05:00+00:00,checkout,us-east,2025.01,2528.0,0.009867,198.65,5180.81
evt-checkout-us-east-000062,2025-01-03 14:00:00+00:00,2025-01-03 14:05:00+00:00,checkout,us-east,2025.01,2672.81,0.007882,198.76,5679.21
evt-checkout-us-east-000063,2025-01-03 15:00:00+00:00,2025-01-03 15:05:00+00:00,checkout,us-east,2025.01,2515.47,0.013472,210.78,5142.03
evt-checkout-us-east-000064,2025-01-03 16:00:00+00:00,2025-01-03 16:05:00+00:00,checkout,us-east,2025.01,2532.85,0.010124,210.67,5165.69
evt-checkout-us-east-000065,2025-01-03 17:00:00+00:00,2025-01-03 17:05:00+00:00,checkout,us-east,2025.01,2358.78,0.010504,209.5,4873.89
evt-checkout-us-east-000066,2025-01-03 18:00:00+00:00,2025-01-03 18:05:00+00:00,checkout,us-east,2025.01,2002.01,0.011148,201.3,3754.88
evt-checkout-us-east-000067,2025-01-03 19:00:00+00:00,2025-01-03 19:05:00+00:00,checkout,us-east,2025.01,1654.56,0.012186,192.94,3527.17
evt-checkout-us-east-000068,2025-01-03 20:00:00+00:00,2025-01-03 20:05:00+00:00,checkout,us-east,2025.01,1423.79,0.009952,228.99,2815.94
evt-checkout-us-east-000069,2025-01-03 21:00:00+00:00,2025-01-03 21:05:00+00:00,checkout,us-east,2025.01,1413.43,0.014501,234.94,2992.91
evt-checkout-us-east-000070,2025-01-03 22:00:00+00:00,2025-01-03 22:05:00+00:00,checkout,us-east,2025.01,1363.97,0.01417,237.15,2749.85
evt-checkout-us-east-000071,2025-01-03 23:00:00+00:00,2025-01-03 23:05:00+00:00,checkout,us-east,2025.01,1170.09,0.012914,218.58,2421.3
evt-checkout-us-east-000072,2025-01-04 00:00:00+00:00,2025-01-04 00:05:00+00:00,checkout,us-east,2025.01,982.13,0.012042,228.77,2025.72
evt-checkout-us-east-000073,2025-01-04 01:00:00+00:00,2025-01-04 01:05:00+00:00,checkout,us-east,2025.01,1025.56,0.012746,215.67,2096.53
evt-checkout-us-east-000074,2025-01-04 02:00:00+00:00,2025-01-04 02:05:00+00:00,checkout,us-east,2025.01,1153.98,0.012474,210.35,2393.08
evt-checkout-us-east-000075,2025-01-04 03:00:00+00:00,2025-01-04 03:05:00+00:00,checkout,us-east,2025.01,1161.67,0.011651,239.94,2431.77
evt-checkout-us-east-000076,2025-01-04 04:00:00+00:00,2025-01-04 04:05:00+00:00,checkout,us-east,2025.01,1148.31,0.008032,211.27,2343.52
evt-checkout-us-east-000077,2025-01-04 05:00:00+00:00,2025-01-04 05:05:00+00:00,checkout,us-east,2025.01,1352.6,0.00987,226.17,2949.9
evt-checkout-us-east-000078,2025-01-04 06:00:00+00:00,2025-01-04 06:05:00+00:00,checkout,us-east,2025.01,1343.02,0.0115,212.29,2653.3
evt-checkout-us-east-000079,2025-01-04 07:00:00+00:00,2025-01-04 07:05:00+00:00,checkout,us-east,2025.01,1589.55,0.012749,207.91,3287.33
evt-checkout-us-east-000080,2025-01-04 08:00:00+00:00,2025-01-04 08:05:00+00:00,checkout,us-east,2025.01,1616.52,0.009588,216.78,3363.21
evt-checkout-us-east-000081,2025-01-04 09:00:00+00:00,2025-01-04 09:05:00+00:00,checkout,us-east,2025.01,1787.59,0.010074,222.02,3539.28
evt-checkout-us-east-000082,2025-01-04 10:00:00+00:00,2025-01-04 10:05:00+00:00,checkout,us-east,2025.01,1630.28,0.009745,210.59,3330.37
evt-checkout-us-east-000083,2025-01-04 11:00:00+00:00,2025-01-04 11:05:00+00:00,checkout,us-east,2025.01,1968.47,0.011939,213.54,4126.95
evt-checkout-us-east-000084,2025-01-04 12:00:00+00:00,2025-01-04 12:05:00+00:00,checkout,us-east,2025.01,2025.33,0.007788,193.79,4143.13
evt-checkout-us-east-000085,2025-01-04 13:00:00+00:00,2025-01-04 13:05:00+00:00,checkout,us-east,2025.01,2106.85,0.011155,182.31,4217.84
evt-checkout-us-east-000086,2025-01-04 14:00:00+00:00,2025-01-04 14:05:00+00:00,checkout,us-east,2025.01,2141.97,0.010596,221.43,4413.8
evt-checkout-us-east-000087,2025-01-04 15:00:00+00:00,2025-01-04 15:05:00+00:00,checkout,us-east,2025.01,2128.23,0.012177,217.0,4427.85
evt-checkout-us-east-000088,2025-01-04 16:00:00+00:00,2025-01-04 16:05:00+00:00,checkout,us-east,2025.01,1948.4,0.009982,215.53,3974.99
evt-checkout-us-east-000089,2025-01-04 17:00:00+00:00,2025-01-04 17:05:00+00:00,checkout,us-east,2025.01,1773.92,0.013508,189.01,3728.95
evt-checkout-us-east-000090,2025-01-04 18:00:00+00:00,2025-01-04 18:05:00+00:00,checkout,us-east,2025.01,1549.81,0.010011,212.69,3146.43
evt-checkout-us-east-000091,2025-01-04 19:00:00+00:00,2025-01-04 19:05:00+00:00,checkout,us-east,2025.01,1368.11,0.015356,215.09,2755.22
evt-checkout-us-east-000092,2025-01-04 20:00:00+00:00,2025-01-04 20:05:00+00:00,checkout,us-east,2025.01,1294.9,0.013237,232.03,2594.14
evt-checkout-us-east-000093,2025-01-04 21:00:00+00:00,2025-01-04 21:05:00+00:00,checkout,us-east,2025.01,1083.95,0.014235,237.54,2270.39
evt-checkout-us-east-000094,2025-01-04 22:00:00+00:00,2025-01-04 22:05:00+00:00,checkout,us-east,2025.01,1037.58,0.010611,221.82,2151.21
evt-checkout-us-east-000095,2025-01-04 23:00:00+00:00,2025-01-04 23:05:00+00:00,checkout,us-east,2025.01,1068.34,0.011638,231.93,2318.87
evt-checkout-us-east-000096,2025-01-05 00:00:00+00:00,2025-01-05 00:05:00+00:00,checkout,us-east,2025.01,981.69,0.012765,236.74,2012.75
evt-checkout-us-east-000097,2025-01-05 01:00:00+00:00,2025-01-05 01:05:00+00:00,checkout,us-east,2025.01,983.74,0.009112,221.4,1998.82
evt-checkout-us-east-000098,2025-01-05 02:00:00+00:00,2025-01-05 02:05:00+00:00,checkout,us-east,2025.01,1074.24,0.010453,237.51,2093.22
evt-checkout-us-east-000099,2025-01-05 03:00:00+00:00,2025-01-05 03:05:00+00:00,checkout,us-east,2025.01,1230.27,0.014281,222.36,2387.98
evt-checkout-us-east-000100,2025-01-05 04:00:00+00:00,2025-01-05 04:05:00+00:00,checkout,us-east,2025.01,1268.44,0.011631,225.43,2630.92
evt-checkout-us-east-000101,2025-01-05 05:00:00+00:00,2025-01-05 05:05:00+00:00,checkout,us-east,2025.01,1242.6,0.008789,213.3,2557.27
evt-checkout-us-east-000102,2025-01-05 06:00:00+00:00,2025-01-05 06:05:00+00:00,checkout,us-east,2025.01,1373.09,0.011334,225.21,2746.19
evt-checkout-us-east-000103,2025-01-05 07:00:00+00:00,2025-01-05 07:05:00+00:00,checkout,us-east,2025.01,1269.64,0.010739,216.67,2515.77
evt-checkout-us-east-000104,2025-01-05 08:00:00+00:00,2025-01-05 08:05:00+00:00,checkout,us-east,2025.01,1609.75,0.012095,212.38,3353.3
evt-checkout-us-east-000105,2025-01-05 09:00:00+00:00,2025-01-05 09:05:00+00:00,checkout,us-east,2025.01,1671.7,0.011344,223.38,3476.57
evt-checkout-us-east-000106,2025-01-05 10:00:00+00:00,2025-01-05 10:05:00+00:00,checkout,us-east,2025.01,1737.79,0.010466,212.25,3345.04
evt-checkout-us-east-000107,2025-01-05 11:00:00+00:00,2025-01-05 11:05:00+00:00,checkout,us-east,2025.01,1863.61,0.013681,179.87,3844.74
evt-checkout-us-east-000108,2025-01-05 12:00:00+00:00,2025-01-05 12:05:00+00:00,checkout,us-east,2025.01,2093.52,0.009035,195.34,4399.32
evt-checkout-us-east-000109,2025-01-05 13:00:00+00:00,2025-01-05 13:05:00+00:00,checkout,us-east,2025.01,2104.64,0.008725,198.09,4407.19
evt-checkout-us-east-000110,2025-01-05 14:00:00+00:00,2025-01-05 14:05:00+00:00,checkout,us-east,2025.01,2019.43,0.010753,212.76,4170.06
evt-checkout-us-east-000111,2025-01-05 15:00:00+00:00,2025-01-05 15:05:00+00:00,checkout,us-east,2025.01,2108.96,0.009852,193.97,4309.72
evt-checkout-us-east-000112,2025-01-05 16:00:00+00:00,2025-01-05 16:05:00+00:00,checkout,us-east,2025.01,2038.82,0.007889,201.44,4176.56
evt-checkout-us-east-000113,2025-01-05 17:00:00+00:00,2025-01-05 17:05:00+00:00,checkout,us-east,2025.01,1771.84,0.009525,214.8,3750.23
evt-checkout-us-east-000114,2025-01-05 18:00:00+00:00,2025-01-05 18:05:00+00:00,checkout,us-east,2025.01,1683.64,0.011519,213.56,3509.97
evt-checkout-us-east-000115,2025-01-05 19:00:00+00:00,2025-01-05 19:05:00+00:00,checkout,us-east,2025.01,1359.8,0.01032,208.18,2701.61
evt-checkout-us-east-000116,2025-01-05 20:00:00+00:00,2025-01-05 20:05:00+00:00,checkout,us-east,2025.01,1252.24,0.011474,220.42,2583.71
evt-checkout-us-east-000117,2025-01-05 21:00:00+00:00,2025-01-05 21:05:00+00:00,checkout,us-east,2025.01,1150.09,0.009469,220.46,2411.0
evt-checkout-us-east-000118,2025-01-05 22:00:00+00:00,2025-01-05 22:05:00+00:00,checkout,us-east,2025.01,1110.01,0.009202,228.26,2366.93
evt-checkout-us-east-000119,2025-01-05 23:00:00+00:00,2025-01-05 23:05:00+00:00,checkout,us-east,2025.01,1118.82,0.014016,232.2,2316.07
evt-checkout-us-east-000120,2025-01-06 00:00:00+00:00,2025-01-06 00:05:00+00:00,checkout,us-east,2025.01,1341.95,0.011862,210.44,2677.68
evt-checkout-us-east-000121,2025-01-06 01:00:00+00:00,2025-01-06 01:05:00+00:00,checkout,us-east,2025.01,1352.6,0.014098,247.12,2719.52
evt-checkout-us-east-000122,2025-01-06 02:00:00+00:00,2025-01-06 02:05:00+00:00,checkout,us-east,2025.01,1465.25,0.010822,226.21,2989.81
evt-checkout-us-east-000123,2025-01-06 03:00:00+00:00,2025-01-06 03:05:00+00:00,checkout,us-east,2025.01,1500.05,0.011002,226.78,3002.97
evt-checkout-us-east-000124,2025-01-06 04:00:00+00:00,2025-01-06 04:05:00+00:00,checkout,us-east,2025.01,1556.67,0.010773,212.21,3067.34
evt-checkout-us-east-000125,2025-01-06 05:00:00+00:00,2025-01-06 05:05:00+00:00,checkout,us-east,2025.01,1524.36,0.014145,221.32,3068.16
evt-checkout-us-east-000126,2025-01-06 06:00:00+00:00,2025-01-06 06:05:00+00:00,checkout,us-east,2025.01,1663.87,0.011855,235.53,3388.09
evt-checkout-us-east-000127,2025-01-06 07:00:00+00:00,2025-01-06 07:05:00+00:00,checkout,us-east,2025.01,1718.37,0.010139,209.07,3569.15
evt-checkout-us-east-000128,2025-01-06 08:00:00+00:00,2025-01-06 08:05:00+00:00,checkout,us-east,2025.01,1831.28,0.012988,196.99,3891.93
evt-checkout-us-east-000129,2025-01-06 09:00:00+00:00,2025-01-06 09:05:00+00:00,checkout,us-east,2025.01,1980.84,0.011621,191.75,4001.92
evt-checkout-us-east-000130,2025-01-06 10:00:00+00:00,2025-01-06 10:05:00+00:00,checkout,us-east,2025.01,2012.01,0.012152,225.99,4211.09
evt-checkout-us-east-000131,2025-01-06 11:00:00+00:00,2025-01-06 11:05:00+00:00,checkout,us-east,2025.01,2335.11,0.008956,210.57,4558.73
evt-checkout-us-east-000132,2025-01-06 12:00:00+00:00,2025-01-06 12:05:00+00:00,checkout,us-east,2025.01,2484.71,0.013079,211.84,5076.5
evt-checkout-us-east-000133,2025-01-06 13:00:00+00:00,2025-01-06 13:05:00+00:00,checkout,us-east,2025.01,2574.51,0.008737,203.18,5168.87
evt-checkout-us-east-000134,2025-01-06 14:00:00+00:00,2025-01-06 14:05:00+00:00,checkout,us-east,2025.01,2579.28,0.009561,200.06,5222.81
evt-checkout-us-east-000135,2025-01-06 15:00:00+00:00,2025-01-06 15:05:00+00:00,checkout,us-east,2025.01,2634.42,0.010367,214.12,5264.8
evt-checkout-us-east-000136,2025-01-06 16:00:00+00:00,2025-01-06 16:05:00+00:00,checkout,us-east,2025.01,2417.69,0.009208,201.19,4930.18
evt-checkout-us-east-000137,2025-01-06 17:00:00+00:00,2025-01-06 17:05:00+00:00,checkout,us-east,2025.01,2200.98,0.008387,187.46,4398.76
evt-checkout-us-east-000138,2025-01-06 18:00:00+00:00,2025-01-06 18:05:00+00:00,checkout,us-east,2025.01,2131.79,0.012365,215.9,4448.75
evt-checkout-us-east-000139,2025-01-06 19:00:00+00:00,2025-01-06 19:05:00+00:00,checkout,us-east,2025.01,1672.29,0.010162,223.98,3448.5
evt-checkout-us-east-000140,2025-01-06 20:00:00+00:00,2025-01-06 20:05:00+00:00,checkout,us-east,2025.01,1476.45,0.007273,206.29,3100.67
evt-checkout-us-east-000141,2025-01-06 21:00:00+00:00,2025-01-06 21:05:00+00:00,checkout,us-east,2025.01,1313.5,0.009778,234.04,2688.81
evt-checkout-us-east-000142,2025-01-06 22:00:00+00:00,2025-01-06 22:05:00+00:00,checkout,us-east,2025.01,1283.34,0.016047,208.88,2500.27
evt-checkout-us-east-000143,2025-01-06 23:00:00+00:00,2025-01-06 23:05:00+00:00,checkout,us-east,2025.01,1252.1,0.014226,230.0,2628.09
evt-checkout-us-east-000144,2025-01-07 00:00:00+00:00,2025-01-07 00:05:00+00:00,checkout,us-east,2025.01,1354.13,0.015618,223.53,2785.81
evt-checkout-us-east-000145,2025-01-07 01:00:00+00:00,2025-01-07 01:05:00+00:00,checkout,us-east,2025.01,1350.07,0.010662,233.3,2789.61
evt-checkout-us-east-000146,2025-01-07 02:00:00+00:00,2025-01-07 02:05:00+00:00,checkout,us-east,2025.01,1340.34,0.011619,235.37,2649.92
evt-checkout-us-east-000147,2025-01-07 03:00:00+00:00,2025-01-07 03:05:00+00:00,checkout,us-east,2025.01,1485.99,0.012261,228.85,3068.55
evt-checkout-us-east-000148,2025-01-07 04:00:00+00:00,2025-01-07 04:05:00+00:00,checkout,us-east,2025.01,1606.72,0.009637,228.33,3300.15
evt-checkout-us-east-000149,2025-01-07 05:00:00+00:00,2025-01-07 05:05:00+00:00,checkout,us-east,2025.01,1645.45,0.011551,227.59,3283.4
evt-checkout-us-east-000150,2025-01-07 06:00:00+00:00,2025-01-07 06:05:00+00:00,checkout,us-east,2025.01,1726.93,0.010304,205.38,3388.04
evt-checkout-us-east-000151,2025-01-07 07:00:00+00:00,2025-01-07 07:05:00+00:00,checkout,us-east,2025.01,1797.24,0.007999,215.31,3659.7
evt-checkout-us-east-000152,2025-01-07 08:00:00+00:00,2025-01-07 08:05:00+00:00,checkout,us-east,2025.01,1933.92,0.008334,211.04,3937.25
evt-checkout-us-east-000153,2025-01-07 09:00:00+00:00,2025-01-07 09:05:00+00:00,checkout,us-east,2025.01,1945.76,0.011773,203.66,3969.72
evt-checkout-us-east-000154,2025-01-07 10:00:00+00:00,2025-01-07 10:05:00+00:00,checkout,us-east,2025.01,2182.84,0.012625,225.99,4482.09
evt-checkout-us-east-000155,2025-01-07 11:00:00+00:00,2025-01-07 11:05:00+00:00,checkout,us-east,2025.01,2346.86,0.010932,196.44,5109.11
evt-checkout-us-east-000156,2025-01-07 12:00:00+00:00,2025-01-07 12:05:00+00:00,checkout,us-east,2025.01,2434.85,0.010687,210.08,4942.77
evt-checkout-us-east-000157,2025-01-07 13:00:00+00:00,2025-01-07 13:05:00+00:00,checkout,us-east,2025.01,2446.27,0.011945,192.39,5039.68
evt-checkout-us-east-000158,2025-01-07 14:00:00+00:00,2025-01-07 14:05:00+00:00,checkout,us-east,2025.01,2584.49,0.012006,200.64,5242.79
evt-checkout-us-east-000159,2025-01-07 15:00:00+00:00,2025-01-07 15:05:00+00:00,checkout,us-east,2025.01,2500.26,0.010263,204.98,5261.61
evt-checkout-us-east-000160,2025-01-07 16:00:00+00:00,2025-01-07 16:05:00+00:00,checkout,us-east,2025.01,2487.81,0.008504,202.6,5347.99
evt-checkout-us-east-000161,2025-01-07 17:00:00+00:00,2025-01-07 17:05:00+00:00,checkout,us-east,2025.01,2215.57,0.011296,206.13,4474.94
evt-checkout-us-east-000162,2025-01-07 18:00:00+00:00,2025-01-07 18:05:00+00:00,checkout,us-east,2025.01,1879.26,0.011549,197.9,4022.21
evt-checkout-us-east-000163,2025-01-07 19:00:00+00:00,2025-01-07 19:05:00+00:00,checkout,us-east,2025.01,1790.72,0.009483,213.99,3822.38
evt-checkout-us-east-000164,2025-01-07 20:00:00+00:00,2025-01-07 20:05:00+00:00,checkout,us-east,2025.01,1610.51,0.011118,229.43,3290.76
evt-checkout-us-east-000165,2025-01-07 21:00:00+00:00,2025-01-07 21:05:00+00:00,checkout,us-east,2025.01,1420.17,0.011806,220.75,2861.68
evt-checkout-us-east-000166,2025-01-07 22:00:00+00:00,2025-01-07 22:05:00+00:00,checkout,us-east,2025.01,1194.08,0.010204,249.85,2391.47
evt-checkout-us-east-000167,2025-01-07 23:00:00+00:00,2025-01-07 23:05:00+00:00,checkout,us-east,2025.01,1264.3,0.015651,222.24,2635.16
evt-checkout-us-east-000168,2025-01-08 00:00:00+00:00,2025-01-08 00:05:00+00:00,checkout,us-east,2025.01,1201.28,0.010882,231.66,2448.23
evt-checkout-us-east-000169,2025-01-08 01:00:00+00:00,2025-01-08 01:05:00+00:00,checkout,us-east,2025.01,1336.11,0.009964,218.15,2746.23
evt-checkout-us-east-000170,2025-01-08 02:00:00+00:00,2025-01-08 02:05:00+00:00,checkout,us-east,2025.01,1384.1,0.013265,216.77,2852.84
evt-checkout-us-east-000171,2025-01-08 03:00:00+00:00,2025-01-08 03:05:00+00:00,checkout,us-east,2025.01,1395.7,0.01,224.89,2812.56
evt-checkout-us-east-000172,2025-01-08 04:00:00+00:00,2025-01-08 04:05:00+00:00,checkout,us-east,2025.01,1549.81,0.009096,207.99,3114.37
evt-checkout-us-east-000173,2025-01-08 05:00:00+00:00,2025-01-08 05:05:00+00:00,checkout,us-east,2025.01,1653.55,0.012557,216.68,3250.92
evt-checkout-us-east-000174,2025-01-08 06:00:00+00:00,2025-01-08 06:05:00+00:00,checkout,us-east,2025.01,1717.02,0.010359,219.96,3504.41
evt-checkout-us-east-000175,2025-01-08 07:00:00+00:00,2025-01-08 07:05:00+00:00,checkout,us-east,2025.01,1827.73,0.010019,219.6,3809.43
evt-checkout-us-east-000176,2025-01-08 08:00:00+00:00,2025-01-08 08:05:00+00:00,checkout,us-east,2025.01,2018.04,0.009769,224.79,4055.62
evt-checkout-us-east-000177,2025-01-08 09:00:00+00:00,2025-01-08 09:05:00+00:00,checkout,us-east,2025.01,1966.75,0.012631,214.47,3996.48
evt-checkout-us-east-000178,2025-01-08 10:00:00+00:00,2025-01-08 10:05:00+00:00,checkout,us-east,2025.01,2205.84,0.010848,203.3,4477.07
evt-checkout-us-east-000179,2025-01-08 11:00:00+00:00,2025-01-08 11:05:00+00:00,checkout,us-east,2025.01,2326.56,0.010884,184.06,4956.35
evt-checkout-us-east-000180,2025-01-08 12:00:00+00:00,2025-01-08 12:05:00+00:00,checkout,us-east,2025.01,2379.82,0.009122,216.69,4738.32
evt-checkout-us-east-000181,2025-01-08 13:00:00+00:00,2025-01-08 13:05:00+00:00,checkout,us-east,2025.01,2557.87,0.013708,207.38,5040.43
evt-checkout-us-east-000182,2025-01-08 14:00:00+00:00,2025-01-08 14:05:00+00:00,checkout,us-east,2025.01,2647.89,0.012835,200.15,5616.1
evt-checkout-us-east-000183,2025-01-08 15:00:00+00:00,2025-01-08 15:05:00+00:00,checkout,us-east,2025.01,2552.95,0.008313,202.16,5290.26
evt-checkout-us-east-000184,2025-01-08 16:00:00+00:00,2025-01-08 16:05:00+00:00,checkout,us-east,2025.01,2411.6,0.009606,204.94,5006.11
evt-checkout-us-east-000185,2025-01-08 17:00:00+00:00,2025-01-08 17:05:00+00:00,checkout,us-east,2025.01,2054.59,0.013922,208.2,4358.13
evt-checkout-us-east-000186,2025-01-08 18:00:00+00:00,2025-01-08 18:05:00+00:00,checkout,us-east,2025.01,2157.01,0.009593,,4432.1
evt-checkout-us-east-000187,2025-01-08 19:00:00+00:00,2025-01-08 19:05:00+00:00,checkout,us-east,2025.01,1868.33,0.012514,222.31,3749.94
evt-checkout-us-east-000188,2025-01-08 20:00:00+00:00,2025-01-08 20:05:00+00:00,checkout,us-east,2025.01,1557.38,0.011315,234.22,3144.87
evt-checkout-us-east-000189,2025-01-08 21:00:00+00:00,2025-01-08 21:05:00+00:00,checkout,us-east,2025.01,1412.5,0.011142,212.8,2954.78
evt-checkout-us-east-000190,2025-01-08 22:00:00+00:00,2025-01-08 22:05:00+00:00,checkout,us-east,2025.01,1297.08,0.012612,216.72,2722.94
evt-checkout-us-east-000191,2025-01-08 23:00:00+00:00,2025-01-08 23:05:00+00:00,checkout,us-east,2025.01,1197.49,0.007109,231.85,2430.94
evt-checkout-us-east-000192,2025-01-09 00:00:00+00:00,2025-01-09 00:05:00+00:00,checkout,us-east,2025.01,1403.53,0.01093,235.46,2953.1
evt-checkout-us-east-000193,2025-01-09 01:00:00+00:00,2025-01-09 01:05:00+00:00,checkout,us-east,2025.01,1449.4,0.010583,238.21,2989.19
evt-checkout-us-east-000194,2025-01-09 02:00:00+00:00,2025-01-09 02:05:00+00:00,checkout,us-east,2025.01,1452.12,0.011442,228.37,3016.46
evt-checkout-us-east-000195,2025-01-09 03:00:00+00:00,2025-01-09 03:05:00+00:00,checkout,us-east,2025.01,1495.31,0.0101,224.98,3059.62
evt-checkout-us-east-000196,2025-01-09 04:00:00+00:00,2025-01-09 04:05:00+00:00,checkout,us-east,2025.01,1429.89,0.012229,229.41,2970.59
evt-checkout-us-east-000197,2025-01-09 05:00:00+00:00,2025-01-09 05:05:00+00:00,checkout,us-east,2025.01,1691.51,0.010098,226.89,3438.07
evt-checkout-us-east-000198,2025-01-09 06:00:00+00:00,2025-01-09 06:05:00+00:00,checkout,us-east,2025.01,1751.99,0.012065,229.74,3680.91
evt-checkout-us-east-000199,2025-01-09 07:00:00+00:00,2025-01-09 07:05:00+00:00,checkout,us-east,2025.01,1830.42,0.011902,208.8,3539.93
evt-checkout-us-east-000200,2025-01-09 08:00:00+00:00,2025-01-09 08:05:00+00:00,checkout,us-east,2025.01,1960.42,0.010756,217.52,4179.72
evt-checkout-us-east-000201,2025-01-09 09:00:00+00:00,2025-01-09 09:05:00+00:00,checkout,us-east,2025.01,2032.62,0.011103,222.18,4184.6
evt-checkout-us-east-000202,2025-01-09 10:00:00+00:00,2025-01-09 10:05:00+00:00,checkout,us-east,2025.01,2188.33,0.009205,201.91,4633.41
evt-checkout-us-east-000203,2025-01-09 11:00:00+00:00,2025-01-09 11:05:00+00:00,checkout,us-east,2025.01,2406.88,0.013738,205.22,4606.91
evt-checkout-us-east-000204,2025-01-09 12:00:00+00:00,2025-01-09 12:05:00+00:00,checkout,us-east,2025.01,2564.21,0.008026,201.6,5110.68
evt-checkout-us-east-000205,2025-01-09 13:00:00+00:00,2025-01-09 13:05:00+00:00,checkout,us-east,2025.01,2519.96,0.010592,208.7,5231.62
evt-checkout-us-east-000206,2025-01-09 14:00:00+00:00,2025-01-09 14:05:00+00:00,checkout,us-east,2025.01,2679.88,0.010311,200.78,5559.89
evt-checkout-us-east-000207,2025-01-09 15:00:00+00:00,2025-01-09 15:05:00+00:00,checkout,us-east,2025.01,2468.92,0.013158,223.39,5015.16
evt-checkout-us-east-000208,2025-01-09 16:00:00+00:00,2025-01-09 16:05:00+00:00,checkout,us-east,2025.01,2467.52,0.009049,207.87,4803.28
evt-checkout-us-east-000209,2025-01-09 17:00:00+00:00,2025-01-09 17:05:00+00:00,checkout,us-east,2025.01,2174.87,0.011176,216.03,4380.36
evt-checkout-us-east-000210,2025-01-09 18:00:00+00:00,2025-01-09 18:05:00+00:00,checkout,us-east,2025.01,2019.82,0.00899,228.28,4202.88
evt-checkout-us-east-000211,2025-01-09 19:00:00+00:00,2025-01-09 19:05:00+00:00,checkout,us-east,2025.01,1889.69,0.009185,222.95,3967.94
evt-checkout-us-east-000212,2025-01-09 20:00:00+00:00,2025-01-09 20:05:00+00:00,checkout,us-east,2025.01,1445.43,0.010764,214.2,2957.59
evt-checkout-us-east-000213,2025-01-09 21:00:00+00:00,2025-01-09 21:05:00+00:00,checkout,us-east,2025.01,1314.01,0.00941,215.32,2719.33
evt-checkout-us-east-000214,2025-01-09 22:00:00+00:00,2025-01-09 22:05:00+00:00,checkout,us-east,2025.01,1233.28,0.01076,220.66,2574.94
evt-checkout-us-east-000215,2025-01-09 23:00:00+00:00,2025-01-09 23:05:00+00:00,checkout,us-east,2025.01,1147.53,0.011087,236.48,2252.73
evt-checkout-us-east-000216,2025-01-10 00:00:00+00:00,2025-01-10 00:05:00+00:00,checkout,us-east,2025.01,1255.17,0.010309,241.2,2443.97
evt-checkout-us-east-000217,2025-01-10 01:00:00+00:00,2025-01-10 01:05:00+00:00,checkout,us-east,2025.01,1273.75,0.014748,220.3,2507.2
evt-checkout-us-east-000218,2025-01-10 02:00:00+00:00,2025-01-10 02:05:00+00:00,checkout,us-east,2025.01,1385.18,0.01133,220.05,2862.37
evt-checkout-us-east-000219,2025-01-10 03:00:00+00:00,2025-01-10 03:05:00+00:00,checkout,us-east,2025.01,1568.45,0.010942,232.3,3241.47
evt-checkout-us-east-000220,2025-01-10 04:00:00+00:00,2025-01-10 04:05:00+00:00,checkout,us-east,2025.01,1628.35,0.014758,218.69,3252.86
evt-checkout-us-east-000221,2025-01-10 05:00:00+00:00,2025-01-10 05:05:00+00:00,checkout,us-east,2025.01,1599.39,0.013744,229.82,3211.72
evt-checkout-us-east-000222,2025-01-10 06:00:00+00:00,2025-01-10 06:05:00+00:00,checkout,us-east,2025.01,1671.78,0.011057,218.81,3503.2
evt-checkout-us-east-000223,2025-01-10 07:00:00+00:00,2025-01-10 07:05:00+00:00,checkout,us-east,2025.01,1793.66,0.01193,212.23,3694.59
evt-checkout-us-east-000224,2025-01-10 08:00:00+00:00,2025-01-10 08:05:00+00:00,checkout,us-east,2025.01,1839.35,0.010155,212.14,3752.26
evt-checkout-us-east-000225,2025-01-10 09:00:00+00:00,2025-01-10 09:05:00+00:00,checkout,us-east,2025.01,1915.98,0.013206,206.24,3903.68
evt-checkout-us-east-000226,2025-01-10 10:00:00+00:00,2025-01-10 10:05:00+00:00,checkout,us-east,2025.01,2169.47,0.010854,215.66,4378.35
evt-checkout-us-east-000227,2025-01-10 11:00:00+00:00,2025-01-10 11:05:00+00:00,checkout,us-east,2025.01,2242.94,0.009743,204.44,4810.97
evt-checkout-us-east-000228,2025-01-10 12:00:00+00:00,2025-01-10 12:05:00+00:00,checkout,us-east,2025.01,2558.99,0.010319,198.41,5094.03
evt-checkout-us-east-000229,2025-01-10 13:00:00+00:00,2025-01-10 13:05:00+00:00,checkout,us-east,2025.01,2613.46,0.013337,223.92,5516.05
evt-checkout-us-east-000230,2025-01-10 14:00:00+00:00,2025-01-10 14:05:00+00:00,checkout,us-east,2025.01,2457.19,0.01101,202.17,5242.27
evt-checkout-us-east-000231,2025-01-10 15:00:00+00:00,2025-01-10 15:05:00+00:00,checkout,us-east,2025.01,2646.43,0.012887,187.46,5301.04
evt-checkout-us-east-000232,2025-01-10 16:00:00+00:00,2025-01-10 16:05:00+00:00,checkout,us-east,2025.01,2407.56,0.010055,226.44,4847.49
evt-checkout-us-east-000233,2025-01-10 17:00:00+00:00,2025-01-10 17:05:00+00:00,checkout,us-east,2025.01,2207.67,0.013002,215.17,4492.14
evt-checkout-us-east-000234,2025-01-10 18:00:00+00:00,2025-01-10 18:05:00+00:00,checkout,us-east,2025.01,2002.89,0.013354,188.02,4246.19
evt-checkout-us-east-000235,2025-01-10 19:00:00+00:00,2025-01-10 19:05:00+00:00,checkout,us-east,2025.01,1883.33,0.009744,204.52,3834.09
evt-checkout-us-east-000236,2025-01-10 20:00:00+00:00,2025-01-10 20:05:00+00:00,checkout,us-east,2025.01,1605.25,0.011852,229.14,3300.22
evt-checkout-us-east-000237,2025-01-10 21:00:00+00:00,2025-01-10 21:05:00+00:00,checkout,us-east,2025.01,1354.21,0.011389,234.28,2666.09
evt-checkout-us-east-000238,2025-01-10 22:00:00+00:00,2025-01-10 22:05:00+00:00,checkout,us-east,2025.01,1073.15,0.016627,230.44,2260.24
evt-checkout-us-east-000239,2025-01-10 23:00:00+00:00,2025-01-10 23:05:00+00:00,checkout,us-east,2025.01,1264.35,0.011651,229.43,2619.25
evt-checkout-us-east-000240,2025-01-11 00:00:00+00:00,2025-01-11 00:05:00+00:00,checkout,us-east,2025.01,964.69,0.011848,224.21,2036.79
evt-checkout-us-east-000241,2025-01-11 01:00:00+00:00,2025-01-11 01:05:00+00:00,checkout,us-east,2025.01,952.0,0.01253,212.51,2034.44
evt-checkout-us-east-000242,2025-01-11 02:00:00+00:00,2025-01-11 02:05:00+00:00,checkout,us-east,2025.01,1125.88,0.013822,218.2,2331.46
evt-checkout-us-east-000243,2025-01-11 03:00:00+00:00,2025-01-11 03:05:00+00:00,checkout,us-east,2025.01,1230.18,0.014631,218.7,2582.65
evt-checkout-us-east-000244,2025-01-11 04:00:00+00:00,2025-01-11 04:05:00+00:00,checkout,us-east,2025.01,1249.21,0.013024,211.49,2528.07
evt-checkout-us-east-000245,2025-01-11 05:00:00+00:00,2025-01-11 05:05:00+00:00,checkout,us-east,2025.01,1406.09,0.010929,227.4,2745.86
evt-checkout-us-east-000246,2025-01-11 06:00:00+00:00,2025-01-11 06:05:00+00:00,checkout,us-east,2025.01,1471.96,0.012008,193.06,2946.21
evt-checkout-us-east-000247,2025-01-11 07:00:00+00:00,2025-01-11 07:05:00+00:00,checkout,us-east,2025.01,1510.31,0.014272,218.71,2982.43
evt-checkout-us-east-000248,2025-01-11 08:00:00+00:00,2025-01-11 08:05:00+00:00,checkout,us-east,2025.01,1514.48,0.0121,229.29,3114.98
evt-checkout-us-east-000249,2025-01-11 09:00:00+00:00,2025-01-11 09:05:00+00:00,checkout,us-east,2025.01,1692.62,0.011732,212.32,3353.24
evt-checkout-us-east-000250,2025-01-11 10:00:00+00:00,2025-01-11 10:05:00+00:00,checkout,us-east,2025.01,1850.0,0.010007,216.54,3825.31
evt-checkout-us-east-000251,2025-01-11 11:00:00+00:00,2025-01-11 11:05:00+00:00,checkout,us-east,2025.01,1992.14,0.011623,201.3,4015.59
evt-checkout-us-east-000252,2025-01-11 12:00:00+00:00,2025-01-11 12:05:00+00:00,checkout,us-east,2025.01,2100.71,0.012055,206.41,4322.51
evt-checkout-us-east-000253,2025-01-11 13:00:00+00:00,2025-01-11 13:05:00+00:00,checkout,us-east,2025.01,2041.81,0.007118,203.72,4091.96
evt-checkout-us-east-000254,2025-01-11 14:00:00+00:00,2025-01-11 14:05:00+00:00,checkout,us-east,2025.01,2064.91,0.009775,208.53,4287.61
evt-checkout-us-east-000255,2025-01-11 15:00:00+00:00,2025-01-11 15:05:00+00:00,checkout,us-east,2025.01,1957.77,0.012081,212.93,4032.11
evt-checkout-us-east-000256,2025-01-11 16:00:00+00:00,2025-01-11 16:05:00+00:00,checkout,us-east,2025.01,2038.95,0.009113,200.02,4093.05
evt-checkout-us-east-000257,2025-01-11 17:00:00+00:00,2025-01-11 17:05:00+00:00,checkout,us-east,2025.01,1871.85,0.013159,204.4,3721.1
evt-checkout-us-east-000258,2025-01-11 18:00:00+00:00,2025-01-11 18:05:00+00:00,checkout,us-east,2025.01,1795.52,0.009701,205.47,3627.98
evt-checkout-us-east-000259,2025-01-11 19:00:00+00:00,2025-01-11 19:05:00+00:00,checkout,us-east,2025.01,1413.11,0.010296,216.18,2864.25
evt-checkout-us-east-000260,2025-01-11 20:00:00+00:00,2025-01-11 20:05:00+00:00,checkout,us-east,2025.01,1303.41,0.010425,214.62,2687.02
evt-checkout-us-east-000261,2025-01-11 21:00:00+00:00,2025-01-11 21:05:00+00:00,checkout,us-east,2025.01,1088.11,0.010427,223.62,2162.56
evt-checkout-us-east-000262,2025-01-11 22:00:00+00:00,2025-01-11 22:05:00+00:00,checkout,us-east,2025.01,990.22,0.01421,224.97,2118.76
evt-checkout-us-east-000263,2025-01-11 23:00:00+00:00,2025-01-11 23:05:00+00:00,checkout,us-east,2025.01,924.19,0.013168,241.99,1922.02
evt-checkout-us-east-000264,2025-01-12 00:00:00+00:00,2025-01-12 00:05:00+00:00,checkout,us-east,2025.01,858.42,0.011102,237.61,1731.46
evt-checkout-us-east-000265,2025-01-12 01:00:00+00:00,2025-01-12 01:05:00+00:00,checkout,us-east,2025.01,1153.94,0.015346,212.46,2414.86
evt-checkout-us-east-000266,2025-01-12 02:00:00+00:00,2025-01-12 02:05:00+00:00,checkout,us-east,2025.01,1085.98,0.010863,207.65,2255.78
evt-checkout-us-east-000267,2025-01-12 03:00:00+00:00,2025-01-12 03:05:00+00:00,checkout,us-east,2025.01,1196.71,0.010206,224.01,2455.88
evt-checkout-us-east-000268,2025-01-12 04:00:00+00:00,2025-01-12 04:05:00+00:00,checkout,us-east,2025.01,1227.27,0.01315,220.66,2572.49
evt-checkout-us-east-000269,2025-01-12 05:00:00+00:00,2025-01-12 05:05:00+00:00,checkout,us-east,2025.01,1289.83,0.013308,238.95,2600.14
evt-checkout-us-east-000270,2025-01-12 06:00:00+00:00,2025-01-12 06:05:00+00:00,checkout,us-east,2025.01,1353.09,0.01347,214.57,2691.87
evt-checkout-us-east-000271,2025-01-12 07:00:00+00:00,2025-01-12 07:05:00+00:00,checkout,us-east,2025.01,1468.55,0.013967,218.37,2967.2
evt-checkout-us-east-000272,2025-01-12 08:00:00+00:00,2025-01-12 08:05:00+00:00,checkout,us-east,2025.01,1644.68,0.01149,215.1,3364.5
evt-checkout-us-east-000273,2025-01-12 09:00:00+00:00,2025-01-12 09:05:00+00:00,checkout,us-east,2025.01,1680.75,0.008801,198.76,3408.58
evt-checkout-us-east-000274,2025-01-12 10:00:00+00:00,2025-01-12 10:05:00+00:00,checkout,us-east,2025.01,1673.27,0.008594,217.73,3342.35
evt-checkout-us-east-000275,2025-01-12 11:00:00+00:00,2025-01-12 11:05:00+00:00,checkout,us-east,2025.01,1891.59,0.012331,213.57,3764.3
evt-checkout-us-east-000276,2025-01-12 12:00:00+00:00,2025-01-12 12:05:00+00:00,checkout,us-east,2025.01,2054.35,0.010387,207.33,4137.44
evt-checkout-us-east-000277,2025-01-12 13:00:00+00:00,2025-01-12 13:05:00+00:00,checkout,us-east,2025.01,2196.95,0.013685,219.39,4588.18
evt-checkout-us-east-000278,2025-01-12 14:00:00+00:00,2025-01-12 14:05:00+00:00,checkout,us-east,2025.01,2142.23,0.008172,208.56,4542.08
evt-checkout-us-east-000279,2025-01-12 15:00:00+00:00,2025-01-12 15:05:00+00:00,checkout,us-east,2025.01,2210.55,0.011,192.49,4627.49
evt-checkout-us-east-000280,2025-01-12 16:00:00+00:00,2025-01-12 16:05:00+00:00,checkout,us-east,2025.01,2048.22,0.010021,216.29,4114.17
evt-checkout-us-east-000281,2025-01-12 17:00:00+00:00,2025-01-12 17:05:00+00:00,checkout,us-east,2025.01,1888.13,0.009171,204.14,3952.42
evt-checkout-us-east-000282,2025-01-12 18:00:00+00:00,2025-01-12 18:05:00+00:00,checkout,us-east,2025.01,1632.37,0.013672,204.2,3365.38
evt-checkout-us-east-000283,2025-01-12 19:00:00+00:00,2025-01-12 19:05:00+00:00,checkout,us-east,2025.01,1511.15,0.009832,214.71,3032.96
evt-checkout-us-east-000284,2025-01-12 20:00:00+00:00,2025-01-12 20:05:00+00:00,checkout,us-east,2025.01,1351.66,0.007679,202.28,2754.29
evt-checkout-us-east-000285,2025-01-12 21:00:00+00:00,2025-01-12 21:05:00+00:00,checkout,us-east,2025.01,1187.97,0.010759,217.24,2429.14
evt-checkout-us-east-000286,2025-01-12 22:00:00+00:00,2025-01-12 22:05:00+00:00,checkout,us-east,2025.01,967.59,0.011611,238.53,1957.95
evt-checkout-us-east-000287,2025-01-12 23:00:00+00:00,2025-01-12 23:05:00+00:00,checkout,us-east,2025.01,909.28,0.01236,228.5,1940.91
evt-checkout-us-east-000288,2025-01-13 00:00:00+00:00,2025-01-13 00:05:00+00:00,checkout,us-east,2025.01,1456.08,0.007528,239.22,2915.32
evt-checkout-us-east-000289,2025-01-13 01:00:00+00:00,2025-01-13 01:05:00+00:00,checkout,us-east,2025.01,1278.4,0.010484,244.42,2597.53
evt-checkout-us-east-000290,2025-01-13 02:00:00+00:00,2025-01-13 02:05:00+00:00,checkout,us-east,2025.01,1292.85,0.011991,224.53,2641.05
evt-checkout-us-east-000291,2025-01-13 03:00:00+00:00,2025-01-13 03:05:00+00:00,checkout,us-east,2025.01,1425.92,0.013738,220.78,2945.03
evt-checkout-us-east-000292,2025-01-13 04:00:00+00:00,2025-01-13 04:05:00+00:00,checkout,us-east,2025.01,1591.06,0.012241,204.24,3262.99
evt-checkout-us-east-000293,2025-01-13 05:00:00+00:00,2025-01-13 05:05:00+00:00,checkout,us-east,2025.01,1740.25,0.013189,219.0,3482.19
evt-checkout-us-east-000294,2025-01-13 06:00:00+00:00,2025-01-13 06:05:00+00:00,checkout,us-east,2025.01,1687.65,0.008996,210.4,3416.91
evt-checkout-us-east-000295,2025-01-13 07:00:00+00:00,2025-01-13 07:05:00+00:00,checkout,us-east,2025.01,1895.55,0.011948,221.53,3901.82
evt-checkout-us-east-000296,2025-01-13 08:00:00+00:00,2025-01-13 08:05:00+00:00,checkout,us-east,2025.01,1947.7,0.010202,,3904.0
evt-checkout-us-east-000297,2025-01-13 09:00:00+00:00,2025-01-13 09:05:00+00:00,checkout,us-east,2025.01,2136.74,0.009713,223.55,4257.93
evt-checkout-us-east-000298,2025-01-13 10:00:00+00:00,2025-01-13 10:05:00+00:00,checkout,us-east,2025.01,2174.62,0.008029,223.74,4493.08
evt-checkout-us-east-000299,2025-01-13 11:00:00+00:00,2025-01-13 11:05:00+00:00,checkout,us-east,2025.01,2374.08,0.011634,208.21,4914.6
evt-checkout-us-east-000300,2025-01-13 12:00:00+00:00,2025-01-13 12:05:00+00:00,checkout,us-east,2025.01,2557.04,0.014075,209.01,5256.74
evt-checkout-us-east-000301,2025-01-13 13:00:00+00:00,2025-01-13 13:05:00+00:00,checkout,us-east,2025.01,2491.06,0.012284,205.41,5134.38
evt-checkout-us-east-000302,2025-01-13 14:00:00+00:00,2025-01-13 14:05:00+00:00,checkout,us-east,2025.01,2561.84,0.010638,211.21,5181.56
evt-checkout-us-east-000303,2025-01-13 15:00:00+00:00,2025-01-13 15:05:00+00:00,checkout,us-east,2025.01,2510.02,0.009869,199.02,5247.5
evt-checkout-us-east-000304,2025-01-13 16:00:00+00:00,2025-01-13 16:05:00+00:00,checkout,us-east,2025.01,2518.22,0.011856,194.89,5194.5
evt-checkout-us-east-000305,2025-01-13 17:00:00+00:00,2025-01-13 17:05:00+00:00,checkout,us-east,2025.01,2352.2,0.010283,203.82,4879.24
evt-checkout-us-east-000306,2025-01-13 18:00:00+00:00,2025-01-13 18:05:00+00:00,checkout,us-east,2025.01,1956.27,0.01261,216.7,4062.21
evt-checkout-us-east-000307,2025-01-13 19:00:00+00:00,2025-01-13 19:05:00+00:00,checkout,us-east,2025.01,1666.07,0.014523,215.27,3467.76
evt-checkout-us-east-000308,2025-01-13 20:00:00+00:00,2025-01-13 20:05:00+00:00,checkout,us-east,2025.01,1670.42,0.011179,223.8,3454.79
evt-checkout-us-east-000309,2025-01-13 21:00:00+00:00,2025-01-13 21:05:00+00:00,checkout,us-east,2025.01,1402.37,0.008682,221.06,2769.03
evt-checkout-us-east-000310,2025-01-13 22:00:00+00:00,2025-01-13 22:05:00+00:00,checkout,us-east,2025.01,1284.96,0.011521,241.37,2520.52
evt-checkout-us-east-000311,2025-01-13 23:00:00+00:00,2025-01-13 23:05:00+00:00,checkout,us-east,2025.01,1244.88,0.012743,233.04,2520.91
evt-checkout-us-east-000312,2025-01-14 00:00:00+00:00,2025-01-14 00:05:00+00:00,checkout,us-east,2025.01,1408.47,0.011561,235.26,2869.86
evt-checkout-us-east-000313,2025-01-14 01:00:00+00:00,2025-01-14 01:05:00+00:00,checkout,us-east,2025.01,1250.97,0.011959,220.36,2528.98
evt-checkout-us-east-000314,2025-01-14 02:00:00+00:00,2025-01-14 02:05:00+00:00,checkout,us-east,2025.01,1280.88,0.012622,227.63,2723.44
evt-checkout-us-east-000315,2025-01-14 03:00:00+00:00,2025-01-14 03:05:00+00:00,checkout,us-east,2025.01,1462.22,0.010607,212.52,2942.12
evt-checkout-us-east-000316,2025-01-14 04:00:00+00:00,2025-01-14 04:05:00+00:00,checkout,us-east,2025.01,1573.88,0.007541,218.17,3207.34
evt-checkout-us-east-000317,2025-01-14 05:00:00+00:00,2025-01-14 05:05:00+00:00,checkout,us-east,2025.01,1621.22,0.014738,216.43,3314.13
evt-checkout-us-east-000318,2025-01-14 06:00:00+00:00,2025-01-14 06:05:00+00:00,checkout,us-east,2025.01,1723.38,0.01045,221.76,3624.41
evt-checkout-us-east-000319,2025-01-14 07:00:00+00:00,2025-01-14 07:05:00+00:00,checkout,us-east,2025.01,1762.21,0.011517,207.73,3656.78
evt-checkout-us-east-000320,2025-01-14 08:00:00+00:00,2025-01-14 08:05:00+00:00,checkout,us-east,2025.01,1945.13,0.009245,198.68,3870.06
evt-checkout-us-east-000321,2025-01-14 09:00:00+00:00,2025-01-14 09:05:00+00:00,checkout,us-east,2025.01,1922.95,0.007565,207.33,3949.98
evt-checkout-us-east-000322,2025-01-14 10:00:00+00:00,2025-01-14 10:05:00+00:00,checkout,us-east,2025.01,2129.89,0.011796,208.37,4372.09
evt-checkout-us-east-000323,2025-01-14 11:00:00+00:00,2025-01-14 11:05:00+00:00,checkout,us-east,2025.01,2254.91,0.01082,206.48,4483.15
evt-checkout-us-east-000324,2025-01-14 12:00:00+00:00,2025-01-14 12:05:00+00:00,checkout,us-east,2025.01,2407.02,0.009043,212.87,4818.48
evt-checkout-us-east-000325,2025-01-14 13:00:00+00:00,2025-01-14 13:05:00+00:00,checkout,us-east,2025.01,2669.93,0.009283,211.68,5241.86
evt-checkout-us-east-000326,2025-01-14 14:00:00+00:00,2025-01-14 14:05:00+00:00,checkout,us-east,2025.01,2693.45,0.009135,193.37,5555.05
evt-checkout-us-east-000327,2025-01-14 15:00:00+00:00,2025-01-14 15:05:00+00:00,checkout,us-east,2025.01,2522.37,0.009101,205.98,5194.55
evt-checkout-us-east-000328,2025-01-14 16:00:00+00:00,2025-01-14 16:05:00+00:00,checkout,us-east,2025.01,2369.33,0.009905,211.94,4804.82
evt-checkout-us-east-000329,2025-01-14 17:00:00+00:00,2025-01-14 17:05:00+00:00,checkout,us-east,2025.01,2225.79,0.012113,210.21,4610.3
evt-checkout-us-east-000330,2025-01-14 18:00:00+00:00,2025-01-14 18:05:00+00:00,checkout,us-east,2025.01,1970.74,0.012143,211.4,4064.56
evt-checkout-us-east-000331,2025-01-14 19:00:00+00:00,2025-01-14 19:05:00+00:00,checkout,us-east,2025.01,1811.36,0.013335,228.11,3696.25
evt-checkout-us-east-000332,2025-01-14 20:00:00+00:00,2025-01-14 20:05:00+00:00,checkout,us-east,2025.01,1555.1,0.008563,223.55,3202.48
evt-checkout-us-east-000333,2025-01-14 21:00:00+00:00,2025-01-14 21:05:00+00:00,checkout,us-east,2025.01,1500.47,0.010938,240.53,3141.39
evt-checkout-us-east-000334,2025-01-14 22:00:00+00:00,2025-01-14 22:05:00+00:00,checkout,us-east,2025.01,1340.52,0.011472,218.35,2678.79
evt-checkout-us-east-000335,2025-01-14 23:00:00+00:00,2025-01-14 23:05:00+00:00,checkout,us-east,2025.01,1336.99,0.013718,232.94,2824.56
evt-identity-ap-south-000000,2025-01-01 00:00:00+00:00,2025-01-01 00:05:00+00:00,identity,ap-south,2025.01,457.96,0.011974,241.79,98.82
evt-identity-ap-south-000001,2025-01-01 01:00:00+00:00,2025-01-01 01:05:00+00:00,identity,ap-south,2025.01,447.76,0.009353,247.87,99.67
evt-identity-ap-south-000002,2025-01-01 02:00:00+00:00,2025-01-01 02:05:00+00:00,identity,ap-south,2025.01,518.96,0.015202,261.28,114.66
evt-identity-ap-south-000003,2025-01-01 03:00:00+00:00,2025-01-01 03:05:00+00:00,identity,ap-south,2025.01,540.98,0.013826,236.81,115.11
evt-identity-ap-south-000004,2025-01-01 04:00:00+00:00,2025-01-01 04:05:00+00:00,identity,ap-south,2025.01,583.03,0.01276,251.31,123.96
evt-identity-ap-south-000005,2025-01-01 05:00:00+00:00,2025-01-01 05:05:00+00:00,identity,ap-south,2025.01,597.2,0.016229,239.13,133.14
evt-identity-ap-south-000006,2025-01-01 06:00:00+00:00,2025-01-01 06:05:00+00:00,identity,ap-south,2025.01,627.62,0.01181,230.04,138.53
evt-identity-ap-south-000007,2025-01-01 07:00:00+00:00,2025-01-01 07:05:00+00:00,identity,ap-south,2025.01,634.54,0.011232,231.97,135.47
evt-identity-ap-south-000008,2025-01-01 08:00:00+00:00,2025-01-01 08:05:00+00:00,identity,ap-south,2025.01,722.4,0.011204,252.96,164.06
evt-identity-ap-south-000009,2025-01-01 09:00:00+00:00,2025-01-01 09:05:00+00:00,identity,ap-south,2025.01,723.31,0.010171,241.04,161.13
evt-identity-ap-south-000010,2025-01-01 10:00:00+00:00,2025-01-01 10:05:00+00:00,identity,ap-south,2025.01,852.91,0.009873,241.64,187.77
evt-identity-ap-south-000011,2025-01-01 11:00:00+00:00,2025-01-01 11:05:00+00:00,identity,ap-south,2025.01,825.88,0.011545,234.28,188.52
evt-identity-ap-south-000012,2025-01-01 12:00:00+00:00,2025-01-01 12:05:00+00:00,identity,ap-south,2025.01,916.93,0.010589,231.02,194.7
evt-identity-ap-south-000013,2025-01-01 13:00:00+00:00,2025-01-01 13:05:00+00:00,identity,ap-south,2025.01,918.53,0.009424,221.1,197.26
evt-identity-ap-south-000014,2025-01-01 14:00:00+00:00,2025-01-01 14:05:00+00:00,identity,ap-south,2025.01,933.7,0.008013,229.23,195.13
evt-identity-ap-south-000015,2025-01-01 15:00:00+00:00,2025-01-01 15:05:00+00:00,identity,ap-south,2025.01,924.94,0.009906,223.26,198.7
evt-identity-ap-south-000016,2025-01-01 16:00:00+00:00,2025-01-01 16:05:00+00:00,identity,ap-south,2025.01,895.06,0.010905,222.9,201.58
evt-identity-ap-south-000017,2025-01-01 17:00:00+00:00,2025-01-01 17:05:00+00:00,identity,ap-south,2025.01,807.46,0.011666,225.27,181.87
evt-identity-ap-south-000018,2025-01-01 18:00:00+00:00,2025-01-01 18:05:00+00:00,identity,ap-south,2025.01,753.16,0.013552,237.3,165.1
evt-identity-ap-south-000019,2025-01-01 19:00:00+00:00,2025-01-01 19:05:00+00:00,identity,ap-south,2025.01,687.12,0.010711,232.98,148.35
evt-identity-ap-south-000020,2025-01-01 20:00:00+00:00,2025-01-01 20:05:00+00:00,identity,ap-south,2025.01,575.92,0.009129,249.55,126.06
evt-identity-ap-south-000021,2025-01-01 21:00:00+00:00,2025-01-01 21:05:00+00:00,identity,ap-south,2025.01,521.03,0.011476,252.13,117.7
evt-identity-ap-south-000022,2025-01-01 22:00:00+00:00,2025-01-01 22:05:00+00:00,identity,ap-south,2025.01,486.42,0.015485,265.47,100.53
evt-identity-ap-south-000023,2025-01-01 23:00:00+00:00,2025-01-01 23:05:00+00:00,identity,ap-south,2025.01,442.06,0.015513,252.23,98.63
evt-identity-ap-south-000024,2025-01-02 00:00:00+00:00,2025-01-02 00:05:00+00:00,identity,ap-south,2025.01,420.53,0.011335,238.56,90.6
evt-identity-ap-south-000025,2025-01-02 01:00:00+00:00,2025-01-02 01:05:00+00:00,identity,ap-south,2025.01,470.77,0.011169,252.43,100.79
evt-identity-ap-south-000026,2025-01-02 02:00:00+00:00,2025-01-02 02:05:00+00:00,identity,ap-south,2025.01,523.48,0.011904,251.33,114.97
evt-identity-ap-south-000027,2025-01-02 03:00:00+00:00,2025-01-02 03:05:00+00:00,identity,ap-south,2025.01,509.62,0.012351,250.68,108.39
evt-identity-ap-south-000028,2025-01-02 04:00:00+00:00,2025-01-02 04:05:00+00:00,identity,ap-south,2025.01,577.54,0.010742,238.32,124.64
evt-identity-ap-south-000029,2025-01-02 05:00:00+00:00,2025-01-02 05:05:00+00:00,identity,ap-south,2025.01,555.9,0.011116,257.54,125.06
evt-identity-ap-south-000030,2025-01-02 06:00:00+00:00,2025-01-02 06:05:00+00:00,identity,ap-south,2025.01,644.88,0.012087,243.65,143.68
evt-identity-ap-south-000031,2025-01-02 07:00:00+00:00,2025-01-02 07:05:00+00:00,identity,ap-south,2025.01,650.13,0.013106,253.55,139.78
evt-identity-ap-south-000032,2025-01-02 08:00:00+00:00,2025-01-02 08:05:00+00:00,identity,ap-south,2025.01,731.83,0.010789,235.54,158.46
evt-identity-ap-south-000033,2025-01-02 09:00:00+00:00,2025-01-02 09:05:00+00:00,identity,ap-south,2025.01,776.6,0.009572,223.27,168.71
evt-identity-ap-south-000034,2025-01-02 10:00:00+00:00,2025-01-02 10:05:00+00:00,identity,ap-south,2025.01,784.52,0.010377,249.62,167.42
evt-identity-ap-south-000035,2025-01-02 11:00:00+00:00,2025-01-02 11:05:00+00:00,identity,ap-south,2025.01,878.48,0.01072,242.19,200.08
evt-identity-ap-south-000036,2025-01-02 12:00:00+00:00,2025-01-02 12:05:00+00:00,identity,ap-south,2025.01,935.21,0.010165,224.93,198.16
evt-identity-ap-south-000037,2025-01-02 13:00:00+00:00,2025-01-02 13:05:00+00:00,identity,ap-south,2025.01,946.66,0.011156,233.38,207.75
evt-identity-ap-south-000038,2025-01-02 14:00:00+00:00,2025-01-02 14:05:00+00:00,identity,ap-south,2025.01,1012.13,0.008581,237.58,224.79
evt-identity-ap-south-000039,2025-01-02 15:00:00+00:00,2025-01-02 15:05:00+00:00,identity,ap-south,2025.01,898.77,0.010223,220.62,191.09
evt-identity-ap-south-000040,2025-01-02 16:00:00+00:00,2025-01-02 16:05:00+00:00,identity,ap-south,2025.01,881.27,0.00729,226.68,196.29
evt-identity-ap-south-000041,2025-01-02 17:00:00+00:00,2025-01-02 17:05:00+00:00,identity,ap-south,2025.01,814.91,0.013867,223.48,180.08
evt-identity-ap-south-000042,2025-01-02 18:00:00+00:00,2025-01-02 18:05:00+00:00,identity,ap-south,2025.01,736.08,0.009639,237.22,158.31
evt-identity-ap-south-000043,2025-01-02 19:00:00+00:00,2025-01-02 19:05:00+00:00,identity,ap-south,2025.01,664.96,0.014151,244.13,146.04
evt-identity-ap-south-000044,2025-01-02 20:00:00+00:00,2025-01-02 20:05:00+00:00,identity,ap-south,2025.01,602.35,0.013195,250.2,129.42
evt-identity-ap-south-000045,2025-01-02 21:00:00+00:00,2025-01-02 21:05:00+00:00,identity,ap-south,2025.01,545.11,0.010929,256.34,113.45
evt-identity-ap-south-000046,2025-01-02 22:00:00+00:00,2025-01-02 22:05:00+00:00,identity,ap-south,2025.01,451.01,0.011612,267.89,96.32
evt-identity-ap-south-000047,2025-01-02 23:00:00+00:00,2025-01-02 23:05:00+00:00,identity,ap-south,2025.01,452.73,0.011311,277.67,98.43
evt-identity-ap-south-000048,2025-01-03 00:00:00+00:00,2025-01-03 00:05:00+00:00,identity,ap-south,2025.01,451.33,0.012521,231.38,100.81
evt-identity-ap-south-000049,2025-01-03 01:00:00+00:00,2025-01-03 01:05:00+00:00,identity,ap-south,2025.01,491.72,0.011418,252.5,107.64
evt-identity-ap-south-000050,2025-01-03 02:00:00+00:00,2025-01-03 02:05:00+00:00,identity,ap-south,2025.01,537.96,0.009843,250.0,119.9
evt-identity-ap-south-000051,2025-01-03 03:00:00+00:00,2025-01-03 03:05:00+00:00,identity,ap-south,2025.01,540.66,0.01263,244.44,120.01
evt-identity-ap-south-000052,2025-01-03 04:00:00+00:00,2025-01-03 04:05:00+00:00,identity,ap-south,2025.01,591.07,0.010281,241.33,129.58
evt-identity-ap-south-000053,2025-01-03 05:00:00+00:00,2025-01-03 05:05:00+00:00,identity,ap-south,2025.01,582.56,0.007574,234.27,125.67
evt-identity-ap-south-000054,2025-01-03 06:00:00+00:00,2025-01-03 06:05:00+00:00,identity,ap-south,2025.01,631.88,0.011689,250.11,141.53
evt-identity-ap-south-000055,2025-01-03 07:00:00+00:00,2025-01-03 07:05:00+00:00,identity,ap-south,2025.01,659.69,0.011978,245.75,143.46
evt-identity-ap-south-000056,2025-01-03 08:00:00+00:00,2025-01-03 08:05:00+00:00,identity,ap-south,2025.01,778.71,0.011973,234.77,164.31
evt-identity-ap-south-000057,2025-01-03 09:00:00+00:00,2025-01-03 09:05:00+00:00,identity,ap-south,2025.01,786.79,0.012752,233.86,173.81
evt-identity-ap-south-000058,2025-01-03 10:00:00+00:00,2025-01-03 10:05:00+00:00,identity,ap-south,2025.01,799.36,0.010916,222.21,175.6
evt-identity-ap-south-000059,2025-01-03 11:00:00+00:00,2025-01-03 11:05:00+00:00,identity,ap-south,2025.01,833.75,0.010421,244.37,181.44
evt-identity-ap-south-000060,2025-01-03 12:00:00+00:00,2025-01-03 12:05:00+00:00,identity,ap-south,2025.01,879.16,0.009752,237.52,194.16
evt-identity-ap-south-000061,2025-01-03 13:00:00+00:00,2025-01-03 13:05:00+00:00,identity,ap-south,2025.01,935.54,0.011604,232.94,202.42
evt-identity-ap-south-000062,2025-01-03 14:00:00+00:00,2025-01-03 14:05:00+00:00,identity,ap-south,2025.01,953.83,0.010298,224.84,219.35
evt-identity-ap-south-000063,2025-01-03 15:00:00+00:00,2025-01-03 15:05:00+00:00,identity,ap-south,2025.01,911.31,0.011391,226.15,206.29
evt-identity-ap-south-000064,2025-01-03 16:00:00+00:00,2025-01-03 16:05:00+00:00,identity,ap-south,2025.01,867.23,0.008758,231.86,185.47
evt-identity-ap-south-000065,2025-01-03 17:00:00+00:00,2025-01-03 17:05:00+00:00,identity,ap-south,2025.01,781.09,0.009049,214.21,166.31
evt-identity-ap-south-000066,2025-01-03 18:00:00+00:00,2025-01-03 18:05:00+00:00,identity,ap-south,2025.01,734.79,0.009135,229.2,153.97
evt-identity-ap-south-000067,2025-01-03 19:00:00+00:00,2025-01-03 19:05:00+00:00,identity,ap-south,2025.01,665.7,0.012483,241.67,143.03
evt-identity-ap-south-000068,2025-01-03 20:00:00+00:00,2025-01-03 20:05:00+00:00,identity,ap-south,2025.01,596.79,0.013096,246.3,127.31
evt-identity-ap-south-000069,2025-01-03 21:00:00+00:00,2025-01-03 21:05:00+00:00,identity,ap-south,2025.01,517.61,0.010084,254.98,116.0
evt-identity-ap-south-000070,2025-01-03 22:00:00+00:00,2025-01-03 22:05:00+00:00,identity,ap-south,2025.01,491.7,0.009578,242.85,109.5
evt-identity-ap-south-000071,2025-01-03 23:00:00+00:00,2025-01-03 23:05:00+00:00,identity,ap-south,2025.01,480.74,0.011978,255.78,104.35
evt-identity-ap-south-000072,2025-01-04 00:00:00+00:00,2025-01-04 00:05:00+00:00,identity,ap-south,2025.01,366.5,0.010828,259.22,79.73
evt-identity-ap-south-000073,2025-01-04 01:00:00+00:00,2025-01-04 01:05:00+00:00,identity,ap-south,2025.01,346.32,0.010957,243.64,75.05
evt-identity-ap-south-000074,2025-01-04 02:00:00+00:00,2025-01-04 02:05:00+00:00,identity,ap-south,2025.01,420.14,0.011212,247.33,92.7
evt-identity-ap-south-000075,2025-01-04 03:00:00+00:00,2025-01-04 03:05:00+00:00,identity,ap-south,2025.01,409.81,0.012658,265.07,88.46
evt-identity-ap-south-000076,2025-01-04 04:00:00+00:00,2025-01-04 04:05:00+00:00,identity,ap-south,2025.01,453.42,0.01291,237.38,99.31
evt-identity-ap-south-000077,2025-01-04 05:00:00+00:00,2025-01-04 05:05:00+00:00,identity,ap-south,2025.01,505.32,0.01074,254.47,108.45
evt-identity-ap-south-000078,2025-01-04 06:00:00+00:00,2025-01-04 06:05:00+00:00,identity,ap-south,2025.01,515.93,0.012464,240.37,111.24
evt-identity-ap-south-000079,2025-01-04 07:00:00+00:00,2025-01-04 07:05:00+00:00,identity,ap-south,2025.01,519.76,0.012387,236.83,115.48
evt-identity-ap-south-000080,2025-01-04 08:00:00+00:00,2025-01-04 08:05:00+00:00,identity,ap-south,2025.01,573.76,0.01251,233.89,125.61
evt-identity-ap-south-000081,2025-01-04 09:00:00+00:00,2025-01-04 09:05:00+00:00,identity,ap-south,2025.01,619.36,0.013971,244.52,137.86
evt-identity-ap-south-000082,2025-01-04 10:00:00+00:00,2025-01-04 10:05:00+00:00,identity,ap-south,2025.01,671.71,0.012511,231.68,147.08
evt-identity-ap-south-000083,2025-01-04 11:00:00+00:00,2025-01-04 11:05:00+00:00,identity,ap-south,2025.01,649.45,0.009839,239.25,145.47
evt-identity-ap-south-000084,2025-01-04 12:00:00+00:00,2025-01-04 12:05:00+00:00,identity,ap-south,2025.01,743.63,0.007299,245.12,163.3
evt-identity-ap-south-000085,2025-01-04 13:00:00+00:00,2025-01-04 13:05:00+00:00,identity,ap-south,2025.01,802.67,0.008062,230.18,179.76
evt-identity-ap-south-000086,2025-01-04 14:00:00+00:00,2025-01-04 14:05:00+00:00,identity,ap-south,2025.01,829.09,0.005861,217.38,176.89
evt-identity-ap-south-000087,2025-01-04 15:00:00+00:00,2025-01-04 15:05:00+00:00,identity,ap-south,2025.01,760.61,0.008204,237.61,170.4
evt-identity-ap-south-000088,2025-01-04 16:00:00+00:00,2025-01-04 16:05:00+00:00,identity,ap-south,2025.01,738.68,0.01171,230.95,170.93
evt-identity-ap-south-000089,2025-01-04 17:00:00+00:00,2025-01-04 17:05:00+00:00,identity,ap-south,2025.01,715.5,0.01097,240.34,153.11
evt-identity-ap-south-000090,2025-01-04 18:00:00+00:00,2025-01-04 18:05:00+00:00,identity,ap-south,2025.01,598.78,0.008486,231.01,125.59
evt-identity-ap-south-000091,2025-01-04 19:00:00+00:00,2025-01-04 19:05:00+00:00,identity,ap-south,2025.01,571.28,0.009952,225.21,125.35
evt-identity-ap-south-000092,2025-01-04 20:00:00+00:00,2025-01-04 20:05:00+00:00,identity,ap-south,2025.01,490.03,0.010185,226.22,102.62
evt-identity-ap-south-000093,2025-01-04 21:00:00+00:00,2025-01-04 21:05:00+00:00,identity,ap-south,2025.01,427.0,0.01004,237.3,97.39
evt-identity-ap-south-000094,2025-01-04 22:00:00+00:00,2025-01-04 22:05:00+00:00,identity,ap-south,2025.01,387.01,0.012867,253.1,86.1
evt-identity-ap-south-000095,2025-01-04 23:00:00+00:00,2025-01-04 23:05:00+00:00,identity,ap-south,2025.01,344.55,0.009834,242.22,75.85
evt-identity-ap-south-000096,2025-01-05 00:00:00+00:00,2025-01-05 00:05:00+00:00,identity,ap-south,2025.01,375.89,0.012146,234.17,84.94
evt-identity-ap-south-000097,2025-01-05 01:00:00+00:00,2025-01-05 01:05:00+00:00,identity,ap-south,2025.01,399.23,0.014426,250.12,85.13
evt-identity-ap-south-000098,2025-01-05 02:00:00+00:00,2025-01-05 02:05:00+00:00,identity,ap-south,2025.01,467.55,0.012325,263.3,103.69
evt-identity-ap-south-000099,2025-01-05 03:00:00+00:00,2025-01-05 03:05:00+00:00,identity,ap-south,2025.01,419.94,0.012732,228.93,91.22
evt-identity-ap-south-000100,2025-01-05 04:00:00+00:00,2025-01-05 04:05:00+00:00,identity,ap-south,2025.01,536.21,0.010203,253.04,122.66
evt-identity-ap-south-000101,2025-01-05 05:00:00+00:00,2025-01-05 05:05:00+00:00,identity,ap-south,2025.01,492.41,0.013032,242.05,105.45
evt-identity-ap-south-000102,2025-01-05 06:00:00+00:00,2025-01-05 06:05:00+00:00,identity,ap-south,2025.01,513.63,0.012718,227.77,114.68
evt-identity-ap-south-000103,2025-01-05 07:00:00+00:00,2025-01-05 07:05:00+00:00,identity,ap-south,2025.01,562.96,0.014372,249.4,123.74
evt-identity-ap-south-000104,2025-01-05 08:00:00+00:00,2025-01-05 08:05:00+00:00,identity,ap-south,2025.01,573.58,0.011312,225.0,126.88
evt-identity-ap-south-000105,2025-01-05 09:00:00+00:00,2025-01-05 09:05:00+00:00,identity,ap-south,2025.01,616.43,0.011826,248.13,138.9
evt-identity-ap-south-000106,2025-01-05 10:00:00+00:00,2025-01-05 10:05:00+00:00,identity,ap-south,2025.01,659.7,0.009991,232.38,146.18
evt-identity-ap-south-000107,2025-01-05 11:00:00+00:00,2025-01-05 11:05:00+00:00,identity,ap-south,2025.01,719.21,0.008727,228.14,158.02
evt-identity-ap-south-000108,2025-01-05 12:00:00+00:00,2025-01-05 12:05:00+00:00,identity,ap-south,2025.01,740.3,0.009176,236.4,162.08
evt-identity-ap-south-000109,2025-01-05 13:00:00+00:00,2025-01-05 13:05:00+00:00,identity,ap-south,2025.01,793.29,0.008143,236.46,172.12
evt-identity-ap-south-000110,2025-01-05 14:00:00+00:00,2025-01-05 14:05:00+00:00,identity,ap-south,2025.01,762.09,0.00858,216.2,171.75
evt-identity-ap-south-000111,2025-01-05 15:00:00+00:00,2025-01-05 15:05:00+00:00,identity,ap-south,2025.01,797.68,0.009599,231.97,176.01
evt-identity-ap-south-000112,2025-01-05 16:00:00+00:00,2025-01-05 16:05:00+00:00,identity,ap-south,2025.01,750.58,0.012091,244.66,160.7
evt-identity-ap-south-000113,2025-01-05 17:00:00+00:00,2025-01-05 17:05:00+00:00,identity,ap-south,2025.01,668.43,0.011339,238.54,149.91
evt-identity-ap-south-000114,2025-01-05 18:00:00+00:00,2025-01-05 18:05:00+00:00,identity,ap-south,2025.01,576.3,0.007094,239.96,122.79
evt-identity-ap-south-000115,2025-01-05 19:00:00+00:00,2025-01-05 19:05:00+00:00,identity,ap-south,2025.01,544.31,0.010814,229.54,115.12
evt-identity-ap-south-000116,2025-01-05 20:00:00+00:00,2025-01-05 20:05:00+00:00,identity,ap-south,2025.01,514.32,0.009915,258.31,108.25
evt-identity-ap-south-000117,2025-01-05 21:00:00+00:00,2025-01-05 21:05:00+00:00,identity,ap-south,2025.01,427.72,0.008651,250.8,93.36
evt-identity-ap-south-000118,2025-01-05 22:00:00+00:00,2025-01-05 22:05:00+00:00,identity,ap-south,2025.01,359.58,0.015284,246.04,78.45
evt-identity-ap-south-000119,2025-01-05 23:00:00+00:00,2025-01-05 23:05:00+00:00,identity,ap-south,2025.01,389.92,0.012348,242.36,87.17
evt-identity-ap-south-000120,2025-01-06 00:00:00+00:00,2025-01-06 00:05:00+00:00,identity,ap-south,2025.01,477.59,0.01439,270.76,103.26
evt-identity-ap-south-000121,2025-01-06 01:00:00+00:00,2025-01-06 01:05:00+00:00,identity,ap-south,2025.01,491.84,0.011747,269.67,110.05
evt-identity-ap-south-000122,2025-01-06 02:00:00+00:00,2025-01-06 02:05:00+00:00,identity,ap-south,2025.01,502.55,0.013814,248.12,108.53
evt-identity-ap-south-000123,2025-01-06 03:00:00+00:00,2025-01-06 03:05:00+00:00,identity,ap-south,2025.01,522.11,0.011194,253.41,111.18
evt-identity-ap-south-000124,2025-01-06 04:00:00+00:00,2025-01-06 04:05:00+00:00,identity,ap-south,2025.01,604.57,0.011286,240.03,130.14
evt-identity-ap-south-000125,2025-01-06 05:00:00+00:00,2025-01-06 05:05:00+00:00,identity,ap-south,2025.01,599.31,0.01303,249.57,129.1
evt-identity-ap-south-000126,2025-01-06 06:00:00+00:00,2025-01-06 06:05:00+00:00,identity,ap-south,2025.01,647.0,0.011366,253.9,140.89
evt-identity-ap-south-000127,2025-01-06 07:00:00+00:00,2025-01-06 07:05:00+00:00,identity,ap-south,2025.01,675.38,0.009443,221.8,147.0
evt-identity-ap-south-000128,2025-01-06 08:00:00+00:00,2025-01-06 08:05:00+00:00,identity,ap-south,2025.01,677.5,0.010255,230.51,148.32
evt-identity-ap-south-000129,2025-01-06 09:00:00+00:00,2025-01-06 09:05:00+00:00,identity,ap-south,2025.01,734.17,0.011205,223.61,161.07
evt-identity-ap-south-000130,2025-01-06 10:00:00+00:00,2025-01-06 10:05:00+00:00,identity,ap-south,2025.01,851.05,0.012109,248.3,179.01
evt-identity-ap-south-000131,2025-01-06 11:00:00+00:00,2025-01-06 11:05:00+00:00,identity,ap-south,2025.01,878.62,0.010091,206.32,198.54
evt-identity-ap-south-000132,2025-01-06 12:00:00+00:00,2025-01-06 12:05:00+00:00,identity,ap-south,2025.01,952.57,0.008903,211.98,218.31
evt-identity-ap-south-000133,2025-01-06 13:00:00+00:00,2025-01-06 13:05:00+00:00,identity,ap-south,2025.01,929.39,0.011203,227.22,200.15
evt-identity-ap-south-000134,2025-01-06 14:00:00+00:00,2025-01-06 14:05:00+00:00,identity,ap-south,2025.01,956.93,0.010627,223.51,208.88
evt-identity-ap-south-000135,2025-01-06 15:00:00+00:00,2025-01-06 15:05:00+00:00,identity,ap-south,2025.01,953.17,0.013049,239.11,207.86
evt-identity-ap-south-000136,2025-01-06 16:00:00+00:00,2025-01-06 16:05:00+00:00,identity,ap-south,2025.01,903.47,0.011325,239.63,206.3
evt-identity-ap-south-000137,2025-01-06 17:00:00+00:00,2025-01-06 17:05:00+00:00,identity,ap-south,2025.01,864.22,0.0085,236.46,178.61
evt-identity-ap-south-000138,2025-01-06 18:00:00+00:00,2025-01-06 18:05:00+00:00,identity,ap-south,2025.01,783.63,0.00856,223.93,178.34
evt-identity-ap-south-000139,2025-01-06 19:00:00+00:00,2025-01-06 19:05:00+00:00,identity,ap-south,2025.01,627.28,0.010919,241.02,140.25
evt-identity-ap-south-000140,2025-01-06 20:00:00+00:00,2025-01-06 20:05:00+00:00,identity,ap-south,2025.01,577.06,0.010973,237.81,127.36
evt-identity-ap-south-000141,2025-01-06 21:00:00+00:00,2025-01-06 21:05:00+00:00,identity,ap-south,2025.01,503.74,0.010564,241.07,113.74
evt-identity-ap-south-000142,2025-01-06 22:00:00+00:00,2025-01-06 22:05:00+00:00,identity,ap-south,2025.01,528.03,0.00963,272.44,113.63
evt-identity-ap-south-000143,2025-01-06 23:00:00+00:00,2025-01-06 23:05:00+00:00,identity,ap-south,2025.01,475.18,0.010843,254.09,105.74
evt-identity-ap-south-000144,2025-01-07 00:00:00+00:00,2025-01-07 00:05:00+00:00,identity,ap-south,2025.01,470.09,0.012793,245.73,105.28
evt-identity-ap-south-000145,2025-01-07 01:00:00+00:00,2025-01-07 01:05:00+00:00,identity,ap-south,2025.01,499.1,0.012659,264.35,112.6
evt-identity-ap-south-000146,2025-01-07 02:00:00+00:00,2025-01-07 02:05:00+00:00,identity,ap-south,2025.01,516.22,0.010823,250.88,116.27
evt-identity-ap-south-000147,2025-01-07 03:00:00+00:00,2025-01-07 03:05:00+00:00,identity,ap-south,2025.01,537.68,0.012085,247.3,115.65
evt-identity-ap-south-000148,2025-01-07 04:00:00+00:00,2025-01-07 04:05:00+00:00,identity,ap-south,2025.01,543.29,0.010743,224.05,116.65
evt-identity-ap-south-000149,2025-01-07 05:00:00+00:00,2025-01-07 05:05:00+00:00,identity,ap-south,2025.01,595.79,0.009037,230.55,128.7
evt-identity-ap-south-000150,2025-01-07 06:00:00+00:00,2025-01-07 06:05:00+00:00,identity,ap-south,2025.01,667.67,0.012651,242.51,145.15
evt-identity-ap-south-000151,2025-01-07 07:00:00+00:00,2025-01-07 07:05:00+00:00,identity,ap-south,2025.01,647.42,0.012099,226.46,146.21
evt-identity-ap-south-000152,2025-01-07 08:00:00+00:00,2025-01-07 08:05:00+00:00,identity,ap-south,2025.01,696.44,0.013225,242.35,143.91
evt-identity-ap-south-000153,2025-01-07 09:00:00+00:00,2025-01-07 09:05:00+00:00,identity,ap-south,2025.01,732.11,0.011916,243.05,153.85
evt-identity-ap-south-000154,2025-01-07 10:00:00+00:00,2025-01-07 10:05:00+00:00,identity,ap-south,2025.01,842.76,0.01031,238.74,180.6
evt-identity-ap-south-000155,2025-01-07 11:00:00+00:00,2025-01-07 11:05:00+00:00,identity,ap-south,2025.01,864.78,0.013279,232.61,192.34
evt-identity-ap-south-000156,2025-01-07 12:00:00+00:00,2025-01-07 12:05:00+00:00,identity,ap-south,2025.01,876.54,0.00915,206.06,197.33
evt-identity-ap-south-000157,2025-01-07 13:00:00+00:00,2025-01-07 13:05:00+00:00,identity,ap-south,2025.01,992.22,0.011149,219.42,223.22
evt-identity-ap-south-000158,2025-01-07 14:00:00+00:00,2025-01-07 14:05:00+00:00,identity,ap-south,2025.01,958.19,0.008709,224.45,200.27
evt-identity-ap-south-000159,2025-01-07 15:00:00+00:00,2025-01-07 15:05:00+00:00,identity,ap-south,2025.01,956.37,0.010066,230.62,217.86
evt-identity-ap-south-000160,2025-01-07 16:00:00+00:00,2025-01-07 16:05:00+00:00,identity,ap-south,2025.01,910.4,0.009051,224.96,198.08
evt-identity-ap-south-000161,2025-01-07 17:00:00+00:00,2025-01-07 17:05:00+00:00,identity,ap-south,2025.01,852.31,0.012152,227.32,185.52
evt-identity-ap-south-000162,2025-01-07 18:00:00+00:00,2025-01-07 18:05:00+00:00,identity,ap-south,2025.01,743.91,0.010471,239.84,160.74
evt-identity-ap-south-000163,2025-01-07 19:00:00+00:00,2025-01-07 19:05:00+00:00,identity,ap-south,2025.01,686.13,0.011769,238.15,161.74
evt-identity-ap-south-000164,2025-01-07 20:00:00+00:00,2025-01-07 20:05:00+00:00,identity,ap-south,2025.01,597.63,0.01025,251.23,134.34
evt-identity-ap-south-000165,2025-01-07 21:00:00+00:00,2025-01-07 21:05:00+00:00,identity,ap-south,2025.01,520.03,0.010286,269.45,114.26
evt-identity-ap-south-000166,2025-01-07 22:00:00+00:00,2025-01-07 22:05:00+00:00,identity,ap-south,2025.01,461.22,0.011225,255.32,101.55
evt-identity-ap-south-000167,2025-01-07 23:00:00+00:00,2025-01-07 23:05:00+00:00,identity,ap-south,2025.01,443.14,0.012987,247.93,98.87
evt-identity-ap-south-000168,2025-01-08 00:00:00+00:00,2025-01-08 00:05:00+00:00,identity,ap-south,2025.01,441.03,0.01328,251.95,97.16
evt-identity-ap-south-000169,2025-01-08 01:00:00+00:00,2025-01-08 01:05:00+00:00,identity,ap-south,2025.01,447.78,0.007734,264.37,97.74
evt-identity-ap-south-000170,2025-01-08 02:00:00+00:00,2025-01-08 02:05:00+00:00,identity,ap-south,2025.01,518.71,0.009436,257.06,115.01
evt-identity-ap-south-000171,2025-01-08 03:00:00+00:00,2025-01-08 03:05:00+00:00,identity,ap-south,2025.01,535.08,0.010593,251.8,119.97
evt-identity-ap-south-000172,2025-01-08 04:00:00+00:00,2025-01-08 04:05:00+00:00,identity,ap-south,2025.01,554.43,0.00941,241.95,120.21
evt-identity-ap-south-000173,2025-01-08 05:00:00+00:00,2025-01-08 05:05:00+00:00,identity,ap-south,2025.01,575.57,0.010481,238.16,124.24
evt-identity-ap-south-000174,2025-01-08 06:00:00+00:00,2025-01-08 06:05:00+00:00,identity,ap-south,2025.01,648.04,0.007264,246.51,146.8
evt-identity-ap-south-000175,2025-01-08 07:00:00+00:00,2025-01-08 07:05:00+00:00,identity,ap-south,2025.01,633.09,0.009484,253.4,142.78
evt-identity-ap-south-000176,2025-01-08 08:00:00+00:00,2025-01-08 08:05:00+00:00,identity,ap-south,2025.01,674.4,0.009886,243.28,148.88
evt-identity-ap-south-000177,2025-01-08 09:00:00+00:00,2025-01-08 09:05:00+00:00,identity,ap-south,2025.01,789.48,0.010549,250.09,180.46
evt-identity-ap-south-000178,2025-01-08 10:00:00+00:00,2025-01-08 10:05:00+00:00,identity,ap-south,2025.01,813.27,0.010898,237.47,175.51
evt-identity-ap-south-000179,2025-01-08 11:00:00+00:00,2025-01-08 11:05:00+00:00,identity,ap-south,2025.01,851.87,0.008511,230.29,187.72
evt-identity-ap-south-000180,2025-01-08 12:00:00+00:00,2025-01-08 12:05:00+00:00,identity,ap-south,2025.01,948.01,0.009886,226.99,211.79
evt-identity-ap-south-000181,2025-01-08 13:00:00+00:00,2025-01-08 13:05:00+00:00,identity,ap-south,2025.01,969.7,0.010043,231.13,212.98
evt-identity-ap-south-000182,2025-01-08 14:00:00+00:00,2025-01-08 14:05:00+00:00,identity,ap-south,2025.01,976.15,0.009029,230.25,220.72
evt-identity-ap-south-000183,2025-01-08 15:00:00+00:00,2025-01-08 15:05:00+00:00,identity,ap-south,2025.01,983.1,0.013009,211.78,211.65
evt-identity-ap-south-000184,2025-01-08 16:00:00+00:00,2025-01-08 16:05:00+00:00,identity,ap-south,2025.01,908.83,0.010544,236.52,193.5
evt-identity-ap-south-000185,2025-01-08 17:00:00+00:00,2025-01-08 17:05:00+00:00,identity,ap-south,2025.01,803.97,0.011084,243.61,179.33
evt-identity-ap-south-000186,2025-01-08 18:00:00+00:00,2025-01-08 18:05:00+00:00,identity,ap-south,2025.01,781.64,0.009545,235.96,169.24
evt-identity-ap-south-000187,2025-01-08 19:00:00+00:00,2025-01-08 19:05:00+00:00,identity,ap-south,2025.01,667.02,0.010469,245.93,150.95
evt-identity-ap-south-000188,2025-01-08 20:00:00+00:00,2025-01-08 20:05:00+00:00,identity,ap-south,2025.01,522.44,0.010093,247.01,112.57
evt-identity-ap-south-000189,2025-01-08 21:00:00+00:00,2025-01-08 21:05:00+00:00,identity,ap-south,2025.01,507.47,0.012781,258.19,114.56
evt-identity-ap-south-000190,2025-01-08 22:00:00+00:00,2025-01-08 22:05:00+00:00,identity,ap-south,2025.01,524.58,0.01312,260.21,112.74
evt-identity-ap-south-000191,2025-01-08 23:00:00+00:00,2025-01-08 23:05:00+00:00,identity,ap-south,2025.01,447.48,0.011061,239.96,96.94
evt-identity-ap-south-000192,2025-01-09 00:00:00+00:00,2025-01-09 00:05:00+00:00,identity,ap-south,2025.01,441.16,0.010355,251.39,92.68
evt-identity-ap-south-000193,2025-01-09 01:00:00+00:00,2025-01-09 01:05:00+00:00,identity,ap-south,2025.01,478.65,0.012363,245.58,106.32
evt-identity-ap-south-000194,2025-01-09 02:00:00+00:00,2025-01-09 02:05:00+00:00,identity,ap-south,2025.01,489.26,0.00861,255.07,110.33
evt-identity-ap-south-000195,2025-01-09 03:00:00+00:00,2025-01-09 03:05:00+00:00,identity,ap-south,2025.01,540.89,0.012113,243.22,117.22
evt-identity-ap-south-000196,2025-01-09 04:00:00+00:00,2025-01-09 04:05:00+00:00,identity,ap-south,2025.01,577.15,0.01128,246.17,127.37
evt-identity-ap-south-000197,2025-01-09 05:00:00+00:00,2025-01-09 05:05:00+00:00,identity,ap-south,2025.01,584.98,0.010468,249.12,125.27
evt-identity-ap-south-000198,2025-01-09 06:00:00+00:00,2025-01-09 06:05:00+00:00,identity,ap-south,2025.01,626.15,0.011332,251.6,141.1
evt-identity-ap-south-000199,2025-01-09 07:00:00+00:00,2025-01-09 07:05:00+00:00,identity,ap-south,2025.01,674.81,0.010713,245.99,147.16
evt-identity-ap-south-000200,2025-01-09 08:00:00+00:00,2025-01-09 08:05:00+00:00,identity,ap-south,2025.01,726.86,0.012365,242.11,162.66
evt-identity-ap-south-000201,2025-01-09 09:00:00+00:00,2025-01-09 09:05:00+00:00,identity,ap-south,2025.01,765.45,0.007991,230.54,165.32
evt-identity-ap-south-000202,2025-01-09 10:00:00+00:00,2025-01-09 10:05:00+00:00,identity,ap-south,2025.01,778.47,0.010088,239.3,170.56
evt-identity-ap-south-000203,2025-01-09 11:00:00+00:00,2025-01-09 11:05:00+00:00,identity,ap-south,2025.01,835.7,0.011081,237.82,182.33
evt-identity-ap-south-000204,2025-01-09 12:00:00+00:00,2025-01-09 12:05:00+00:00,identity,ap-south,2025.01,909.54,0.006386,244.75,188.78
evt-identity-ap-south-000205,2025-01-09 13:00:00+00:00,2025-01-09 13:05:00+00:00,identity,ap-south,2025.01,956.04,0.009345,223.62,215.21
evt-identity-ap-south-000206,2025-01-09 14:00:00+00:00,2025-01-09 14:05:00+00:00,identity,ap-south,2025.01,989.64,0.011736,229.58,206.88
evt-identity-ap-south-000207,2025-01-09 15:00:00+00:00,2025-01-09 15:05:00+00:00,identity,ap-south,2025.01,958.12,0.012712,231.78,209.19
evt-identity-ap-south-000208,2025-01-09 16:00:00+00:00,2025-01-09 16:05:00+00:00,identity,ap-south,2025.01,976.5,0.007101,234.92,210.04
evt-identity-ap-south-000209,2025-01-09 17:00:00+00:00,2025-01-09 17:05:00+00:00,identity,ap-south,2025.01,836.49,0.013993,222.53,190.54
evt-identity-ap-south-000210,2025-01-09 18:00:00+00:00,2025-01-09 18:05:00+00:00,identity,ap-south,2025.01,711.45,0.008484,226.84,155.4
evt-identity-ap-south-000211,2025-01-09 19:00:00+00:00,2025-01-09 19:05:00+00:00,identity,ap-south,2025.01,590.4,0.008364,258.3,130.1
evt-identity-ap-south-000212,2025-01-09 20:00:00+00:00,2025-01-09 20:05:00+00:00,identity,ap-south,2025.01,621.71,0.012514,248.0,132.26
evt-identity-ap-south-000213,2025-01-09 21:00:00+00:00,2025-01-09 21:05:00+00:00,identity,ap-south,2025.01,526.29,0.014681,261.38,113.26
evt-identity-ap-south-000214,2025-01-09 22:00:00+00:00,2025-01-09 22:05:00+00:00,identity,ap-south,2025.01,535.55,0.011304,250.08,122.87
evt-identity-ap-south-000215,2025-01-09 23:00:00+00:00,2025-01-09 23:05:00+00:00,identity,ap-south,2025.01,419.8,0.010737,262.49,92.09
evt-identity-ap-south-000216,2025-01-10 00:00:00+00:00,2025-01-10 00:05:00+00:00,identity,ap-south,2025.01,471.82,0.011595,251.69,100.89
evt-identity-ap-south-000217,2025-01-10 01:00:00+00:00,2025-01-10 01:05:00+00:00,identity,ap-south,2025.01,456.9,0.014374,245.44,99.94
evt-identity-ap-south-000218,2025-01-10 02:00:00+00:00,2025-01-10 02:05:00+00:00,identity,ap-south,2025.01,531.65,0.014292,250.25,114.89
evt-identity-ap-south-000219,2025-01-10 03:00:00+00:00,2025-01-10 03:05:00+00:00,identity,ap-south,2025.01,561.53,0.01142,258.29,119.81
evt-identity-ap-south-000220,2025-01-10 04:00:00+00:00,2025-01-10 04:05:00+00:00,identity,ap-south,2025.01,558.1,0.010646,257.48,124.1
evt-identity-ap-south-000221,2025-01-10 05:00:00+00:00,2025-01-10 05:05:00+00:00,identity,ap-south,2025.01,585.93,0.009915,241.15,124.94
evt-identity-ap-south-000222,2025-01-10 06:00:00+00:00,2025-01-10 06:05:00+00:00,identity,ap-south,2025.01,633.07,0.008187,253.21,136.31
evt-identity-ap-south-000223,2025-01-10 07:00:00+00:00,2025-01-10 07:05:00+00:00,identity,ap-south,2025.01,679.27,0.011498,232.84,148.62
evt-identity-ap-south-000224,2025-01-10 08:00:00+00:00,2025-01-10 08:05:00+00:00,identity,ap-south,2025.01,686.56,0.011119,236.49,155.88
evt-identity-ap-south-000225,2025-01-10 09:00:00+00:00,2025-01-10 09:05:00+00:00,identity,ap-south,2025.01,757.3,0.009489,247.04,164.82
evt-identity-ap-south-000226,2025-01-10 10:00:00+00:00,2025-01-10 10:05:00+00:00,identity,ap-south,2025.01,825.49,0.009208,226.76,173.97
evt-identity-ap-south-000227,2025-01-10 11:00:00+00:00,2025-01-10 11:05:00+00:00,identity,ap-south,2025.01,824.85,0.009357,243.49,181.46
evt-identity-ap-south-000228,2025-01-10 12:00:00+00:00,2025-01-10 12:05:00+00:00,identity,ap-south,2025.01,899.66,0.009682,233.17,197.55
evt-identity-ap-south-000229,2025-01-10 13:00:00+00:00,2025-01-10 13:05:00+00:00,identity,ap-south,2025.01,993.77,0.01241,225.89,216.25
evt-identity-ap-south-000230,2025-01-10 14:00:00+00:00,2025-01-10 14:05:00+00:00,identity,ap-south,2025.01,962.31,0.011574,234.14,213.13
evt-identity-ap-south-000231,2025-01-10 15:00:00+00:00,2025-01-10 15:05:00+00:00,identity,ap-south,2025.01,966.34,0.011408,235.73,212.08
evt-identity-ap-south-000232,2025-01-10 16:00:00+00:00,2025-01-10 16:05:00+00:00,identity,ap-south,2025.01,875.47,0.011381,229.51,189.92
evt-identity-ap-south-000233,2025-01-10 17:00:00+00:00,2025-01-10 17:05:00+00:00,identity,ap-south,2025.01,803.33,0.010977,210.51,172.18
evt-identity-ap-south-000234,2025-01-10 18:00:00+00:00,2025-01-10 18:05:00+00:00,identity,ap-south,2025.01,784.22,0.012892,256.21,162.7
evt-identity-ap-south-000235,2025-01-10 19:00:00+00:00,2025-01-10 19:05:00+00:00,identity,ap-south,2025.01,639.12,0.011246,234.7,140.26
evt-identity-ap-south-000236,2025-01-10 20:00:00+00:00,2025-01-10 20:05:00+00:00,identity,ap-south,2025.01,627.44,0.01152,232.04,142.08
evt-identity-ap-south-000237,2025-01-10 21:00:00+00:00,2025-01-10 21:05:00+00:00,identity,ap-south,2025.01,508.32,0.01038,238.79,111.54
evt-identity-ap-south-000238,2025-01-10 22:00:00+00:00,2025-01-10 22:05:00+00:00,identity,ap-south,2025.01,445.71,0.012694,263.59,92.23
evt-identity-ap-south-000239,2025-01-10 23:00:00+00:00,2025-01-10 23:05:00+00:00,identity,ap-south,2025.01,464.97,0.008327,254.55,98.71
evt-identity-ap-south-000240,2025-01-11 00:00:00+00:00,2025-01-11 00:05:00+00:00,identity,ap-south,2025.01,386.23,0.007774,246.77,86.63
evt-identity-ap-south-000241,2025-01-11 01:00:00+00:00,2025-01-11 01:05:00+00:00,identity,ap-south,2025.01,385.7,0.014689,261.78,82.42
evt-identity-ap-south-000242,2025-01-11 02:00:00+00:00,2025-01-11 02:05:00+00:00,identity,ap-south,2025.01,457.68,0.011423,224.44,97.93
evt-identity-ap-south-000243,2025-01-11 03:00:00+00:00,2025-01-11 03:05:00+00:00,identity,ap-south,2025.01,415.01,0.012239,259.5,92.62
evt-identity-ap-south-000244,2025-01-11 04:00:00+00:00,2025-01-11 04:05:00+00:00,identity,ap-south,2025.01,432.08,0.015535,243.15,96.36
evt-identity-ap-south-000245,2025-01-11 05:00:00+00:00,2025-01-11 05:05:00+00:00,identity,ap-south,2025.01,520.57,0.01229,241.96,115.94
evt-identity-ap-south-000246,2025-01-11 06:00:00+00:00,2025-01-11 06:05:00+00:00,identity,ap-south,2025.01,488.96,0.009205,236.28,112.28
evt-identity-ap-south-000247,2025-01-11 07:00:00+00:00,2025-01-11 07:05:00+00:00,identity,ap-south,2025.01,587.48,0.010282,229.82,134.48
evt-identity-ap-south-000248,2025-01-11 08:00:00+00:00,2025-01-11 08:05:00+00:00,identity,ap-south,2025.01,547.42,0.009178,219.22,121.5
evt-identity-ap-south-000249,2025-01-11 09:00:00+00:00,2025-01-11 09:05:00+00:00,identity,ap-south,2025.01,635.01,0.013333,232.26,143.93
evt-identity-ap-south-000250,2025-01-11 10:00:00+00:00,2025-01-11 10:05:00+00:00,identity,ap-south,2025.01,683.64,0.012347,239.78,149.65
evt-identity-ap-south-000251,2025-01-11 11:00:00+00:00,2025-01-11 11:05:00+00:00,identity,ap-south,2025.01,734.96,0.007784,221.19,159.19
evt-identity-ap-south-000252,2025-01-11 12:00:00+00:00,2025-01-11 12:05:00+00:00,identity,ap-south,2025.01,768.72,0.012959,243.35,167.54
evt-identity-ap-south-000253,2025-01-11 13:00:00+00:00,2025-01-11 13:05:00+00:00,identity,ap-south,2025.01,791.01,0.010155,237.33,170.87
evt-identity-ap-south-000254,2025-01-11 14:00:00+00:00,2025-01-11 14:05:00+00:00,identity,ap-south,2025.01,709.81,0.010793,230.24,155.56
evt-identity-ap-south-000255,2025-01-11 15:00:00+00:00,2025-01-11 15:05:00+00:00,identity,ap-south,2025.01,798.83,0.013976,220.34,180.9
evt-identity-ap-south-000256,2025-01-11 16:00:00+00:00,2025-01-11 16:05:00+00:00,identity,ap-south,2025.01,725.25,0.013647,238.87,165.9
evt-identity-ap-south-000257,2025-01-11 17:00:00+00:00,2025-01-11 17:05:00+00:00,identity,ap-south,2025.01,698.56,0.014835,241.77,152.03
evt-identity-ap-south-000258,2025-01-11 18:00:00+00:00,2025-01-11 18:05:00+00:00,identity,ap-south,2025.01,641.11,0.008809,239.48,140.92
evt-identity-ap-south-000259,2025-01-11 19:00:00+00:00,2025-01-11 19:05:00+00:00,identity,ap-south,2025.01,538.7,0.013571,248.69,118.26
evt-identity-ap-south-000260,2025-01-11 20:00:00+00:00,2025-01-11 20:05:00+00:00,identity,ap-south,2025.01,460.55,0.014925,266.55,101.1
evt-identity-ap-south-000261,2025-01-11 21:00:00+00:00,2025-01-11 21:05:00+00:00,identity,ap-south,2025.01,386.97,0.011201,260.09,82.67
evt-identity-ap-south-000262,2025-01-11 22:00:00+00:00,2025-01-11 22:05:00+00:00,identity,ap-south,2025.01,388.03,0.011933,250.27,82.57
evt-identity-ap-south-000263,2025-01-11 23:00:00+00:00,2025-01-11 23:05:00+00:00,identity,ap-south,2025.01,402.18,0.013133,254.2,88.83
evt-identity-ap-south-000264,2025-01-12 00:00:00+00:00,2025-01-12 00:05:00+00:00,identity,ap-south,2025.01,395.92,0.014171,263.56,86.7
evt-identity-ap-south-000265,2025-01-12 01:00:00+00:00,2025-01-12 01:05:00+00:00,identity,ap-south,2025.01,366.33,0.011536,249.26,81.51
evt-identity-ap-south-000266,2025-01-12 02:00:00+00:00,2025-01-12 02:05:00+00:00,identity,ap-south,2025.01,451.46,0.008409,257.82,100.67
evt-identity-ap-south-000267,2025-01-12 03:00:00+00:00,2025-01-12 03:05:00+00:00,identity,ap-south,2025.01,407.57,0.013817,241.93,92.59
evt-identity-ap-south-000268,2025-01-12 04:00:00+00:00,2025-01-12 04:05:00+00:00,identity,ap-south,2025.01,501.79,0.014536,256.52,106.18
evt-identity-ap-south-000269,2025-01-12 05:00:00+00:00,2025-01-12 05:05:00+00:00,identity,ap-south,2025.01,508.67,0.010002,240.53,109.9
evt-identity-ap-south-000270,2025-01-12 06:00:00+00:00,2025-01-12 06:05:00+00:00,identity,ap-south,2025.01,524.68,0.009689,246.06,112.89
evt-identity-ap-south-000271,2025-01-12 07:00:00+00:00,2025-01-12 07:05:00+00:00,identity,ap-south,2025.01,542.82,0.01274,240.54,117.99
evt-identity-ap-south-000272,2025-01-12 08:00:00+00:00,2025-01-12 08:05:00+00:00,identity,ap-south,2025.01,603.99,0.011003,250.3,135.55
evt-identity-ap-south-000273,2025-01-12 09:00:00+00:00,2025-01-12 09:05:00+00:00,identity,ap-south,2025.01,612.41,0.013159,234.92,132.48
evt-identity-ap-south-000274,2025-01-12 10:00:00+00:00,2025-01-12 10:05:00+00:00,identity,ap-south,2025.01,662.33,0.008881,234.29,142.36
evt-identity-ap-south-000275,2025-01-12 11:00:00+00:00,2025-01-12 11:05:00+00:00,identity,ap-south,2025.01,727.62,0.008698,242.2,160.17
evt-identity-ap-south-000276,2025-01-12 12:00:00+00:00,2025-01-12 12:05:00+00:00,identity,ap-south,2025.01,741.69,0.008335,243.0,163.67
evt-identity-ap-south-000277,2025-01-12 13:00:00+00:00,2025-01-12 13:05:00+00:00,identity,ap-south,2025.01,744.33,0.009066,219.04,155.2
evt-identity-ap-south-000278,2025-01-12 14:00:00+00:00,2025-01-12 14:05:00+00:00,identity,ap-south,2025.01,737.27,0.011489,227.73,165.71
evt-identity-ap-south-000279,2025-01-12 15:00:00+00:00,2025-01-12 15:05:00+00:00,identity,ap-south,2025.01,741.51,0.009548,222.99,160.61
evt-identity-ap-south-000280,2025-01-12 16:00:00+00:00,2025-01-12 16:05:00+00:00,identity,ap-south,2025.01,691.47,0.011418,229.48,151.27
evt-identity-ap-south-000281,2025-01-12 17:00:00+00:00,2025-01-12 17:05:00+00:00,identity,ap-south,2025.01,671.95,0.012359,226.57,152.87
evt-identity-ap-south-000282,2025-01-12 18:00:00+00:00,2025-01-12 18:05:00+00:00,identity,ap-south,2025.01,623.01,0.012133,245.85,137.23
evt-identity-ap-south-000283,2025-01-12 19:00:00+00:00,2025-01-12 19:05:00+00:00,identity,ap-south,2025.01,550.49,0.012376,244.45,119.29
evt-identity-ap-south-000284,2025-01-12 20:00:00+00:00,2025-01-12 20:05:00+00:00,identity,ap-south,2025.01,487.68,0.012484,242.96,108.57
evt-identity-ap-south-000285,2025-01-12 21:00:00+00:00,2025-01-12 21:05:00+00:00,identity,ap-south,2025.01,416.72,0.013013,239.62,91.73
evt-identity-ap-south-000286,2025-01-12 22:00:00+00:00,2025-01-12 22:05:00+00:00,identity,ap-south,2025.01,403.7,0.010905,238.04,89.73
evt-identity-ap-south-000287,2025-01-12 23:00:00+00:00,2025-01-12 23:05:00+00:00,identity,ap-south,2025.01,383.51,0.011285,267.82,83.12
evt-identity-ap-south-000288,2025-01-13 00:00:00+00:00,2025-01-13 00:05:00+00:00,identity,ap-south,2025.01,469.62,0.012274,254.92,105.96
evt-identity-ap-south-000289,2025-01-13 01:00:00+00:00,2025-01-13 01:05:00+00:00,identity,ap-south,2025.01,489.64,0.010791,261.47,106.73
evt-identity-ap-south-000290,2025-01-13 02:00:00+00:00,2025-01-13 02:05:00+00:00,identity,ap-south,2025.01,497.7,0.011149,273.19,105.58
evt-identity-ap-south-000291,2025-01-13 03:00:00+00:00,2025-01-13 03:05:00+00:00,identity,ap-south,2025.01,500.6,0.012533,250.43,109.3
evt-identity-ap-south-000292,2025-01-13 04:00:00+00:00,2025-01-13 04:05:00+00:00,identity,ap-south,2025.01,541.83,0.009681,237.7,119.47
evt-identity-ap-south-000293,2025-01-13 05:00:00+00:00,2025-01-13 05:05:00+00:00,identity,ap-south,2025.01,598.22,0.009438,231.82,133.86
evt-identity-ap-south-000294,2025-01-13 06:00:00+00:00,2025-01-13 06:05:00+00:00,identity,ap-south,2025.01,575.33,0.011683,238.72,126.8
evt-identity-ap-south-000295,2025-01-13 07:00:00+00:00,2025-01-13 07:05:00+00:00,identity,ap-south,2025.01,679.04,0.009569,244.6,145.94
evt-identity-ap-south-000296,2025-01-13 08:00:00+00:00,2025-01-13 08:05:00+00:00,identity,ap-south,2025.01,718.61,0.010628,228.12,156.05
evt-identity-ap-south-000297,2025-01-13 09:00:00+00:00,2025-01-13 09:05:00+00:00,identity,ap-south,2025.01,764.68,0.012202,244.4,166.84
evt-identity-ap-south-000298,2025-01-13 10:00:00+00:00,2025-01-13 10:05:00+00:00,identity,ap-south,2025.01,776.93,0.010377,224.87,172.66
evt-identity-ap-south-000299,2025-01-13 11:00:00+00:00,2025-01-13 11:05:00+00:00,identity,ap-south,2025.01,853.81,0.012046,218.71,189.21
evt-identity-ap-south-000300,2025-01-13 12:00:00+00:00,2025-01-13 12:05:00+00:00,identity,ap-south,2025.01,952.81,0.009188,237.95,211.39
evt-identity-ap-south-000301,2025-01-13 13:00:00+00:00,2025-01-13 13:05:00+00:00,identity,ap-south,2025.01,971.21,0.010251,230.59,219.98
evt-identity-ap-south-000302,2025-01-13 14:00:00+00:00,2025-01-13 14:05:00+00:00,identity,ap-south,2025.01,973.59,0.010177,253.12,212.62
evt-identity-ap-south-000303,2025-01-13 15:00:00+00:00,2025-01-13 15:05:00+00:00,identity,ap-south,2025.01,969.35,0.007387,229.37,217.01
evt-identity-ap-south-000304,2025-01-13 16:00:00+00:00,2025-01-13 16:05:00+00:00,identity,ap-south,2025.01,858.6,0.008199,238.3,190.43
evt-identity-ap-south-000305,2025-01-13 17:00:00+00:00,2025-01-13 17:05:00+00:00,identity,ap-south,2025.01,794.25,0.008359,226.63,170.19
evt-identity-ap-south-000306,2025-01-13 18:00:00+00:00,2025-01-13 18:05:00+00:00,identity,ap-south,2025.01,765.61,0.010714,239.47,174.4
evt-identity-ap-south-000307,2025-01-13 19:00:00+00:00,2025-01-13 19:05:00+00:00,identity,ap-south,2025.01,650.31,0.009731,235.36,140.68
evt-identity-ap-south-000308,2025-01-13 20:00:00+00:00,2025-01-13 20:05:00+00:00,identity,ap-south,2025.01,638.31,0.011491,241.2,139.78
evt-identity-ap-south-000309,2025-01-13 21:00:00+00:00,2025-01-13 21:05:00+00:00,identity,ap-south,2025.01,576.55,0.011953,242.67,124.7
evt-identity-ap-south-000310,2025-01-13 22:00:00+00:00,2025-01-13 22:05:00+00:00,identity,ap-south,2025.01,437.15,0.011404,266.66,95.8
evt-identity-ap-south-000311,2025-01-13 23:00:00+00:00,2025-01-13 23:05:00+00:00,identity,ap-south,2025.01,506.43,0.012246,266.56,110.32
evt-identity-ap-south-000312,2025-01-14 00:00:00+00:00,2025-01-14 00:05:00+00:00,identity,ap-south,2025.01,458.62,0.012259,264.04,99.85
evt-identity-ap-south-000313,2025-01-14 01:00:00+00:00,2025-01-14 01:05:00+00:00,identity,ap-south,2025.01,493.96,0.012757,236.72,111.16
evt-identity-ap-south-000314,2025-01-14 02:00:00+00:00,2025-01-14 02:05:00+00:00,identity,ap-south,2025.01,445.92,0.008861,253.47,97.37
evt-identity-ap-south-000315,2025-01-14 03:00:00+00:00,2025-01-14 03:05:00+00:00,identity,ap-south,2025.01,527.26,0.014896,257.28,119.22
evt-identity-ap-south-000316,2025-01-14 04:00:00+00:00,2025-01-14 04:05:00+00:00,identity,ap-south,2025.01,588.38,0.01481,256.5,131.66
evt-identity-ap-south-000317,2025-01-14 05:00:00+00:00,2025-01-14 05:05:00+00:00,identity,ap-south,2025.01,578.34,0.010516,261.15,125.5
evt-identity-ap-south-000318,2025-01-14 06:00:00+00:00,2025-01-14 06:05:00+00:00,identity,ap-south,2025.01,673.39,0.009181,222.33,146.81
evt-identity-ap-south-000319,2025-01-14 07:00:00+00:00,2025-01-14 07:05:00+00:00,identity,ap-south,2025.01,662.88,0.009727,237.05,145.16
evt-identity-ap-south-000320,2025-01-14 08:00:00+00:00,2025-01-14 08:05:00+00:00,identity,ap-south,2025.01,691.9,0.009983,235.05,156.86
evt-identity-ap-south-000321,2025-01-14 09:00:00+00:00,2025-01-14 09:05:00+00:00,identity,ap-south,2025.01,776.25,0.01215,241.75,175.8
evt-identity-ap-south-000322,2025-01-14 10:00:00+00:00,2025-01-14 10:05:00+00:00,identity,ap-south,2025.01,794.77,0.011959,231.33,174.38
evt-identity-ap-south-000323,2025-01-14 11:00:00+00:00,2025-01-14 11:05:00+00:00,identity,ap-south,2025.01,874.5,0.012825,238.05,187.34
evt-identity-ap-south-000324,2025-01-14 12:00:00+00:00,2025-01-14 12:05:00+00:00,identity,ap-south,2025.01,962.17,0.009082,240.2,206.26
evt-identity-ap-south-000325,2025-01-14 13:00:00+00:00,2025-01-14 13:05:00+00:00,identity,ap-south,2025.01,937.58,0.009853,247.64,195.21
evt-identity-ap-south-000326,2025-01-14 14:00:00+00:00,2025-01-14 14:05:00+00:00,identity,ap-south,2025.01,979.29,0.013551,221.94,216.84
evt-identity-ap-south-000327,2025-01-14 15:00:00+00:00,2025-01-14 15:05:00+00:00,identity,ap-south,2025.01,941.34,0.011909,218.89,205.58
evt-identity-ap-south-000328,2025-01-14 16:00:00+00:00,2025-01-14 16:05:00+00:00,identity,ap-south,2025.01,891.26,0.012989,230.88,195.41
evt-identity-ap-south-000329,2025-01-14 17:00:00+00:00,2025-01-14 17:05:00+00:00,identity,ap-south,2025.01,839.8,0.012673,231.2,188.15
evt-identity-ap-south-000330,2025-01-14 18:00:00+00:00,2025-01-14 18:05:00+00:00,identity,ap-south,2025.01,828.43,0.013479,238.16,190.18
evt-identity-ap-south-000331,2025-01-14 19:00:00+00:00,2025-01-14 19:05:00+00:00,identity,ap-south,2025.01,652.79,0.009327,251.28,146.84
evt-identity-ap-south-000332,2025-01-14 20:00:00+00:00,2025-01-14 20:05:00+00:00,identity,ap-south,2025.01,584.69,0.013456,251.72,131.29
evt-identity-ap-south-000333,2025-01-14 21:00:00+00:00,2025-01-14 21:05:00+00:00,identity,ap-south,2025.01,519.0,0.013734,255.44,110.36
evt-identity-ap-south-000334,2025-01-14 22:00:00+00:00,2025-01-14 22:05:00+00:00,identity,ap-south,2025.01,497.06,0.012207,258.29,107.11
evt-identity-ap-south-000335,2025-01-14 23:00:00+00:00,2025-01-14 23:05:00+00:00,identity,ap-south,2025.01,403.67,0.014714,241.66,90.75
evt-identity-eu-west-000000,2025-01-01 00:00:00+00:00,2025-01-01 00:05:00+00:00,identity,eu-west,2025.01,598.24,0.013485,223.59,134.01
evt-identity-eu-west-000001,2025-01-01 01:00:00+00:00,2025-01-01 01:05:00+00:00,identity,eu-west,2025.01,697.02,0.015117,216.7,158.69
evt-identity-eu-west-000002,2025-01-01 02:00:00+00:00,2025-01-01 02:05:00+00:00,identity,eu-west,2025.01,661.18,0.011305,230.29,150.83
evt-identity-eu-west-000003,2025-01-01 03:00:00+00:00,2025-01-01 03:05:00+00:00,identity,eu-west,2025.01,682.18,0.00755,232.05,149.17
evt-identity-eu-west-000004,2025-01-01 04:00:00+00:00,2025-01-01 04:05:00+00:00,identity,eu-west,2025.01,737.14,0.013755,242.85,165.56
evt-identity-eu-west-000005,2025-01-01 05:00:00+00:00,2025-01-01 05:05:00+00:00,identity,eu-west,2025.01,766.44,0.009536,214.01,171.24
evt-identity-eu-west-000006,2025-01-01 06:00:00+00:00,2025-01-01 06:05:00+00:00,identity,eu-west,2025.01,794.32,0.013482,214.45,178.64
evt-identity-eu-west-000007,2025-01-01 07:00:00+00:00,2025-01-01 07:05:00+00:00,identity,eu-west,2025.01,881.66,0.011859,225.6,193.44
evt-identity-eu-west-000008,2025-01-01 08:00:00+00:00,2025-01-01 08:05:00+00:00,identity,eu-west,2025.01,959.0,0.014487,215.48,208.79
evt-identity-eu-west-000009,2025-01-01 09:00:00+00:00,2025-01-01 09:05:00+00:00,identity,eu-west,2025.01,979.77,0.012171,210.56,217.96
evt-identity-eu-west-000010,2025-01-01 10:00:00+00:00,2025-01-01 10:05:00+00:00,identity,eu-west,2025.01,1105.88,0.013641,213.64,237.91
evt-identity-eu-west-000011,2025-01-01 11:00:00+00:00,2025-01-01 11:05:00+00:00,identity,eu-west,2025.01,1137.05,0.010442,213.12,245.84
evt-identity-eu-west-000012,2025-01-01 12:00:00+00:00,2025-01-01 12:05:00+00:00,identity,eu-west,2025.01,1181.68,0.011528,209.0,250.02
evt-identity-eu-west-000013,2025-01-01 13:00:00+00:00,2025-01-01 13:05:00+00:00,identity,eu-west,2025.01,1255.22,0.008578,199.45,279.7
evt-identity-eu-west-000014,2025-01-01 14:00:00+00:00,2025-01-01 14:05:00+00:00,identity,eu-west,2025.01,1267.67,0.010617,189.89,281.3
evt-identity-eu-west-000015,2025-01-01 15:00:00+00:00,2025-01-01 15:05:00+00:00,identity,eu-west,2025.01,1290.64,0.010069,187.93,288.64
evt-identity-eu-west-000016,2025-01-01 16:00:00+00:00,2025-01-01 16:05:00+00:00,identity,eu-west,2025.01,1179.18,0.011289,197.92,259.51
evt-identity-eu-west-000017,2025-01-01 17:00:00+00:00,2025-01-01 17:05:00+00:00,identity,eu-west,2025.01,1072.8,0.01339,211.17,234.42
evt-identity-eu-west-000018,2025-01-01 18:00:00+00:00,2025-01-01 18:05:00+00:00,identity,eu-west,2025.01,993.69,0.013868,208.73,221.43
evt-identity-eu-west-000019,2025-01-01 19:00:00+00:00,2025-01-01 19:05:00+00:00,identity,eu-west,2025.01,835.6,0.011485,208.03,188.86
evt-identity-eu-west-000020,2025-01-01 20:00:00+00:00,2025-01-01 20:05:00+00:00,identity,eu-west,2025.01,795.49,0.009511,228.34,173.09
evt-identity-eu-west-000021,2025-01-01 21:00:00+00:00,2025-01-01 21:05:00+00:00,identity,eu-west,2025.01,660.15,0.01216,209.52,144.67
evt-identity-eu-west-000022,2025-01-01 22:00:00+00:00,2025-01-01 22:05:00+00:00,identity,eu-west,2025.01,703.14,0.011177,234.77,153.76
evt-identity-eu-west-000023,2025-01-01 23:00:00+00:00,2025-01-01 23:05:00+00:00,identity,eu-west,2025.01,603.87,0.014718,213.79,135.94
evt-identity-eu-west-000024,2025-01-02 00:00:00+00:00,2025-01-02 00:05:00+00:00,identity,eu-west,2025.01,601.43,0.013122,227.78,132.81
evt-identity-eu-west-000025,2025-01-02 01:00:00+00:00,2025-01-02 01:05:00+00:00,identity,eu-west,2025.01,641.25,0.011987,219.49,137.37
evt-identity-eu-west-000026,2025-01-02 02:00:00+00:00,2025-01-02 02:05:00+00:00,identity,eu-west,2025.01,595.23,0.013159,229.83,134.86
evt-identity-eu-west-000027,2025-01-02 03:00:00+00:00,2025-01-02 03:05:00+00:00,identity,eu-west,2025.01,718.07,0.015961,220.76,154.59
evt-identity-eu-west-000028,2025-01-02 04:00:00+00:00,2025-01-02 04:05:00+00:00,identity,eu-west,2025.01,685.03,0.008923,233.0,152.47
evt-identity-eu-west-000029,2025-01-02 05:00:00+00:00,2025-01-02 05:05:00+00:00,identity,eu-west,2025.01,779.72,0.015254,204.3,172.62
evt-identity-eu-west-000030,2025-01-02 06:00:00+00:00,2025-01-02 06:05:00+00:00,identity,eu-west,2025.01,763.76,0.010953,225.53,174.55
evt-identity-eu-west-000031,2025-01-02 07:00:00+00:00,2025-01-02 07:05:00+00:00,identity,eu-west,2025.01,863.46,0.009181,217.51,190.0
evt-identity-eu-west-000032,2025-01-02 08:00:00+00:00,2025-01-02 08:05:00+00:00,identity,eu-west,2025.01,847.92,0.010436,219.01,189.35
evt-identity-eu-west-000033,2025-01-02 09:00:00+00:00,2025-01-02 09:05:00+00:00,identity,eu-west,2025.01,983.29,0.010215,216.51,221.44
evt-identity-eu-west-000034,2025-01-02 10:00:00+00:00,2025-01-02 10:05:00+00:00,identity,eu-west,2025.01,1072.22,0.012662,215.05,236.38
evt-identity-eu-west-000035,2025-01-02 11:00:00+00:00,2025-01-02 11:05:00+00:00,identity,eu-west,2025.01,1153.35,0.008729,218.15,249.57
evt-identity-eu-west-000036,2025-01-02 12:00:00+00:00,2025-01-02 12:05:00+00:00,identity,eu-west,2025.01,1166.92,0.012068,198.92,260.55
evt-identity-eu-west-000037,2025-01-02 13:00:00+00:00,2025-01-02 13:05:00+00:00,identity,eu-west,2025.01,1212.38,0.009085,221.67,268.36
evt-identity-eu-west-000038,2025-01-02 14:00:00+00:00,2025-01-02 14:05:00+00:00,identity,eu-west,2025.01,1235.02,0.005061,202.64,265.21
evt-identity-eu-west-000039,2025-01-02 15:00:00+00:00,2025-01-02 15:05:00+00:00,identity,eu-west,2025.01,1311.02,0.008718,217.1,302.11
evt-identity-eu-west-000040,2025-01-02 16:00:00+00:00,2025-01-02 16:05:00+00:00,identity,eu-west,2025.01,1157.74,0.011789,211.28,264.19
evt-identity-eu-west-000041,2025-01-02 17:00:00+00:00,2025-01-02 17:05:00+00:00,identity,eu-west,2025.01,1103.8,0.00747,205.7,243.84
evt-identity-eu-west-000042,2025-01-02 18:00:00+00:00,2025-01-02 18:05:00+00:00,identity,eu-west,2025.01,995.34,0.010809,198.56,214.62
evt-identity-eu-west-000043,2025-01-02 19:00:00+00:00,2025-01-02 19:05:00+00:00,identity,eu-west,2025.01,879.92,0.009793,206.1,199.86
evt-identity-eu-west-000044,2025-01-02 20:00:00+00:00,2025-01-02 20:05:00+00:00,identity,eu-west,2025.01,746.51,0.017977,211.47,162.75
evt-identity-eu-west-000045,2025-01-02 21:00:00+00:00,2025-01-02 21:05:00+00:00,identity,eu-west,2025.01,661.74,0.016058,232.99,147.75
evt-identity-eu-west-000046,2025-01-02 22:00:00+00:00,2025-01-02 22:05:00+00:00,identity,eu-west,2025.01,550.46,0.011037,236.68,117.27
evt-identity-eu-west-000047,2025-01-02 23:00:00+00:00,2025-01-02 23:05:00+00:00,identity,eu-west,2025.01,611.63,0.012093,233.17,133.67
evt-identity-eu-west-000048,2025-01-03 00:00:00+00:00,2025-01-03 00:05:00+00:00,identity,eu-west,2025.01,646.13,0.011181,220.96,138.56
evt-identity-eu-west-000049,2025-01-03 01:00:00+00:00,2025-01-03 01:05:00+00:00,identity,eu-west,2025.01,597.98,0.012396,234.17,131.05
evt-identity-eu-west-000050,2025-01-03 02:00:00+00:00,2025-01-03 02:05:00+00:00,identity,eu-west,2025.01,641.98,0.011003,234.19,144.26
evt-identity-eu-west-000051,2025-01-03 03:00:00+00:00,2025-01-03 03:05:00+00:00,identity,eu-west,2025.01,766.81,0.013439,222.25,164.27
evt-identity-eu-west-000052,2025-01-03 04:00:00+00:00,2025-01-03 04:05:00+00:00,identity,eu-west,2025.01,709.52,0.011025,222.05,152.75
evt-identity-eu-west-000053,2025-01-03 05:00:00+00:00,2025-01-03 05:05:00+00:00,identity,eu-west,2025.01,815.33,0.014157,229.11,179.4
evt-identity-eu-west-000054,2025-01-03 06:00:00+00:00,2025-01-03 06:05:00+00:00,identity,eu-west,2025.01,779.87,0.011396,218.27,163.32
evt-identity-eu-west-000055,2025-01-03 07:00:00+00:00,2025-01-03 07:05:00+00:00,identity,eu-west,2025.01,881.96,0.011827,224.55,190.83
evt-identity-eu-west-000056,2025-01-03 08:00:00+00:00,2025-01-03 08:05:00+00:00,identity,eu-west,2025.01,934.54,0.009192,213.69,204.19
evt-identity-eu-west-000057,2025-01-03 09:00:00+00:00,2025-01-03 09:05:00+00:00,identity,eu-west,2025.01,971.03,0.010205,211.17,210.1
evt-identity-eu-west-000058,2025-01-03 10:00:00+00:00,2025-01-03 10:05:00+00:00,identity,eu-west,2025.01,1080.04,0.011381,236.79,229.21
evt-identity-eu-west-000059,2025-01-03 11:00:00+00:00,2025-01-03 11:05:00+00:00,identity,eu-west,2025.01,1105.56,0.010123,197.59,242.56
evt-identity-eu-west-000060,2025-01-03 12:00:00+00:00,2025-01-03 12:05:00+00:00,identity,eu-west,2025.01,1225.93,0.009732,214.87,257.91
evt-identity-eu-west-000061,2025-01-03 13:00:00+00:00,2025-01-03 13:05:00+00:00,identity,eu-west,2025.01,1174.92,0.010554,224.27,263.58
evt-identity-eu-west-000062,2025-01-03 14:00:00+00:00,2025-01-03 14:05:00+00:00,identity,eu-west,2025.01,1345.61,0.013978,198.19,295.57
evt-identity-eu-west-000063,2025-01-03 15:00:00+00:00,2025-01-03 15:05:00+00:00,identity,eu-west,2025.01,1254.69,0.011183,190.11,282.39
evt-identity-eu-west-000064,2025-01-03 16:00:00+00:00,2025-01-03 16:05:00+00:00,identity,eu-west,2025.01,1146.59,0.011912,203.75,248.6
evt-identity-eu-west-000065,2025-01-03 17:00:00+00:00,2025-01-03 17:05:00+00:00,identity,eu-west,2025.01,1075.64,0.013434,192.15,240.39
evt-identity-eu-west-000066,2025-01-03 18:00:00+00:00,2025-01-03 18:05:00+00:00,identity,eu-west,2025.01,953.61,0.011573,214.21,202.78
evt-identity-eu-west-000067,2025-01-03 19:00:00+00:00,2025-01-03 19:05:00+00:00,identity,eu-west,2025.01,859.17,0.009165,207.04,189.31
evt-identity-eu-west-000068,2025-01-03 20:00:00+00:00,2025-01-03 20:05:00+00:00,identity,eu-west,2025.01,679.17,0.010971,210.53,143.08
evt-identity-eu-west-000069,2025-01-03 21:00:00+00:00,2025-01-03 21:05:00+00:00,identity,eu-west,2025.01,670.33,0.011901,218.18,143.67
evt-identity-eu-west-000070,2025-01-03 22:00:00+00:00,2025-01-03 22:05:00+00:00,identity,eu-west,2025.01,674.88,0.011401,237.83,151.44
evt-identity-eu-west-000071,2025-01-03 23:00:00+00:00,2025-01-03 23:05:00+00:00,identity,eu-west,2025.01,619.04,0.011556,230.17,133.25
evt-identity-eu-west-000072,2025-01-04 00:00:00+00:00,2025-01-04 00:05:00+00:00,identity,eu-west,2025.01,446.35,0.011149,227.69,97.1
evt-identity-eu-west-000073,2025-01-04 01:00:00+00:00,2025-01-04 01:05:00+00:00,identity,eu-west,2025.01,553.44,0.010439,229.1,123.69
evt-identity-eu-west-000074,2025-01-04 02:00:00+00:00,2025-01-04 02:05:00+00:00,identity,eu-west,2025.01,538.04,0.008096,230.26,116.32
evt-identity-eu-west-000075,2025-01-04 03:00:00+00:00,2025-01-04 03:05:00+00:00,identity,eu-west,2025.01,587.95,0.011694,230.0,126.72
evt-identity-eu-west-000076,2025-01-04 04:00:00+00:00,2025-01-04 04:05:00+00:00,identity,eu-west,2025.01,584.27,0.007948,228.06,129.89
evt-identity-eu-west-000077,2025-01-04 05:00:00+00:00,2025-01-04 05:05:00+00:00,identity,eu-west,2025.01,700.43,0.012623,224.76,156.04
evt-identity-eu-west-000078,2025-01-04 06:00:00+00:00,2025-01-04 06:05:00+00:00,identity,eu-west,2025.01,674.52,0.00931,219.94,148.95
evt-identity-eu-west-000079,2025-01-04 07:00:00+00:00,2025-01-04 07:05:00+00:00,identity,eu-west,2025.01,706.0,0.012812,218.65,153.64
evt-identity-eu-west-000080,2025-01-04 08:00:00+00:00,2025-01-04 08:05:00+00:00,identity,eu-west,2025.01,728.25,0.015255,213.76,168.73
evt-identity-eu-west-000081,2025-01-04 09:00:00+00:00,2025-01-04 09:05:00+00:00,identity,eu-west,2025.01,774.56,0.008289,204.52,172.34
evt-identity-eu-west-000082,2025-01-04 10:00:00+00:00,2025-01-04 10:05:00+00:00,identity,eu-west,2025.01,900.08,0.009692,211.47,197.83
evt-identity-eu-west-000083,2025-01-04 11:00:00+00:00,2025-01-04 11:05:00+00:00,identity,eu-west,2025.01,904.65,0.009211,200.94,193.24
evt-identity-eu-west-000084,2025-01-04 12:00:00+00:00,2025-01-04 12:05:00+00:00,identity,eu-west,2025.01,975.02,0.013382,217.45,215.76
evt-identity-eu-west-000085,2025-01-04 13:00:00+00:00,2025-01-04 13:05:00+00:00,identity,eu-west,2025.01,1018.52,0.01055,190.75,227.57
evt-identity-eu-west-000086,2025-01-04 14:00:00+00:00,2025-01-04 14:05:00+00:00,identity,eu-west,2025.01,999.47,0.005998,197.5,221.09
evt-identity-eu-west-000087,2025-01-04 15:00:00+00:00,2025-01-04 15:05:00+00:00,identity,eu-west,2025.01,996.75,0.011457,205.1,214.32
evt-identity-eu-west-000088,2025-01-04 16:00:00+00:00,2025-01-04 16:05:00+00:00,identity,eu-west,2025.01,985.49,0.00931,211.6,219.15
evt-identity-eu-west-000089,2025-01-04 17:00:00+00:00,2025-01-04 17:05:00+00:00,identity,eu-west,2025.01,923.55,0.007449,214.31,197.4
evt-identity-eu-west-000090,2025-01-04 18:00:00+00:00,2025-01-04 18:05:00+00:00,identity,eu-west,2025.01,800.14,0.009504,206.51,174.48
evt-identity-eu-west-000091,2025-01-04 19:00:00+00:00,2025-01-04 19:05:00+00:00,identity,eu-west,2025.01,649.03,0.009579,230.89,143.02
evt-identity-eu-west-000092,2025-01-04 20:00:00+00:00,2025-01-04 20:05:00+00:00,identity,eu-west,2025.01,599.26,0.009783,216.32,132.52
evt-identity-eu-west-000093,2025-01-04 21:00:00+00:00,2025-01-04 21:05:00+00:00,identity,eu-west,2025.01,611.44,0.009122,230.09,137.83
evt-identity-eu-west-000094,2025-01-04 22:00:00+00:00,2025-01-04 22:05:00+00:00,identity,eu-west,2025.01,496.73,0.01037,211.9,108.7
evt-identity-eu-west-000095,2025-01-04 23:00:00+00:00,2025-01-04 23:05:00+00:00,identity,eu-west,2025.01,563.93,0.01354,222.28,126.01
evt-identity-eu-west-000096,2025-01-05 00:00:00+00:00,2025-01-05 00:05:00+00:00,identity,eu-west,2025.01,536.91,0.010323,232.7,120.71
evt-identity-eu-west-000097,2025-01-05 01:00:00+00:00,2025-01-05 01:05:00+00:00,identity,eu-west,2025.01,572.63,0.010547,237.69,130.01
evt-identity-eu-west-000098,2025-01-05 02:00:00+00:00,2025-01-05 02:05:00+00:00,identity,eu-west,2025.01,487.17,0.013761,223.2,114.0
evt-identity-eu-west-000099,2025-01-05 03:00:00+00:00,2025-01-05 03:05:00+00:00,identity,eu-west,2025.01,606.62,0.013025,219.13,137.44
evt-identity-eu-west-000100,2025-01-05 04:00:00+00:00,2025-01-05 04:05:00+00:00,identity,eu-west,2025.01,692.73,0.010337,207.1,157.58
evt-identity-eu-west-000101,2025-01-05 05:00:00+00:00,2025-01-05 05:05:00+00:00,identity,eu-west,2025.01,701.75,0.012747,228.95,145.93
evt-identity-eu-west-000102,2025-01-05 06:00:00+00:00,2025-01-05 06:05:00+00:00,identity,eu-west,2025.01,650.02,0.010434,223.65,147.27
evt-identity-eu-west-000103,2025-01-05 07:00:00+00:00,2025-01-05 07:05:00+00:00,identity,eu-west,2025.01,732.06,0.010061,228.65,159.53
evt-identity-eu-west-000104,2025-01-05 08:00:00+00:00,2025-01-05 08:05:00+00:00,identity,eu-west,2025.01,721.46,0.009235,211.74,159.99
evt-identity-eu-west-000105,2025-01-05 09:00:00+00:00,2025-01-05 09:05:00+00:00,identity,eu-west,2025.01,799.3,0.011891,211.72,173.04
evt-identity-eu-west-000106,2025-01-05 10:00:00+00:00,2025-01-05 10:05:00+00:00,identity,eu-west,2025.01,875.9,0.009215,211.98,191.05
evt-identity-eu-west-000107,2025-01-05 11:00:00+00:00,2025-01-05 11:05:00+00:00,identity,eu-west,2025.01,876.08,0.011281,218.21,188.26
evt-identity-eu-west-000108,2025-01-05 12:00:00+00:00,2025-01-05 12:05:00+00:00,identity,eu-west,2025.01,981.4,0.008756,192.94,218.51
evt-identity-eu-west-000109,2025-01-05 13:00:00+00:00,2025-01-05 13:05:00+00:00,identity,eu-west,2025.01,1060.56,0.00796,209.2,231.59
evt-identity-eu-west-000110,2025-01-05 14:00:00+00:00,2025-01-05 14:05:00+00:00,identity,eu-west,2025.01,1032.05,0.007497,207.69,233.99
evt-identity-eu-west-000111,2025-01-05 15:00:00+00:00,2025-01-05 15:05:00+00:00,identity,eu-west,2025.01,972.0,0.010168,186.76,209.62
evt-identity-eu-west-000112,2025-01-05 16:00:00+00:00,2025-01-05 16:05:00+00:00,identity,eu-west,2025.01,910.74,0.008571,215.37,201.61
evt-identity-eu-west-000113,2025-01-05 17:00:00+00:00,2025-01-05 17:05:00+00:00,identity,eu-west,2025.01,901.14,0.007624,212.46,183.8
evt-identity-eu-west-000114,2025-01-05 18:00:00+00:00,2025-01-05 18:05:00+00:00,identity,eu-west,2025.01,802.09,0.008836,198.08,177.64
evt-identity-eu-west-000115,2025-01-05 19:00:00+00:00,2025-01-05 19:05:00+00:00,identity,eu-west,2025.01,725.65,0.013982,224.84,156.61
evt-identity-eu-west-000116,2025-01-05 20:00:00+00:00,2025-01-05 20:05:00+00:00,identity,eu-west,2025.01,653.97,0.011677,218.11,141.96
evt-identity-eu-west-000117,2025-01-05 21:00:00+00:00,2025-01-05 21:05:00+00:00,identity,eu-west,2025.01,557.19,0.016544,220.84,123.31
evt-identity-eu-west-000118,2025-01-05 22:00:00+00:00,2025-01-05 22:05:00+00:00,identity,eu-west,2025.01,501.49,0.010621,227.92,110.57
evt-identity-eu-west-000119,2025-01-05 23:00:00+00:00,2025-01-05 23:05:00+00:00,identity,eu-west,2025.01,511.26,0.011957,225.78,118.13
evt-identity-eu-west-000120,2025-01-06 00:00:00+00:00,2025-01-06 00:05:00+00:00,identity,eu-west,2025.01,652.71,0.015124,231.01,140.88
evt-identity-eu-west-000121,2025-01-06 01:00:00+00:00,2025-01-06 01:05:00+00:00,identity,eu-west,2025.01,606.38,0.010359,228.37,133.4
evt-identity-eu-west-000122,2025-01-06 02:00:00+00:00,2025-01-06 02:05:00+00:00,identity,eu-west,2025.01,697.47,0.010228,221.15,156.19
evt-identity-eu-west-000123,2025-01-06 03:00:00+00:00,2025-01-06 03:05:00+00:00,identity,eu-west,2025.01,717.74,0.010458,222.49,150.55
evt-identity-eu-west-000124,2025-01-06 04:00:00+00:00,2025-01-06 04:05:00+00:00,identity,eu-west,2025.01,732.22,0.016804,215.3,151.95
evt-identity-eu-west-000125,2025-01-06 05:00:00+00:00,2025-01-06 05:05:00+00:00,identity,eu-west,2025.01,788.71,0.011001,202.74,172.17
evt-identity-eu-west-000126,2025-01-06 06:00:00+00:00,2025-01-06 06:05:00+00:00,identity,eu-west,2025.01,781.71,0.011538,212.51,174.3
evt-identity-eu-west-000127,2025-01-06 07:00:00+00:00,2025-01-06 07:05:00+00:00,identity,eu-west,2025.01,867.57,0.012134,210.76,191.19
evt-identity-eu-west-000128,2025-01-06 08:00:00+00:00,2025-01-06 08:05:00+00:00,identity,eu-west,2025.01,918.01,0.012081,223.95,204.84
evt-identity-eu-west-000129,2025-01-06 09:00:00+00:00,2025-01-06 09:05:00+00:00,identity,eu-west,2025.01,980.18,0.010051,199.55,210.68
evt-identity-eu-west-000130,2025-01-06 10:00:00+00:00,2025-01-06 10:05:00+00:00,identity,eu-west,2025.01,1048.69,0.009214,208.65,229.53
evt-identity-eu-west-000131,2025-01-06 11:00:00+00:00,2025-01-06 11:05:00+00:00,identity,eu-west,2025.01,1097.1,0.010421,224.39,237.68
evt-identity-eu-west-000132,2025-01-06 12:00:00+00:00,2025-01-06 12:05:00+00:00,identity,eu-west,2025.01,1196.42,0.009604,209.5,273.42
evt-identity-eu-west-000133,2025-01-06 13:00:00+00:00,2025-01-06 13:05:00+00:00,identity,eu-west,2025.01,1219.98,0.012638,221.38,265.33
evt-identity-eu-west-000134,2025-01-06 14:00:00+00:00,2025-01-06 14:05:00+00:00,identity,eu-west,2025.01,1255.03,0.009577,215.46,272.2
evt-identity-eu-west-000135,2025-01-06 15:00:00+00:00,2025-01-06 15:05:00+00:00,identity,eu-west,2025.01,1314.24,0.009822,196.15,295.77
evt-identity-eu-west-000136,2025-01-06 16:00:00+00:00,2025-01-06 16:05:00+00:00,identity,eu-west,2025.01,1124.29,0.011134,212.87,249.34
evt-identity-eu-west-000137,2025-01-06 17:00:00+00:00,2025-01-06 17:05:00+00:00,identity,eu-west,2025.01,1105.38,0.011638,200.23,245.37
evt-identity-eu-west-000138,2025-01-06 18:00:00+00:00,2025-01-06 18:05:00+00:00,identity,eu-west,2025.01,959.79,0.01216,210.85,208.82
evt-identity-eu-west-000139,2025-01-06 19:00:00+00:00,2025-01-06 19:05:00+00:00,identity,eu-west,2025.01,876.93,0.012887,212.09,189.27
evt-identity-eu-west-000140,2025-01-06 20:00:00+00:00,2025-01-06 20:05:00+00:00,identity,eu-west,2025.01,716.82,0.011899,227.6,157.79
evt-identity-eu-west-000141,2025-01-06 21:00:00+00:00,2025-01-06 21:05:00+00:00,identity,eu-west,2025.01,713.75,0.011313,206.79,155.25
evt-identity-eu-west-000142,2025-01-06 22:00:00+00:00,2025-01-06 22:05:00+00:00,identity,eu-west,2025.01,625.77,0.014971,233.94,134.54
evt-identity-eu-west-000143,2025-01-06 23:00:00+00:00,2025-01-06 23:05:00+00:00,identity,eu-west,2025.01,671.89,0.014273,216.43,148.61
evt-identity-eu-west-000144,2025-01-07 00:00:00+00:00,2025-01-07 00:05:00+00:00,identity,eu-west,2025.01,605.12,0.011579,222.78,139.75
evt-identity-eu-west-000145,2025-01-07 01:00:00+00:00,2025-01-07 01:05:00+00:00,identity,eu-west,2025.01,644.86,0.011956,223.84,147.0
evt-identity-eu-west-000146,2025-01-07 02:00:00+00:00,2025-01-07 02:05:00+00:00,identity,eu-west,2025.01,596.76,0.009338,217.59,127.94
evt-identity-eu-west-000147,2025-01-07 03:00:00+00:00,2025-01-07 03:05:00+00:00,identity,eu-west,2025.01,717.35,0.015355,227.2,150.44
evt-identity-eu-west-000148,2025-01-07 04:00:00+00:00,2025-01-07 04:05:00+00:00,identity,eu-west,2025.01,696.82,0.015089,243.56,156.5
evt-identity-eu-west-000149,2025-01-07 05:00:00+00:00,2025-01-07 05:05:00+00:00,identity,eu-west,2025.01,797.21,0.008173,218.14,173.23
evt-identity-eu-west-000150,2025-01-07 06:00:00+00:00,2025-01-07 06:05:00+00:00,identity,eu-west,2025.01,773.5,0.010375,215.87,171.45
evt-identity-eu-west-000151,2025-01-07 07:00:00+00:00,2025-01-07 07:05:00+00:00,identity,eu-west,2025.01,868.6,0.011472,219.63,190.45
evt-identity-eu-west-000152,2025-01-07 08:00:00+00:00,2025-01-07 08:05:00+00:00,identity,eu-west,2025.01,870.74,0.011933,188.61,190.02
evt-identity-eu-west-000153,2025-01-07 09:00:00+00:00,2025-01-07 09:05:00+00:00,identity,eu-west,2025.01,1080.97,0.012591,213.33,249.99
evt-identity-eu-west-000154,2025-01-07 10:00:00+00:00,2025-01-07 10:05:00+00:00,identity,eu-west,2025.01,1084.31,0.009895,226.86,230.07
evt-identity-eu-west-000155,2025-01-07 11:00:00+00:00,2025-01-07 11:05:00+00:00,identity,eu-west,2025.01,1097.79,0.012484,217.45,242.3
evt-identity-eu-west-000156,2025-01-07 12:00:00+00:00,2025-01-07 12:05:00+00:00,identity,eu-west,2025.01,1267.43,0.012574,189.65,282.0
evt-identity-eu-west-000157,2025-01-07 13:00:00+00:00,2025-01-07 13:05:00+00:00,identity,eu-west,2025.01,1191.09,0.013476,219.99,265.52
evt-identity-eu-west-000158,2025-01-07 14:00:00+00:00,2025-01-07 14:05:00+00:00,identity,eu-west,2025.01,1260.34,0.010719,205.63,271.31
evt-identity-eu-west-000159,2025-01-07 15:00:00+00:00,2025-01-07 15:05:00+00:00,identity,eu-west,2025.01,1273.67,0.010171,218.51,279.3
evt-identity-eu-west-000160,2025-01-07 16:00:00+00:00,2025-01-07 16:05:00+00:00,identity,eu-west,2025.01,1240.66,0.010758,219.29,275.55
evt-identity-eu-west-000161,2025-01-07 17:00:00+00:00,2025-01-07 17:05:00+00:00,identity,eu-west,2025.01,1074.31,0.011989,217.01,246.34
evt-identity-eu-west-000162,2025-01-07 18:00:00+00:00,2025-01-07 18:05:00+00:00,identity,eu-west,2025.01,966.23,0.01182,207.29,208.79
evt-identity-eu-west-000163,2025-01-07 19:00:00+00:00,2025-01-07 19:05:00+00:00,identity,eu-west,2025.01,815.71,0.010648,227.37,178.25
evt-identity-eu-west-000164,2025-01-07 20:00:00+00:00,2025-01-07 20:05:00+00:00,identity,eu-west,2025.01,769.16,0.008777,223.61,163.86
evt-identity-eu-west-000165,2025-01-07 21:00:00+00:00,2025-01-07 21:05:00+00:00,identity,eu-west,2025.01,662.11,0.007521,238.33,152.4
evt-identity-eu-west-000166,2025-01-07 22:00:00+00:00,2025-01-07 22:05:00+00:00,identity,eu-west,2025.01,578.14,0.010066,219.8,121.47
evt-identity-eu-west-000167,2025-01-07 23:00:00+00:00,2025-01-07 23:05:00+00:00,identity,eu-west,2025.01,567.53,0.010053,241.92,124.89
evt-identity-eu-west-000168,2025-01-08 00:00:00+00:00,2025-01-08 00:05:00+00:00,identity,eu-west,2025.01,610.95,0.014635,234.27,141.13
evt-identity-eu-west-000169,2025-01-08 01:00:00+00:00,2025-01-08 01:05:00+00:00,identity,eu-west,2025.01,618.11,0.012008,227.65,136.02
evt-identity-eu-west-000170,2025-01-08 02:00:00+00:00,2025-01-08 02:05:00+00:00,identity,eu-west,2025.01,663.63,0.008793,212.14,141.86
evt-identity-eu-west-000171,2025-01-08 03:00:00+00:00,2025-01-08 03:05:00+00:00,identity,eu-west,2025.01,664.63,0.00925,222.41,145.67
evt-identity-eu-west-000172,2025-01-08 04:00:00+00:00,2025-01-08 04:05:00+00:00,identity,eu-west,2025.01,632.43,0.013466,226.22,141.19
evt-identity-eu-west-000173,2025-01-08 05:00:00+00:00,2025-01-08 05:05:00+00:00,identity,eu-west,2025.01,830.22,0.010273,204.58,176.76
evt-identity-eu-west-000174,2025-01-08 06:00:00+00:00,2025-01-08 06:05:00+00:00,identity,eu-west,2025.01,775.53,0.011356,241.75,169.91
evt-identity-eu-west-000175,2025-01-08 07:00:00+00:00,2025-01-08 07:05:00+00:00,identity,eu-west,2025.01,886.4,0.01037,218.19,204.23
evt-identity-eu-west-000176,2025-01-08 08:00:00+00:00,2025-01-08 08:05:00+00:00,identity,eu-west,2025.01,960.88,0.011573,214.13,218.72
evt-identity-eu-west-000177,2025-01-08 09:00:00+00:00,2025-01-08 09:05:00+00:00,identity,eu-west,2025.01,996.06,0.005835,194.12,217.09
evt-identity-eu-west-000178,2025-01-08 10:00:00+00:00,2025-01-08 10:05:00+00:00,identity,eu-west,2025.01,1006.65,0.010772,198.21,218.66
evt-identity-eu-west-000179,2025-01-08 11:00:00+00:00,2025-01-08 11:05:00+00:00,identity,eu-west,2025.01,1194.32,0.01025,223.37,257.57
evt-identity-eu-west-000180,2025-01-08 12:00:00+00:00,2025-01-08 12:05:00+00:00,identity,eu-west,2025.01,1184.27,0.011262,208.19,251.6
evt-identity-eu-west-000181,2025-01-08 13:00:00+00:00,2025-01-08 13:05:00+00:00,identity,eu-west,2025.01,1247.01,0.010049,218.19,293.2
evt-identity-eu-west-000182,2025-01-08 14:00:00+00:00,2025-01-08 14:05:00+00:00,identity,eu-west,2025.01,1241.05,0.010376,217.1,269.03
evt-identity-eu-west-000183,2025-01-08 15:00:00+00:00,2025-01-08 15:05:00+00:00,identity,eu-west,2025.01,1233.01,0.010038,205.06,261.52
evt-identity-eu-west-000184,2025-01-08 16:00:00+00:00,2025-01-08 16:05:00+00:00,identity,eu-west,2025.01,1188.67,0.010377,213.74,259.95
evt-identity-eu-west-000185,2025-01-08 17:00:00+00:00,2025-01-08 17:05:00+00:00,identity,eu-west,2025.01,1171.81,0.012949,213.02,261.78
evt-identity-eu-west-000186,2025-01-08 18:00:00+00:00,2025-01-08 18:05:00+00:00,identity,eu-west,2025.01,936.36,0.009781,203.9,202.99
evt-identity-eu-west-000187,2025-01-08 19:00:00+00:00,2025-01-08 19:05:00+00:00,identity,eu-west,2025.01,853.32,0.011335,214.49,183.04
evt-identity-eu-west-000188,2025-01-08 20:00:00+00:00,2025-01-08 20:05:00+00:00,identity,eu-west,2025.01,810.07,0.016795,226.21,178.04
evt-identity-eu-west-000189,2025-01-08 21:00:00+00:00,2025-01-08 21:05:00+00:00,identity,eu-west,2025.01,731.05,0.008841,216.45,166.17
evt-identity-eu-west-000190,2025-01-08 22:00:00+00:00,2025-01-08 22:05:00+00:00,identity,eu-west,2025.01,668.53,0.009234,217.6,148.03
evt-identity-eu-west-000191,2025-01-08 23:00:00+00:00,2025-01-08 23:05:00+00:00,identity,eu-west,2025.01,623.17,0.012743,236.57,132.93
evt-identity-eu-west-000192,2025-01-09 00:00:00+00:00,2025-01-09 00:05:00+00:00,identity,eu-west,2025.01,597.14,0.008154,239.68,123.32
evt-identity-eu-west-000193,2025-01-09 01:00:00+00:00,2025-01-09 01:05:00+00:00,identity,eu-west,2025.01,621.04,0.013634,216.71,135.94
evt-identity-eu-west-000194,2025-01-09 02:00:00+00:00,2025-01-09 02:05:00+00:00,identity,eu-west,2025.01,713.47,0.006793,248.12,156.36
evt-identity-eu-west-000195,2025-01-09 03:00:00+00:00,2025-01-09 03:05:00+00:00,identity,eu-west,2025.01,694.8,0.010611,213.23,158.41
evt-identity-eu-west-000196,2025-01-09 04:00:00+00:00,2025-01-09 04:05:00+00:00,identity,eu-west,2025.01,769.81,0.012462,222.46,163.27
evt-identity-eu-west-000197,2025-01-09 05:00:00+00:00,2025-01-09 05:05:00+00:00,identity,eu-west,2025.01,769.18,0.011749,217.89,166.62
evt-identity-eu-west-000198,2025-01-09 06:00:00+00:00,2025-01-09 06:05:00+00:00,identity,eu-west,2025.01,737.65,0.008785,216.38,161.7
evt-identity-eu-west-000199,2025-01-09 07:00:00+00:00,2025-01-09 07:05:00+00:00,identity,eu-west,2025.01,843.35,0.009582,222.95,178.44
evt-identity-eu-west-000200,2025-01-09 08:00:00+00:00,2025-01-09 08:05:00+00:00,identity,eu-west,2025.01,904.44,0.00959,221.45,207.8
evt-identity-eu-west-000201,2025-01-09 09:00:00+00:00,2025-01-09 09:05:00+00:00,identity,eu-west,2025.01,1015.03,0.009183,210.46,231.45
evt-identity-eu-west-000202,2025-01-09 10:00:00+00:00,2025-01-09 10:05:00+00:00,identity,eu-west,2025.01,1052.58,0.008794,208.65,239.14
evt-identity-eu-west-000203,2025-01-09 11:00:00+00:00,2025-01-09 11:05:00+00:00,identity,eu-west,2025.01,1081.78,0.010065,194.95,231.5
evt-identity-eu-west-000204,2025-01-09 12:00:00+00:00,2025-01-09 12:05:00+00:00,identity,eu-west,2025.01,1269.7,0.011752,203.76,283.74
evt-identity-eu-west-000205,2025-01-09 13:00:00+00:00,2025-01-09 13:05:00+00:00,identity,eu-west,2025.01,1244.28,0.008852,203.56,268.64
evt-identity-eu-west-000206,2025-01-09 14:00:00+00:00,2025-01-09 14:05:00+00:00,identity,eu-west,2025.01,1266.55,0.012347,204.14,282.93
evt-identity-eu-west-000207,2025-01-09 15:00:00+00:00,2025-01-09 15:05:00+00:00,identity,eu-west,2025.01,1245.08,0.01317,184.46,279.78
evt-identity-eu-west-000208,2025-01-09 16:00:00+00:00,2025-01-09 16:05:00+00:00,identity,eu-west,2025.01,1232.92,0.010404,226.27,268.84
evt-identity-eu-west-000209,2025-01-09 17:00:00+00:00,2025-01-09 17:05:00+00:00,identity,eu-west,2025.01,1090.93,0.008299,187.25,239.9
evt-identity-eu-west-000210,2025-01-09 18:00:00+00:00,2025-01-09 18:05:00+00:00,identity,eu-west,2025.01,1013.52,0.010167,215.01,216.05
evt-identity-eu-west-000211,2025-01-09 19:00:00+00:00,2025-01-09 19:05:00+00:00,identity,eu-west,2025.01,826.18,0.012389,223.16,180.19
evt-identity-eu-west-000212,2025-01-09 20:00:00+00:00,2025-01-09 20:05:00+00:00,identity,eu-west,2025.01,800.19,0.010189,217.67,187.66
evt-identity-eu-west-000213,2025-01-09 21:00:00+00:00,2025-01-09 21:05:00+00:00,identity,eu-west,2025.01,659.24,0.011758,226.46,140.49
evt-identity-eu-west-000214,2025-01-09 22:00:00+00:00,2025-01-09 22:05:00+00:00,identity,eu-west,2025.01,588.71,0.010319,225.81,134.94
evt-identity-eu-west-000215,2025-01-09 23:00:00+00:00,2025-01-09 23:05:00+00:00,identity,eu-west,2025.01,572.21,0.011527,242.94,129.72
evt-identity-eu-west-000216,2025-01-10 00:00:00+00:00,2025-01-10 00:05:00+00:00,identity,eu-west,2025.01,602.12,0.012747,233.23,130.65
evt-identity-eu-west-000217,2025-01-10 01:00:00+00:00,2025-01-10 01:05:00+00:00,identity,eu-west,2025.01,661.35,0.013698,231.62,147.66
evt-identity-eu-west-000218,2025-01-10 02:00:00+00:00,2025-01-10 02:05:00+00:00,identity,eu-west,2025.01,679.83,0.016224,227.61,153.81
evt-identity-eu-west-000219,2025-01-10 03:00:00+00:00,2025-01-10 03:05:00+00:00,identity,eu-west,2025.01,742.09,0.010471,221.01,160.68
evt-identity-eu-west-000220,2025-01-10 04:00:00+00:00,2025-01-10 04:05:00+00:00,identity,eu-west,2025.01,715.7,0.012012,212.58,155.17
evt-identity-eu-west-000221,2025-01-10 05:00:00+00:00,2025-01-10 05:05:00+00:00,identity,eu-west,2025.01,779.89,0.011935,213.15,162.12
evt-identity-eu-west-000222,2025-01-10 06:00:00+00:00,2025-01-10 06:05:00+00:00,identity,eu-west,2025.01,806.2,0.011735,219.94,177.07
evt-identity-eu-west-000223,2025-01-10 07:00:00+00:00,2025-01-10 07:05:00+00:00,identity,eu-west,2025.01,889.67,0.01006,209.13,191.51
evt-identity-eu-west-000224,2025-01-10 08:00:00+00:00,2025-01-10 08:05:00+00:00,identity,eu-west,2025.01,901.44,0.012137,219.78,197.86
evt-identity-eu-west-000225,2025-01-10 09:00:00+00:00,2025-01-10 09:05:00+00:00,identity,eu-west,2025.01,945.85,0.012193,205.73,198.69
evt-identity-eu-west-000226,2025-01-10 10:00:00+00:00,2025-01-10 10:05:00+00:00,identity,eu-west,2025.01,998.4,0.009739,213.57,224.44
evt-identity-eu-west-000227,2025-01-10 11:00:00+00:00,2025-01-10 11:05:00+00:00,identity,eu-west,2025.01,1085.75,0.008361,208.02,243.21
evt-identity-eu-west-000228,2025-01-10 12:00:00+00:00,2025-01-10 12:05:00+00:00,identity,eu-west,2025.01,1221.72,0.007992,218.14,276.4
evt-identity-eu-west-000229,2025-01-10 13:00:00+00:00,2025-01-10 13:05:00+00:00,identity,eu-west,2025.01,1249.19,0.011248,204.07,282.54
evt-identity-eu-west-000230,2025-01-10 14:00:00+00:00,2025-01-10 14:05:00+00:00,identity,eu-west,2025.01,1270.86,0.011545,214.71,275.54
evt-identity-eu-west-000231,2025-01-10 15:00:00+00:00,2025-01-10 15:05:00+00:00,identity,eu-west,2025.01,1313.29,0.012063,207.01,303.34
evt-identity-eu-west-000232,2025-01-10 16:00:00+00:00,2025-01-10 16:05:00+00:00,identity,eu-west,2025.01,1218.74,0.012004,206.17,260.02
evt-identity-eu-west-000233,2025-01-10 17:00:00+00:00,2025-01-10 17:05:00+00:00,identity,eu-west,2025.01,1145.27,0.006598,211.34,249.37
evt-identity-eu-west-000234,2025-01-10 18:00:00+00:00,2025-01-10 18:05:00+00:00,identity,eu-west,2025.01,1035.66,0.010499,222.01,237.14
evt-identity-eu-west-000235,2025-01-10 19:00:00+00:00,2025-01-10 19:05:00+00:00,identity,eu-west,2025.01,880.46,0.009891,224.62,190.56
evt-identity-eu-west-000236,2025-01-10 20:00:00+00:00,2025-01-10 20:05:00+00:00,identity,eu-west,2025.01,771.08,0.011022,202.55,171.92
evt-identity-eu-west-000237,2025-01-10 21:00:00+00:00,2025-01-10 21:05:00+00:00,identity,eu-west,2025.01,675.33,0.015066,225.87,150.57
evt-identity-eu-west-000238,2025-01-10 22:00:00+00:00,2025-01-10 22:05:00+00:00,identity,eu-west,2025.01,643.62,0.011619,215.28,140.66
evt-identity-eu-west-000239,2025-01-10 23:00:00+00:00,2025-01-10 23:05:00+00:00,identity,eu-west,2025.01,618.94,0.008506,224.46,132.69
evt-identity-eu-west-000240,2025-01-11 00:00:00+00:00,2025-01-11 00:05:00+00:00,identity,eu-west,2025.01,559.75,0.013065,222.46,122.17
evt-identity-eu-west-000241,2025-01-11 01:00:00+00:00,2025-01-11 01:05:00+00:00,identity,eu-west,2025.01,507.22,0.012305,222.79,108.9
evt-identity-eu-west-000242,2025-01-11 02:00:00+00:00,2025-01-11 02:05:00+00:00,identity,eu-west,2025.01,532.75,0.008376,232.97,112.45
evt-identity-eu-west-000243,2025-01-11 03:00:00+00:00,2025-01-11 03:05:00+00:00,identity,eu-west,2025.01,534.97,0.012824,233.81,118.02
evt-identity-eu-west-000244,2025-01-11 04:00:00+00:00,2025-01-11 04:05:00+00:00,identity,eu-west,2025.01,650.0,0.010676,219.8,139.84
evt-identity-eu-west-000245,2025-01-11 05:00:00+00:00,2025-01-11 05:05:00+00:00,identity,eu-west,2025.01,718.26,0.013656,234.55,158.89
evt-identity-eu-west-000246,2025-01-11 06:00:00+00:00,2025-01-11 06:05:00+00:00,identity,eu-west,2025.01,724.09,0.011912,207.53,158.2
evt-identity-eu-west-000247,2025-01-11 07:00:00+00:00,2025-01-11 07:05:00+00:00,identity,eu-west,2025.01,677.13,0.012413,216.2,142.92
evt-identity-eu-west-000248,2025-01-11 08:00:00+00:00,2025-01-11 08:05:00+00:00,identity,eu-west,2025.01,722.18,0.009929,219.21,165.79
evt-identity-eu-west-000249,2025-01-11 09:00:00+00:00,2025-01-11 09:05:00+00:00,identity,eu-west,2025.01,833.01,0.012176,226.6,184.02
evt-identity-eu-west-000250,2025-01-11 10:00:00+00:00,2025-01-11 10:05:00+00:00,identity,eu-west,2025.01,807.02,0.008984,203.28,183.84
evt-identity-eu-west-000251,2025-01-11 11:00:00+00:00,2025-01-11 11:05:00+00:00,identity,eu-west,2025.01,908.29,0.008087,199.84,191.96
evt-identity-eu-west-000252,2025-01-11 12:00:00+00:00,2025-01-11 12:05:00+00:00,identity,eu-west,2025.01,1018.57,0.011647,217.2,228.26
evt-identity-eu-west-000253,2025-01-11 13:00:00+00:00,2025-01-11 13:05:00+00:00,identity,eu-west,2025.01,1046.67,0.014721,215.76,236.03
evt-identity-eu-west-000254,2025-01-11 14:00:00+00:00,2025-01-11 14:05:00+00:00,identity,eu-west,2025.01,1008.8,0.012286,211.0,225.87
evt-identity-eu-west-000255,2025-01-11 15:00:00+00:00,2025-01-11 15:05:00+00:00,identity,eu-west,2025.01,996.4,0.010945,207.84,220.41
evt-identity-eu-west-000256,2025-01-11 16:00:00+00:00,2025-01-11 16:05:00+00:00,identity,eu-west,2025.01,1013.05,0.0109,205.94,229.94
evt-identity-eu-west-000257,2025-01-11 17:00:00+00:00,2025-01-11 17:05:00+00:00,identity,eu-west,2025.01,911.57,0.01197,193.92,199.03
evt-identity-eu-west-000258,2025-01-11 18:00:00+00:00,2025-01-11 18:05:00+00:00,identity,eu-west,2025.01,837.28,0.00997,208.98,187.62
evt-identity-eu-west-000259,2025-01-11 19:00:00+00:00,2025-01-11 19:05:00+00:00,identity,eu-west,2025.01,739.14,0.010683,217.29,168.79
evt-identity-eu-west-000260,2025-01-11 20:00:00+00:00,2025-01-11 20:05:00+00:00,identity,eu-west,2025.01,607.7,0.009842,228.6,135.93
evt-identity-eu-west-000261,2025-01-11 21:00:00+00:00,2025-01-11 21:05:00+00:00,identity,eu-west,2025.01,588.47,0.013795,212.18,128.55
evt-identity-eu-west-000262,2025-01-11 22:00:00+00:00,2025-01-11 22:05:00+00:00,identity,eu-west,2025.01,485.35,0.012537,235.04,106.41
evt-identity-eu-west-000263,2025-01-11 23:00:00+00:00,2025-01-11 23:05:00+00:00,identity,eu-west,2025.01,490.29,0.012986,239.7,112.31
evt-identity-eu-west-000264,2025-01-12 00:00:00+00:00,2025-01-12 00:05:00+00:00,identity,eu-west,2025.01,554.04,0.011525,228.48,123.8
evt-identity-eu-west-000265,2025-01-12 01:00:00+00:00,2025-01-12 01:05:00+00:00,identity,eu-west,2025.01,556.58,0.00946,221.55,118.57
evt-identity-eu-west-000266,2025-01-12 02:00:00+00:00,2025-01-12 02:05:00+00:00,identity,eu-west,2025.01,468.78,0.010446,216.48,103.22
evt-identity-eu-west-000267,2025-01-12 03:00:00+00:00,2025-01-12 03:05:00+00:00,identity,eu-west,2025.01,588.0,0.009657,222.59,131.23
evt-identity-eu-west-000268,2025-01-12 04:00:00+00:00,2025-01-12 04:05:00+00:00,identity,eu-west,2025.01,657.95,0.011901,224.04,141.01
evt-identity-eu-west-000269,2025-01-12 05:00:00+00:00,2025-01-12 05:05:00+00:00,identity,eu-west,2025.01,648.24,0.011998,216.19,144.05
evt-identity-eu-west-000270,2025-01-12 06:00:00+00:00,2025-01-12 06:05:00+00:00,identity,eu-west,2025.01,719.87,0.010544,214.41,156.88
evt-identity-eu-west-000271,2025-01-12 07:00:00+00:00,2025-01-12 07:05:00+00:00,identity,eu-west,2025.01,742.77,0.012949,211.81,158.26
evt-identity-eu-west-000272,2025-01-12 08:00:00+00:00,2025-01-12 08:05:00+00:00,identity,eu-west,2025.01,745.44,0.011097,210.75,165.32
evt-identity-eu-west-000273,2025-01-12 09:00:00+00:00,2025-01-12 09:05:00+00:00,identity,eu-west,2025.01,772.37,0.011698,207.14,171.92
evt-identity-eu-west-000274,2025-01-12 10:00:00+00:00,2025-01-12 10:05:00+00:00,identity,eu-west,2025.01,878.51,0.012133,216.05,189.81
evt-identity-eu-west-000275,2025-01-12 11:00:00+00:00,2025-01-12 11:05:00+00:00,identity,eu-west,2025.01,962.7,0.009663,212.27,210.55
evt-identity-eu-west-000276,2025-01-12 12:00:00+00:00,2025-01-12 12:05:00+00:00,identity,eu-west,2025.01,1026.12,0.007971,213.6,226.78
evt-identity-eu-west-000277,2025-01-12 13:00:00+00:00,2025-01-12 13:05:00+00:00,identity,eu-west,2025.01,991.2,0.010663,204.29,222.8
evt-identity-eu-west-000278,2025-01-12 14:00:00+00:00,2025-01-12 14:05:00+00:00,identity,eu-west,2025.01,1093.16,0.011335,200.72,247.77
evt-identity-eu-west-000279,2025-01-12 15:00:00+00:00,2025-01-12 15:05:00+00:00,identity,eu-west,2025.01,1079.91,0.013337,211.74,231.83
evt-identity-eu-west-000280,2025-01-12 16:00:00+00:00,2025-01-12 16:05:00+00:00,identity,eu-west,2025.01,987.87,0.008795,199.56,222.88
evt-identity-eu-west-000281,2025-01-12 17:00:00+00:00,2025-01-12 17:05:00+00:00,identity,eu-west,2025.01,861.36,0.009218,198.95,189.71
evt-identity-eu-west-000282,2025-01-12 18:00:00+00:00,2025-01-12 18:05:00+00:00,identity,eu-west,2025.01,811.82,0.01004,205.29,174.81
evt-identity-eu-west-000283,2025-01-12 19:00:00+00:00,2025-01-12 19:05:00+00:00,identity,eu-west,2025.01,748.35,0.008353,209.62,167.28
evt-identity-eu-west-000284,2025-01-12 20:00:00+00:00,2025-01-12 20:05:00+00:00,identity,eu-west,2025.01,620.38,0.012331,211.72,134.77
evt-identity-eu-west-000285,2025-01-12 21:00:00+00:00,2025-01-12 21:05:00+00:00,identity,eu-west,2025.01,573.12,0.007181,225.3,132.36
evt-identity-eu-west-000286,2025-01-12 22:00:00+00:00,2025-01-12 22:05:00+00:00,identity,eu-west,2025.01,547.76,0.008984,235.61,124.39
evt-identity-eu-west-000287,2025-01-12 23:00:00+00:00,2025-01-12 23:05:00+00:00,identity,eu-west,2025.01,528.36,0.011083,229.81,114.25
evt-identity-eu-west-000288,2025-01-13 00:00:00+00:00,2025-01-13 00:05:00+00:00,identity,eu-west,2025.01,652.59,0.012213,233.29,142.76
evt-identity-eu-west-000289,2025-01-13 01:00:00+00:00,2025-01-13 01:05:00+00:00,identity,eu-west,2025.01,663.31,0.012877,235.17,147.61
evt-identity-eu-west-000290,2025-01-13 02:00:00+00:00,2025-01-13 02:05:00+00:00,identity,eu-west,2025.01,674.22,0.012646,213.67,144.6
evt-identity-eu-west-000291,2025-01-13 03:00:00+00:00,2025-01-13 03:05:00+00:00,identity,eu-west,2025.01,744.34,0.01065,225.25,161.68
evt-identity-eu-west-000292,2025-01-13 04:00:00+00:00,2025-01-13 04:05:00+00:00,identity,eu-west,2025.01,739.55,0.013982,230.9,160.82
evt-identity-eu-west-000293,2025-01-13 05:00:00+00:00,2025-01-13 05:05:00+00:00,identity,eu-west,2025.01,814.24,0.011663,220.46,183.18
evt-identity-eu-west-000294,2025-01-13 06:00:00+00:00,2025-01-13 06:05:00+00:00,identity,eu-west,2025.01,818.08,0.011134,225.88,182.87
evt-identity-eu-west-000295,2025-01-13 07:00:00+00:00,2025-01-13 07:05:00+00:00,identity,eu-west,2025.01,886.61,0.010933,216.44,186.87
evt-identity-eu-west-000296,2025-01-13 08:00:00+00:00,2025-01-13 08:05:00+00:00,identity,eu-west,2025.01,961.23,0.010799,200.08,226.17
evt-identity-eu-west-000297,2025-01-13 09:00:00+00:00,2025-01-13 09:05:00+00:00,identity,eu-west,2025.01,1042.43,0.0095,191.46,228.94
evt-identity-eu-west-000298,2025-01-13 10:00:00+00:00,2025-01-13 10:05:00+00:00,identity,eu-west,2025.01,1095.99,0.008294,197.63,247.19
evt-identity-eu-west-000299,2025-01-13 11:00:00+00:00,2025-01-13 11:05:00+00:00,identity,eu-west,2025.01,1164.81,0.008895,193.93,246.99
evt-identity-eu-west-000300,2025-01-13 12:00:00+00:00,2025-01-13 12:05:00+00:00,identity,eu-west,2025.01,1165.09,0.01345,203.18,251.3
evt-identity-eu-west-000301,2025-01-13 13:00:00+00:00,2025-01-13 13:05:00+00:00,identity,eu-west,2025.01,1249.41,0.012826,196.91,277.66
evt-identity-eu-west-000302,2025-01-13 14:00:00+00:00,2025-01-13 14:05:00+00:00,identity,eu-west,2025.01,1258.82,0.009555,199.42,276.98
evt-identity-eu-west-000303,2025-01-13 15:00:00+00:00,2025-01-13 15:05:00+00:00,identity,eu-west,2025.01,1240.43,0.011691,211.33,261.48
evt-identity-eu-west-000304,2025-01-13 16:00:00+00:00,2025-01-13 16:05:00+00:00,identity,eu-west,2025.01,1200.01,0.009713,216.55,262.37
evt-identity-eu-west-000305,2025-01-13 17:00:00+00:00,2025-01-13 17:05:00+00:00,identity,eu-west,2025.01,1070.77,0.011156,223.35,238.13
evt-identity-eu-west-000306,2025-01-13 18:00:00+00:00,2025-01-13 18:05:00+00:00,identity,eu-west,2025.01,944.77,0.008291,206.92,217.16
evt-identity-eu-west-000307,2025-01-13 19:00:00+00:00,2025-01-13 19:05:00+00:00,identity,eu-west,2025.01,853.86,0.009087,200.44,186.92
evt-identity-eu-west-000308,2025-01-13 20:00:00+00:00,2025-01-13 20:05:00+00:00,identity,eu-west,2025.01,699.74,0.011851,200.64,154.04
evt-identity-eu-west-000309,2025-01-13 21:00:00+00:00,2025-01-13 21:05:00+00:00,identity,eu-west,2025.01,670.92,0.011656,222.98,146.98
evt-identity-eu-west-000310,2025-01-13 22:00:00+00:00,2025-01-13 22:05:00+00:00,identity,eu-west,2025.01,649.41,0.014915,226.61,148.14
evt-identity-eu-west-000311,2025-01-13 23:00:00+00:00,2025-01-13 23:05:00+00:00,identity,eu-west,2025.01,650.0,0.012832,232.48,139.95
evt-identity-eu-west-000312,2025-01-14 00:00:00+00:00,2025-01-14 00:05:00+00:00,identity,eu-west,2025.01,564.69,0.012516,229.87,120.31
evt-identity-eu-west-000313,2025-01-14 01:00:00+00:00,2025-01-14 01:05:00+00:00,identity,eu-west,2025.01,659.41,0.007782,236.08,149.14
evt-identity-eu-west-000314,2025-01-14 02:00:00+00:00,2025-01-14 02:05:00+00:00,identity,eu-west,2025.01,654.95,0.01388,221.39,142.33
evt-identity-eu-west-000315,2025-01-14 03:00:00+00:00,2025-01-14 03:05:00+00:00,identity,eu-west,2025.01,716.25,0.010619,212.65,153.5
evt-identity-eu-west-000316,2025-01-14 04:00:00+00:00,2025-01-14 04:05:00+00:00,identity,eu-west,2025.01,778.58,0.011636,214.6,172.31
evt-identity-eu-west-000317,2025-01-14 05:00:00+00:00,2025-01-14 05:05:00+00:00,identity,eu-west,2025.01,836.16,0.013631,226.52,190.57
evt-identity-eu-west-000318,2025-01-14 06:00:00+00:00,2025-01-14 06:05:00+00:00,identity,eu-west,2025.01,789.76,0.011428,221.19,171.17
evt-identity-eu-west-000319,2025-01-14 07:00:00+00:00,2025-01-14 07:05:00+00:00,identity,eu-west,2025.01,887.04,0.009443,204.64,198.21
evt-identity-eu-west-000320,2025-01-14 08:00:00+00:00,2025-01-14 08:05:00+00:00,identity,eu-west,2025.01,909.45,0.011084,209.72,197.17
evt-identity-eu-west-000321,2025-01-14 09:00:00+00:00,2025-01-14 09:05:00+00:00,identity,eu-west,2025.01,1001.47,0.009472,192.11,220.59
evt-identity-eu-west-000322,2025-01-14 10:00:00+00:00,2025-01-14 10:05:00+00:00,identity,eu-west,2025.01,1046.14,0.008115,193.7,231.5
evt-identity-eu-west-000323,2025-01-14 11:00:00+00:00,2025-01-14 11:05:00+00:00,identity,eu-west,2025.01,1130.93,0.008394,222.65,249.75
evt-identity-eu-west-000324,2025-01-14 12:00:00+00:00,2025-01-14 12:05:00+00:00,identity,eu-west,2025.01,1229.99,0.009936,201.42,265.36
evt-identity-eu-west-000325,2025-01-14 13:00:00+00:00,2025-01-14 13:05:00+00:00,identity,eu-west,2025.01,1289.69,0.009992,211.13,290.55
evt-identity-eu-west-000326,2025-01-14 14:00:00+00:00,2025-01-14 14:05:00+00:00,identity,eu-west,2025.01,1291.04,0.008032,219.51,281.65
evt-identity-eu-west-000327,2025-01-14 15:00:00+00:00,2025-01-14 15:05:00+00:00,identity,eu-west,2025.01,1241.1,0.011424,211.22,263.32
evt-identity-eu-west-000328,2025-01-14 16:00:00+00:00,2025-01-14 16:05:00+00:00,identity,eu-west,2025.01,1260.55,0.012285,216.34,281.3
evt-identity-eu-west-000329,2025-01-14 17:00:00+00:00,2025-01-14 17:05:00+00:00,identity,eu-west,2025.01,1055.78,0.01201,221.54,238.56
evt-identity-eu-west-000330,2025-01-14 18:00:00+00:00,2025-01-14 18:05:00+00:00,identity,eu-west,2025.01,1030.6,0.012928,202.61,223.7
evt-identity-eu-west-000331,2025-01-14 19:00:00+00:00,2025-01-14 19:05:00+00:00,identity,eu-west,2025.01,898.61,0.012942,217.37,202.48
evt-identity-eu-west-000332,2025-01-14 20:00:00+00:00,2025-01-14 20:05:00+00:00,identity,eu-west,2025.01,726.79,0.013921,217.75,160.01
evt-identity-eu-west-000333,2025-01-14 21:00:00+00:00,2025-01-14 21:05:00+00:00,identity,eu-west,2025.01,724.54,0.012889,231.85,161.7
evt-identity-eu-west-000334,2025-01-14 22:00:00+00:00,2025-01-14 22:05:00+00:00,identity,eu-west,2025.01,604.83,0.009033,226.68,133.24
evt-identity-eu-west-000335,2025-01-14 23:00:00+00:00,2025-01-14 23:05:00+00:00,identity,eu-west,2025.01,611.94,0.011049,218.83,129.29
evt-identity-us-east-000000,2025-01-01 00:00:00+00:00,2025-01-01 00:05:00+00:00,identity,us-east,2025.01,663.69,0.012406,236.0,146.73
evt-identity-us-east-000001,2025-01-01 01:00:00+00:00,2025-01-01 01:05:00+00:00,identity,us-east,2025.01,684.78,0.007694,241.42,152.33
evt-identity-us-east-000002,2025-01-01 02:00:00+00:00,2025-01-01 02:05:00+00:00,identity,us-east,2025.01,840.46,0.009541,218.67,181.13
evt-identity-us-east-000003,2025-01-01 03:00:00+00:00,2025-01-01 03:05:00+00:00,identity,us-east,2025.01,813.63,0.012666,224.77,174.98
evt-identity-us-east-000004,2025-01-01 04:00:00+00:00,2025-01-01 04:05:00+00:00,identity,us-east,2025.01,873.55,0.012968,221.37,199.47
evt-identity-us-east-000005,2025-01-01 05:00:00+00:00,2025-01-01 05:05:00+00:00,identity,us-east,2025.01,997.52,0.013022,219.32,220.58
evt-identity-us-east-000006,2025-01-01 06:00:00+00:00,2025-01-01 06:05:00+00:00,identity,us-east,2025.01,923.87,0.011418,208.63,200.92
evt-identity-us-east-000007,2025-01-01 07:00:00+00:00,2025-01-01 07:05:00+00:00,identity,us-east,2025.01,1013.02,0.011333,206.88,227.15
evt-identity-us-east-000008,2025-01-01 08:00:00+00:00,2025-01-01 08:05:00+00:00,identity,us-east,2025.01,1066.23,0.011647,214.51,242.15
evt-identity-us-east-000009,2025-01-01 09:00:00+00:00,2025-01-01 09:05:00+00:00,identity,us-east,2025.01,1142.19,0.009276,213.22,261.02
evt-identity-us-east-000010,2025-01-01 10:00:00+00:00,2025-01-01 10:05:00+00:00,identity,us-east,2025.01,1250.84,0.011842,209.94,275.54
evt-identity-us-east-000011,2025-01-01 11:00:00+00:00,2025-01-01 11:05:00+00:00,identity,us-east,2025.01,1384.95,0.010759,204.53,298.05
evt-identity-us-east-000012,2025-01-01 12:00:00+00:00,2025-01-01 12:05:00+00:00,identity,us-east,2025.01,1396.69,0.009899,206.09,302.01
evt-identity-us-east-000013,2025-01-01 13:00:00+00:00,2025-01-01 13:05:00+00:00,identity,us-east,2025.01,1521.78,0.011214,207.45,333.58
evt-identity-us-east-000014,2025-01-01 14:00:00+00:00,2025-01-01 14:05:00+00:00,identity,us-east,2025.01,1464.93,0.012734,202.93,310.96
evt-identity-us-east-000015,2025-01-01 15:00:00+00:00,2025-01-01 15:05:00+00:00,identity,us-east,2025.01,1430.89,0.01101,200.12,319.57
evt-identity-us-east-000016,2025-01-01 16:00:00+00:00,2025-01-01 16:05:00+00:00,identity,us-east,2025.01,1391.12,0.013475,212.34,311.67
evt-identity-us-east-000017,2025-01-01 17:00:00+00:00,2025-01-01 17:05:00+00:00,identity,us-east,2025.01,1332.17,0.013759,221.97,292.78
evt-identity-us-east-000018,2025-01-01 18:00:00+00:00,2025-01-01 18:05:00+00:00,identity,us-east,2025.01,1080.71,0.009588,197.4,245.82
evt-identity-us-east-000019,2025-01-01 19:00:00+00:00,2025-01-01 19:05:00+00:00,identity,us-east,2025.01,999.48,0.01068,212.69,214.36
evt-identity-us-east-000020,2025-01-01 20:00:00+00:00,2025-01-01 20:05:00+00:00,identity,us-east,2025.01,898.67,0.011526,217.44,196.39
evt-identity-us-east-000021,2025-01-01 21:00:00+00:00,2025-01-01 21:05:00+00:00,identity,us-east,2025.01,722.87,0.008279,221.96,163.5
evt-identity-us-east-000022,2025-01-01 22:00:00+00:00,2025-01-01 22:05:00+00:00,identity,us-east,2025.01,742.1,0.012565,237.02,165.44
evt-identity-us-east-000023,2025-01-01 23:00:00+00:00,2025-01-01 23:05:00+00:00,identity,us-east,2025.01,668.15,0.01142,241.33,147.71
evt-identity-us-east-000024,2025-01-02 00:00:00+00:00,2025-01-02 00:05:00+00:00,identity,us-east,2025.01,794.19,0.01396,207.19,176.55
evt-identity-us-east-000025,2025-01-02 01:00:00+00:00,2025-01-02 01:05:00+00:00,identity,us-east,2025.01,784.73,0.010122,220.07,169.59
evt-identity-us-east-000026,2025-01-02 02:00:00+00:00,2025-01-02 02:05:00+00:00,identity,us-east,2025.01,853.68,0.011662,233.06,186.78
evt-identity-us-east-000027,2025-01-02 03:00:00+00:00,2025-01-02 03:05:00+00:00,identity,us-east,2025.01,844.65,0.009646,219.78,185.9
evt-identity-us-east-000028,2025-01-02 04:00:00+00:00,2025-01-02 04:05:00+00:00,identity,us-east,2025.01,864.15,0.009894,218.14,186.72
evt-identity-us-east-000029,2025-01-02 05:00:00+00:00,2025-01-02 05:05:00+00:00,identity,us-east,2025.01,953.42,0.007344,221.63,208.49
evt-identity-us-east-000030,2025-01-02 06:00:00+00:00,2025-01-02 06:05:00+00:00,identity,us-east,2025.01,984.98,0.007578,235.74,226.27
evt-identity-us-east-000031,2025-01-02 07:00:00+00:00,2025-01-02 07:05:00+00:00,identity,us-east,2025.01,1012.0,0.008398,209.36,222.74
evt-identity-us-east-000032,2025-01-02 08:00:00+00:00,2025-01-02 08:05:00+00:00,identity,us-east,2025.01,1069.61,0.014285,202.61,224.71
evt-identity-us-east-000033,2025-01-02 09:00:00+00:00,2025-01-02 09:05:00+00:00,identity,us-east,2025.01,1122.02,0.010414,191.77,253.81
evt-identity-us-east-000034,2025-01-02 10:00:00+00:00,2025-01-02 10:05:00+00:00,identity,us-east,2025.01,1227.34,0.013322,194.83,267.54
evt-identity-us-east-000035,2025-01-02 11:00:00+00:00,2025-01-02 11:05:00+00:00,identity,us-east,2025.01,1333.05,0.010873,212.0,289.99
evt-identity-us-east-000036,2025-01-02 12:00:00+00:00,2025-01-02 12:05:00+00:00,identity,us-east,2025.01,1402.33,0.010747,195.91,301.07
evt-identity-us-east-000037,2025-01-02 13:00:00+00:00,2025-01-02 13:05:00+00:00,identity,us-east,2025.01,1500.32,0.010417,211.99,324.19
evt-identity-us-east-000038,2025-01-02 14:00:00+00:00,2025-01-02 14:05:00+00:00,identity,us-east,2025.01,1536.52,0.009587,197.32,345.01
evt-identity-us-east-000039,2025-01-02 15:00:00+00:00,2025-01-02 15:05:00+00:00,identity,us-east,2025.01,1463.25,0.006384,193.48,333.97
evt-identity-us-east-000040,2025-01-02 16:00:00+00:00,2025-01-02 16:05:00+00:00,identity,us-east,2025.01,1357.5,0.011785,215.99,305.95
evt-identity-us-east-000041,2025-01-02 17:00:00+00:00,2025-01-02 17:05:00+00:00,identity,us-east,2025.01,1279.26,0.013514,213.09,292.82
evt-identity-us-east-000042,2025-01-02 18:00:00+00:00,2025-01-02 18:05:00+00:00,identity,us-east,2025.01,1114.53,0.009118,215.2,239.76
evt-identity-us-east-000043,2025-01-02 19:00:00+00:00,2025-01-02 19:05:00+00:00,identity,us-east,2025.01,1004.37,0.010869,198.44,221.01
evt-identity-us-east-000044,2025-01-02 20:00:00+00:00,2025-01-02 20:05:00+00:00,identity,us-east,2025.01,883.28,0.012503,224.46,201.8
evt-identity-us-east-000045,2025-01-02 21:00:00+00:00,2025-01-02 21:05:00+00:00,identity,us-east,2025.01,768.18,0.008385,229.53,173.31
evt-identity-us-east-000046,2025-01-02 22:00:00+00:00,2025-01-02 22:05:00+00:00,identity,us-east,2025.01,765.35,0.010885,218.75,164.26
evt-identity-us-east-000047,2025-01-02 23:00:00+00:00,2025-01-02 23:05:00+00:00,identity,us-east,2025.01,682.19,0.013154,219.98,151.68
evt-identity-us-east-000048,2025-01-03 00:00:00+00:00,2025-01-03 00:05:00+00:00,identity,us-east,2025.01,631.84,0.014336,233.56,134.1
evt-identity-us-east-000049,2025-01-03 01:00:00+00:00,2025-01-03 01:05:00+00:00,identity,us-east,2025.01,843.64,0.016065,233.48,178.4
evt-identity-us-east-000050,2025-01-03 02:00:00+00:00,2025-01-03 02:05:00+00:00,identity,us-east,2025.01,781.88,0.012447,228.98,165.62
evt-identity-us-east-000051,2025-01-03 03:00:00+00:00,2025-01-03 03:05:00+00:00,identity,us-east,2025.01,869.36,0.014334,236.81,195.38
evt-identity-us-east-000052,2025-01-03 04:00:00+00:00,2025-01-03 04:05:00+00:00,identity,us-east,2025.01,909.91,0.010674,213.63,199.85
evt-identity-us-east-000053,2025-01-03 05:00:00+00:00,2025-01-03 05:05:00+00:00,identity,us-east,2025.01,939.56,0.010655,223.34,204.43
evt-identity-us-east-000054,2025-01-03 06:00:00+00:00,2025-01-03 06:05:00+00:00,identity,us-east,2025.01,942.16,0.014034,222.53,200.27
evt-identity-us-east-000055,2025-01-03 07:00:00+00:00,2025-01-03 07:05:00+00:00,identity,us-east,2025.01,1082.21,0.009735,221.41,235.21
evt-identity-us-east-000056,2025-01-03 08:00:00+00:00,2025-01-03 08:05:00+00:00,identity,us-east,2025.01,1113.82,0.01642,197.77,240.94
evt-identity-us-east-000057,2025-01-03 09:00:00+00:00,2025-01-03 09:05:00+00:00,identity,us-east,2025.01,1125.24,0.0114,205.11,241.61
evt-identity-us-east-000058,2025-01-03 10:00:00+00:00,2025-01-03 10:05:00+00:00,identity,us-east,2025.01,1247.04,0.014482,198.08,273.94
evt-identity-us-east-000059,2025-01-03 11:00:00+00:00,2025-01-03 11:05:00+00:00,identity,us-east,2025.01,1363.4,0.008292,205.69,302.58
evt-identity-us-east-000060,2025-01-03 12:00:00+00:00,2025-01-03 12:05:00+00:00,identity,us-east,2025.01,1405.84,0.009911,210.44,309.33
evt-identity-us-east-000061,2025-01-03 13:00:00+00:00,2025-01-03 13:05:00+00:00,identity,us-east,2025.01,1426.88,0.010914,213.03,315.88
evt-identity-us-east-000062,2025-01-03 14:00:00+00:00,2025-01-03 14:05:00+00:00,identity,us-east,2025.01,1426.66,0.010631,214.14,297.93
evt-identity-us-east-000063,2025-01-03 15:00:00+00:00,2025-01-03 15:05:00+00:00,identity,us-east,2025.01,1440.67,0.007674,237.93,320.12
evt-identity-us-east-000064,2025-01-03 16:00:00+00:00,2025-01-03 16:05:00+00:00,identity,us-east,2025.01,1426.73,0.010431,197.75,317.13
evt-identity-us-east-000065,2025-01-03 17:00:00+00:00,2025-01-03 17:05:00+00:00,identity,us-east,2025.01,1304.4,0.00975,219.08,291.45
evt-identity-us-east-000066,2025-01-03 18:00:00+00:00,2025-01-03 18:05:00+00:00,identity,us-east,2025.01,1173.76,0.012241,220.85,254.33
evt-identity-us-east-000067,2025-01-03 19:00:00+00:00,2025-01-03 19:05:00+00:00,identity,us-east,2025.01,1048.67,0.01243,212.3,228.45
evt-identity-us-east-000068,2025-01-03 20:00:00+00:00,2025-01-03 20:05:00+00:00,identity,us-east,2025.01,934.65,0.011739,227.0,204.13
evt-identity-us-east-000069,2025-01-03 21:00:00+00:00,2025-01-03 21:05:00+00:00,identity,us-east,2025.01,785.37,0.009786,237.59,173.53
evt-identity-us-east-000070,2025-01-03 22:00:00+00:00,2025-01-03 22:05:00+00:00,identity,us-east,2025.01,762.04,0.009437,217.71,172.69
evt-identity-us-east-000071,2025-01-03 23:00:00+00:00,2025-01-03 23:05:00+00:00,identity,us-east,2025.01,705.32,0.017863,239.79,146.88
evt-identity-us-east-000072,2025-01-04 00:00:00+00:00,2025-01-04 00:05:00+00:00,identity,us-east,2025.01,660.9,0.014995,224.4,143.07
evt-identity-us-east-000073,2025-01-04 01:00:00+00:00,2025-01-04 01:05:00+00:00,identity,us-east,2025.01,640.72,0.010188,243.17,140.83
evt-identity-us-east-000074,2025-01-04 02:00:00+00:00,2025-01-04 02:05:00+00:00,identity,us-east,2025.01,664.95,0.01165,224.14,150.98
evt-identity-us-east-000075,2025-01-04 03:00:00+00:00,2025-01-04 03:05:00+00:00,identity,us-east,2025.01,684.07,0.01247,216.43,145.3
evt-identity-us-east-000076,2025-01-04 04:00:00+00:00,2025-01-04 04:05:00+00:00,identity,us-east,2025.01,703.94,0.009072,229.75,156.96
evt-identity-us-east-000077,2025-01-04 05:00:00+00:00,2025-01-04 05:05:00+00:00,identity,us-east,2025.01,793.98,0.010936,208.1,181.9
evt-identity-us-east-000078,2025-01-04 06:00:00+00:00,2025-01-04 06:05:00+00:00,identity,us-east,2025.01,821.19,0.012553,229.51,184.41
evt-identity-us-east-000079,2025-01-04 07:00:00+00:00,2025-01-04 07:05:00+00:00,identity,us-east,2025.01,825.62,0.008416,195.43,183.59
evt-identity-us-east-000080,2025-01-04 08:00:00+00:00,2025-01-04 08:05:00+00:00,identity,us-east,2025.01,860.92,0.010077,222.89,179.5
evt-identity-us-east-000081,2025-01-04 09:00:00+00:00,2025-01-04 09:05:00+00:00,identity,us-east,2025.01,954.83,0.009959,201.73,218.64
evt-identity-us-east-000082,2025-01-04 10:00:00+00:00,2025-01-04 10:05:00+00:00,identity,us-east,2025.01,1055.28,0.008442,213.47,234.66
evt-identity-us-east-000083,2025-01-04 11:00:00+00:00,2025-01-04 11:05:00+00:00,identity,us-east,2025.01,1131.8,0.011609,212.02,248.05
evt-identity-us-east-000084,2025-01-04 12:00:00+00:00,2025-01-04 12:05:00+00:00,identity,us-east,2025.01,1156.48,0.008547,196.56,257.02
evt-identity-us-east-000085,2025-01-04 13:00:00+00:00,2025-01-04 13:05:00+00:00,identity,us-east,2025.01,1203.9,0.011111,209.34,251.26
evt-identity-us-east-000086,2025-01-04 14:00:00+00:00,2025-01-04 14:05:00+00:00,identity,us-east,2025.01,1174.06,0.011261,182.5,261.21
evt-identity-us-east-000087,2025-01-04 15:00:00+00:00,2025-01-04 15:05:00+00:00,identity,us-east,2025.01,1290.14,0.011493,217.85,284.69
evt-identity-us-east-000088,2025-01-04 16:00:00+00:00,2025-01-04 16:05:00+00:00,identity,us-east,2025.01,1172.13,0.01422,208.25,254.33
evt-identity-us-east-000089,2025-01-04 17:00:00+00:00,2025-01-04 17:05:00+00:00,identity,us-east,2025.01,1111.68,0.006838,209.56,226.97
evt-identity-us-east-000090,2025-01-04 18:00:00+00:00,2025-01-04 18:05:00+00:00,identity,us-east,2025.01,974.43,0.01135,210.02,214.15
evt-identity-us-east-000091,2025-01-04 19:00:00+00:00,2025-01-04 19:05:00+00:00,identity,us-east,2025.01,956.53,0.011156,228.17,210.79
evt-identity-us-east-000092,2025-01-04 20:00:00+00:00,2025-01-04 20:05:00+00:00,identity,us-east,2025.01,716.65,0.007348,231.67,155.38
evt-identity-us-east-000093,2025-01-04 21:00:00+00:00,2025-01-04 21:05:00+00:00,identity,us-east,2025.01,678.84,0.013741,232.14,146.89
evt-identity-us-east-000094,2025-01-04 22:00:00+00:00,2025-01-04 22:05:00+00:00,identity,us-east,2025.01,676.33,0.010495,247.81,145.79
evt-identity-us-east-000095,2025-01-04 23:00:00+00:00,2025-01-04 23:05:00+00:00,identity,us-east,2025.01,625.32,0.010699,231.58,130.38
evt-identity-us-east-000096,2025-01-05 00:00:00+00:00,2025-01-05 00:05:00+00:00,identity,us-east,2025.01,684.71,0.012931,231.93,156.56
evt-identity-us-east-000097,2025-01-05 01:00:00+00:00,2025-01-05 01:05:00+00:00,identity,us-east,2025.01,644.51,0.011512,237.8,142.84
evt-identity-us-east-000098,2025-01-05 02:00:00+00:00,2025-01-05 02:05:00+00:00,identity,us-east,2025.01,684.67,0.010326,225.46,147.69
evt-identity-us-east-000099,2025-01-05 03:00:00+00:00,2025-01-05 03:05:00+00:00,identity,us-east,2025.01,679.55,0.012703,197.53,153.85
evt-identity-us-east-000100,2025-01-05 04:00:00+00:00,2025-01-05 04:05:00+00:00,identity,us-east,2025.01,718.3,0.014591,210.75,154.91
evt-identity-us-east-000101,2025-01-05 05:00:00+00:00,2025-01-05 05:05:00+00:00,identity,us-east,2025.01,820.35,0.01432,224.2,180.75
evt-identity-us-east-000102,2025-01-05 06:00:00+00:00,2025-01-05 06:05:00+00:00,identity,us-east,2025.01,855.76,0.013697,221.73,197.76
evt-identity-us-east-000103,2025-01-05 07:00:00+00:00,2025-01-05 07:05:00+00:00,identity,us-east,2025.01,909.93,0.013993,208.51,196.54
evt-identity-us-east-000104,2025-01-05 08:00:00+00:00,2025-01-05 08:05:00+00:00,identity,us-east,2025.01,927.4,0.012424,209.76,210.74
evt-identity-us-east-000105,2025-01-05 09:00:00+00:00,2025-01-05 09:05:00+00:00,identity,us-east,2025.01,950.73,0.010341,212.37,208.95
evt-identity-us-east-000106,2025-01-05 10:00:00+00:00,2025-01-05 10:05:00+00:00,identity,us-east,2025.01,1041.22,0.008769,209.33,230.84
evt-identity-us-east-000107,2025-01-05 11:00:00+00:00,2025-01-05 11:05:00+00:00,identity,us-east,2025.01,1082.83,0.01051,212.1,241.84
evt-identity-us-east-000108,2025-01-05 12:00:00+00:00,2025-01-05 12:05:00+00:00,identity,us-east,2025.01,1180.54,0.010671,217.26,250.41
evt-identity-us-east-000109,2025-01-05 13:00:00+00:00,2025-01-05 13:05:00+00:00,identity,us-east,2025.01,1211.56,0.00892,205.0,265.31
evt-identity-us-east-000110,2025-01-05 14:00:00+00:00,2025-01-05 14:05:00+00:00,identity,us-east,2025.01,1201.14,0.011203,212.63,279.54
evt-identity-us-east-000111,2025-01-05 15:00:00+00:00,2025-01-05 15:05:00+00:00,identity,us-east,2025.01,1185.79,0.009648,207.67,251.98
evt-identity-us-east-000112,2025-01-05 16:00:00+00:00,2025-01-05 16:05:00+00:00,identity,us-east,2025.01,1205.72,0.00585,213.79,272.56
evt-identity-us-east-000113,2025-01-05 17:00:00+00:00,2025-01-05 17:05:00+00:00,identity,us-east,2025.01,1111.03,0.009161,192.74,244.55
evt-identity-us-east-000114,2025-01-05 18:00:00+00:00,2025-01-05 18:05:00+00:00,identity,us-east,2025.01,1012.62,0.008988,210.42,222.74
evt-identity-us-east-000115,2025-01-05 19:00:00+00:00,2025-01-05 19:05:00+00:00,identity,us-east,2025.01,801.68,0.008474,215.33,176.51
evt-identity-us-east-000116,2025-01-05 20:00:00+00:00,2025-01-05 20:05:00+00:00,identity,us-east,2025.01,682.96,0.010898,217.38,157.99
evt-identity-us-east-000117,2025-01-05 21:00:00+00:00,2025-01-05 21:05:00+00:00,identity,us-east,2025.01,682.77,0.011699,221.2,153.63
evt-identity-us-east-000118,2025-01-05 22:00:00+00:00,2025-01-05 22:05:00+00:00,identity,us-east,2025.01,642.89,0.011556,227.65,144.93
evt-identity-us-east-000119,2025-01-05 23:00:00+00:00,2025-01-05 23:05:00+00:00,identity,us-east,2025.01,583.76,0.013369,236.8,129.01
evt-identity-us-east-000120,2025-01-06 00:00:00+00:00,2025-01-06 00:05:00+00:00,identity,us-east,2025.01,714.93,0.012412,234.35,160.77
evt-identity-us-east-000121,2025-01-06 01:00:00+00:00,2025-01-06 01:05:00+00:00,identity,us-east,2025.01,713.53,0.013901,207.76,154.58
evt-identity-us-east-000122,2025-01-06 02:00:00+00:00,2025-01-06 02:05:00+00:00,identity,us-east,2025.01,722.94,0.012698,220.35,164.86
evt-identity-us-east-000123,2025-01-06 03:00:00+00:00,2025-01-06 03:05:00+00:00,identity,us-east,2025.01,764.04,0.010426,230.14,168.34
evt-identity-us-east-000124,2025-01-06 04:00:00+00:00,2025-01-06 04:05:00+00:00,identity,us-east,2025.01,941.25,0.008332,223.49,203.12
evt-identity-us-east-000125,2025-01-06 05:00:00+00:00,2025-01-06 05:05:00+00:00,identity,us-east,2025.01,943.08,0.007962,212.8,213.15
evt-identity-us-east-000126,2025-01-06 06:00:00+00:00,2025-01-06 06:05:00+00:00,identity,us-east,2025.01,980.81,0.010194,229.64,225.27
evt-identity-us-east-000127,2025-01-06 07:00:00+00:00,2025-01-06 07:05:00+00:00,identity,us-east,2025.01,968.19,0.015324,230.65,210.76
evt-identity-us-east-000128,2025-01-06 08:00:00+00:00,2025-01-06 08:05:00+00:00,identity,us-east,2025.01,1032.6,0.010976,209.17,230.75
evt-identity-us-east-000129,2025-01-06 09:00:00+00:00,2025-01-06 09:05:00+00:00,identity,us-east,2025.01,1242.03,0.00938,229.61,279.78
evt-identity-us-east-000130,2025-01-06 10:00:00+00:00,2025-01-06 10:05:00+00:00,identity,us-east,2025.01,1241.7,0.012497,231.66,275.93
evt-identity-us-east-000131,2025-01-06 11:00:00+00:00,2025-01-06 11:05:00+00:00,identity,us-east,2025.01,1405.36,0.010902,212.74,318.56
evt-identity-us-east-000132,2025-01-06 12:00:00+00:00,2025-01-06 12:05:00+00:00,identity,us-east,2025.01,1378.41,0.007189,197.29,298.48
evt-identity-us-east-000133,2025-01-06 13:00:00+00:00,2025-01-06 13:05:00+00:00,identity,us-east,2025.01,1444.15,0.013978,209.33,308.69
evt-identity-us-east-000134,2025-01-06 14:00:00+00:00,2025-01-06 14:05:00+00:00,identity,us-east,2025.01,1486.85,0.009967,196.65,316.99
evt-identity-us-east-000135,2025-01-06 15:00:00+00:00,2025-01-06 15:05:00+00:00,identity,us-east,2025.01,1365.09,0.01199,198.98,288.14
evt-identity-us-east-000136,2025-01-06 16:00:00+00:00,2025-01-06 16:05:00+00:00,identity,us-east,2025.01,1379.05,0.012527,203.99,289.09
evt-identity-us-east-000137,2025-01-06 17:00:00+00:00,2025-01-06 17:05:00+00:00,identity,us-east,2025.01,1260.77,0.00931,212.56,291.28
evt-identity-us-east-000138,2025-01-06 18:00:00+00:00,2025-01-06 18:05:00+00:00,identity,us-east,2025.01,1161.61,0.011024,215.78,242.32
evt-identity-us-east-000139,2025-01-06 19:00:00+00:00,2025-01-06 19:05:00+00:00,identity,us-east,2025.01,1086.85,0.01084,214.53,236.0
evt-identity-us-east-000140,2025-01-06 20:00:00+00:00,2025-01-06 20:05:00+00:00,identity,us-east,2025.01,906.02,0.009847,214.76,195.75
evt-identity-us-east-000141,2025-01-06 21:00:00+00:00,2025-01-06 21:05:00+00:00,identity,us-east,2025.01,799.44,0.011492,225.76,170.63
evt-identity-us-east-000142,2025-01-06 22:00:00+00:00,2025-01-06 22:05:00+00:00,identity,us-east,2025.01,754.45,0.013327,230.51,170.71
evt-identity-us-east-000143,2025-01-06 23:00:00+00:00,2025-01-06 23:05:00+00:00,identity,us-east,2025.01,647.05,0.011364,220.41,142.47
evt-identity-us-east-000144,2025-01-07 00:00:00+00:00,2025-01-07 00:05:00+00:00,identity,us-east,2025.01,718.31,0.016104,242.6,156.92
evt-identity-us-east-000145,2025-01-07 01:00:00+00:00,2025-01-07 01:05:00+00:00,identity,us-east,2025.01,765.25,0.012742,253.58,174.7
evt-identity-us-east-000146,2025-01-07 02:00:00+00:00,2025-01-07 02:05:00+00:00,identity,us-east,2025.01,762.47,0.010201,230.77,161.01
evt-identity-us-east-000147,2025-01-07 03:00:00+00:00,2025-01-07 03:05:00+00:00,identity,us-east,2025.01,755.69,0.010752,221.31,165.19
evt-identity-us-east-000148,2025-01-07 04:00:00+00:00,2025-01-07 04:05:00+00:00,identity,us-east,2025.01,990.61,0.010244,217.05,219.2
evt-identity-us-east-000149,2025-01-07 05:00:00+00:00,2025-01-07 05:05:00+00:00,identity,us-east,2025.01,929.5,0.012444,220.63,204.27
evt-identity-us-east-000150,2025-01-07 06:00:00+00:00,2025-01-07 06:05:00+00:00,identity,us-east,2025.01,1048.11,0.009467,207.11,227.58
evt-identity-us-east-000151,2025-01-07 07:00:00+00:00,2025-01-07 07:05:00+00:00,identity,us-east,2025.01,1007.06,0.01098,200.73,211.94
evt-identity-us-east-000152,2025-01-07 08:00:00+00:00,2025-01-07 08:05:00+00:00,identity,us-east,2025.01,1047.86,0.009802,220.34,233.25
evt-identity-us-east-000153,2025-01-07 09:00:00+00:00,2025-01-07 09:05:00+00:00,identity,us-east,2025.01,1132.36,0.008144,219.19,240.05
evt-identity-us-east-000154,2025-01-07 10:00:00+00:00,2025-01-07 10:05:00+00:00,identity,us-east,2025.01,1231.76,0.008955,201.85,268.37
evt-identity-us-east-000155,2025-01-07 11:00:00+00:00,2025-01-07 11:05:00+00:00,identity,us-east,2025.01,1254.0,0.010996,213.85,281.03
evt-identity-us-east-000156,2025-01-07 12:00:00+00:00,2025-01-07 12:05:00+00:00,identity,us-east,2025.01,1382.23,0.010966,197.35,306.93
evt-identity-us-east-000157,2025-01-07 13:00:00+00:00,2025-01-07 13:05:00+00:00,identity,us-east,2025.01,1486.35,0.008575,207.9,310.31
evt-identity-us-east-000158,2025-01-07 14:00:00+00:00,2025-01-07 14:05:00+00:00,identity,us-east,2025.01,1537.4,0.007773,201.02,319.87
evt-identity-us-east-000159,2025-01-07 15:00:00+00:00,2025-01-07 15:05:00+00:00,identity,us-east,2025.01,1379.1,0.010092,193.62,293.17
evt-identity-us-east-000160,2025-01-07 16:00:00+00:00,2025-01-07 16:05:00+00:00,identity,us-east,2025.01,1399.01,0.011252,204.89,299.85
evt-identity-us-east-000161,2025-01-07 17:00:00+00:00,2025-01-07 17:05:00+00:00,identity,us-east,2025.01,1283.1,0.01081,205.87,286.6
evt-identity-us-east-000162,2025-01-07 18:00:00+00:00,2025-01-07 18:05:00+00:00,identity,us-east,2025.01,1216.47,0.012068,200.34,267.81
evt-identity-us-east-000163,2025-01-07 19:00:00+00:00,2025-01-07 19:05:00+00:00,identity,us-east,2025.01,1001.09,0.011243,233.38,221.6
evt-identity-us-east-000164,2025-01-07 20:00:00+00:00,2025-01-07 20:05:00+00:00,identity,us-east,2025.01,911.4,0.009607,217.04,202.54
evt-identity-us-east-000165,2025-01-07 21:00:00+00:00,2025-01-07 21:05:00+00:00,identity,us-east,2025.01,840.07,0.010393,225.73,178.64
evt-identity-us-east-000166,2025-01-07 22:00:00+00:00,2025-01-07 22:05:00+00:00,identity,us-east,2025.01,743.92,0.012324,209.86,155.02
evt-identity-us-east-000167,2025-01-07 23:00:00+00:00,2025-01-07 23:05:00+00:00,identity,us-east,2025.01,761.59,0.011709,225.49,163.42
evt-identity-us-east-000168,2025-01-08 00:00:00+00:00,2025-01-08 00:05:00+00:00,identity,us-east,2025.01,739.22,0.013676,244.48,160.3
evt-identity-us-east-000169,2025-01-08 01:00:00+00:00,2025-01-08 01:05:00+00:00,identity,us-east,2025.01,809.58,0.009726,229.8,173.14
evt-identity-us-east-000170,2025-01-08 02:00:00+00:00,2025-01-08 02:05:00+00:00,identity,us-east,2025.01,868.51,0.011693,223.76,193.24
evt-identity-us-east-000171,2025-01-08 03:00:00+00:00,2025-01-08 03:05:00+00:00,identity,us-east,2025.01,860.33,0.014678,228.88,184.53
evt-identity-us-east-000172,2025-01-08 04:00:00+00:00,2025-01-08 04:05:00+00:00,identity,us-east,2025.01,868.9,0.011457,220.11,194.78
evt-identity-us-east-000173,2025-01-08 05:00:00+00:00,2025-01-08 05:05:00+00:00,identity,us-east,2025.01,939.34,0.01015,228.49,214.12
evt-identity-us-east-000174,2025-01-08 06:00:00+00:00,2025-01-08 06:05:00+00:00,identity,us-east,2025.01,967.26,0.008438,205.32,212.4
evt-identity-us-east-000175,2025-01-08 07:00:00+00:00,2025-01-08 07:05:00+00:00,identity,us-east,2025.01,1011.03,0.010721,211.59,217.92
evt-identity-us-east-000176,2025-01-08 08:00:00+00:00,2025-01-08 08:05:00+00:00,identity,us-east,2025.01,1126.45,0.012402,209.5,255.54
evt-identity-us-east-000177,2025-01-08 09:00:00+00:00,2025-01-08 09:05:00+00:00,identity,us-east,2025.01,1202.07,0.010356,183.92,264.26
evt-identity-us-east-000178,2025-01-08 10:00:00+00:00,2025-01-08 10:05:00+00:00,identity,us-east,2025.01,1211.79,0.011923,201.9,258.5
evt-identity-us-east-000179,2025-01-08 11:00:00+00:00,2025-01-08 11:05:00+00:00,identity,us-east,2025.01,1281.45,0.012451,205.17,273.39
evt-identity-us-east-000180,2025-01-08 12:00:00+00:00,2025-01-08 12:05:00+00:00,identity,us-east,2025.01,1410.16,0.010306,207.41,298.2
evt-identity-us-east-000181,2025-01-08 13:00:00+00:00,2025-01-08 13:05:00+00:00,identity,us-east,2025.01,1546.52,0.009227,201.78,359.64
evt-identity-us-east-000182,2025-01-08 14:00:00+00:00,2025-01-08 14:05:00+00:00,identity,us-east,2025.01,1587.82,0.012836,198.67,361.97
evt-identity-us-east-000183,2025-01-08 15:00:00+00:00,2025-01-08 15:05:00+00:00,identity,us-east,2025.01,1411.01,0.011064,208.14,300.56
evt-identity-us-east-000184,2025-01-08 16:00:00+00:00,2025-01-08 16:05:00+00:00,identity,us-east,2025.01,1395.22,0.009133,206.51,314.31
evt-identity-us-east-000185,2025-01-08 17:00:00+00:00,2025-01-08 17:05:00+00:00,identity,us-east,2025.01,1394.69,0.008781,214.73,299.59
evt-identity-us-east-000186,2025-01-08 18:00:00+00:00,2025-01-08 18:05:00+00:00,identity,us-east,2025.01,1169.1,0.012272,208.02,255.15
evt-identity-us-east-000187,2025-01-08 19:00:00+00:00,2025-01-08 19:05:00+00:00,identity,us-east,2025.01,1126.57,0.009157,214.88,256.62
evt-identity-us-east-000188,2025-01-08 20:00:00+00:00,2025-01-08 20:05:00+00:00,identity,us-east,2025.01,927.86,0.010696,236.23,209.76
evt-identity-us-east-000189,2025-01-08 21:00:00+00:00,2025-01-08 21:05:00+00:00,identity,us-east,2025.01,809.04,0.008871,226.71,188.21
evt-identity-us-east-000190,2025-01-08 22:00:00+00:00,2025-01-08 22:05:00+00:00,identity,us-east,2025.01,714.25,0.013823,227.37,160.65
evt-identity-us-east-000191,2025-01-08 23:00:00+00:00,2025-01-08 23:05:00+00:00,identity,us-east,2025.01,682.99,0.014181,231.84,152.96
evt-identity-us-east-000192,2025-01-09 00:00:00+00:00,2025-01-09 00:05:00+00:00,identity,us-east,2025.01,720.07,0.013735,224.57,146.03
evt-identity-us-east-000193,2025-01-09 01:00:00+00:00,2025-01-09 01:05:00+00:00,identity,us-east,2025.01,823.97,0.006779,212.65,177.51
evt-identity-us-east-000194,2025-01-09 02:00:00+00:00,2025-01-09 02:05:00+00:00,identity,us-east,2025.01,843.73,0.012852,226.08,187.37
evt-identity-us-east-000195,2025-01-09 03:00:00+00:00,2025-01-09 03:05:00+00:00,identity,us-east,2025.01,842.09,0.013318,228.47,182.56
evt-identity-us-east-000196,2025-01-09 04:00:00+00:00,2025-01-09 04:05:00+00:00,identity,us-east,2025.01,893.15,0.007481,221.78,198.42
evt-identity-us-east-000197,2025-01-09 05:00:00+00:00,2025-01-09 05:05:00+00:00,identity,us-east,2025.01,977.44,0.009631,200.64,218.22
evt-identity-us-east-000198,2025-01-09 06:00:00+00:00,2025-01-09 06:05:00+00:00,identity,us-east,2025.01,1030.39,0.010819,226.03,221.56
evt-identity-us-east-000199,2025-01-09 07:00:00+00:00,2025-01-09 07:05:00+00:00,identity,us-east,2025.01,1047.19,0.008093,215.12,228.92
evt-identity-us-east-000200,2025-01-09 08:00:00+00:00,2025-01-09 08:05:00+00:00,identity,us-east,2025.01,1086.75,0.009277,209.06,238.41
evt-identity-us-east-000201,2025-01-09 09:00:00+00:00,2025-01-09 09:05:00+00:00,identity,us-east,2025.01,1142.37,0.009471,198.96,258.49
evt-identity-us-east-000202,2025-01-09 10:00:00+00:00,2025-01-09 10:05:00+00:00,identity,us-east,2025.01,1210.91,0.009218,238.11,273.76
evt-identity-us-east-000203,2025-01-09 11:00:00+00:00,2025-01-09 11:05:00+00:00,identity,us-east,2025.01,1346.45,0.01234,204.51,301.06
evt-identity-us-east-000204,2025-01-09 12:00:00+00:00,2025-01-09 12:05:00+00:00,identity,us-east,2025.01,1414.58,0.013067,208.52,309.74
evt-identity-us-east-000205,2025-01-09 13:00:00+00:00,2025-01-09 13:05:00+00:00,identity,us-east,2025.01,1522.85,0.013882,213.12,329.93
evt-identity-us-east-000206,2025-01-09 14:00:00+00:00,2025-01-09 14:05:00+00:00,identity,us-east,2025.01,1492.68,0.012761,213.87,328.24
evt-identity-us-east-000207,2025-01-09 15:00:00+00:00,2025-01-09 15:05:00+00:00,identity,us-east,2025.01,1389.08,0.010849,210.56,300.72
evt-identity-us-east-000208,2025-01-09 16:00:00+00:00,2025-01-09 16:05:00+00:00,identity,us-east,2025.01,1449.3,0.01311,207.5,308.71
evt-identity-us-east-000209,2025-01-09 17:00:00+00:00,2025-01-09 17:05:00+00:00,identity,us-east,2025.01,1224.75,0.010582,205.76,273.49
evt-identity-us-east-000210,2025-01-09 18:00:00+00:00,2025-01-09 18:05:00+00:00,identity,us-east,2025.01,1143.96,0.014157,213.51,251.5
evt-identity-us-east-000211,2025-01-09 19:00:00+00:00,2025-01-09 19:05:00+00:00,identity,us-east,2025.01,1011.53,0.008011,214.82,230.73
evt-identity-us-east-000212,2025-01-09 20:00:00+00:00,2025-01-09 20:05:00+00:00,identity,us-east,2025.01,888.0,0.010704,227.43,196.34
evt-identity-us-east-000213,2025-01-09 21:00:00+00:00,2025-01-09 21:05:00+00:00,identity,us-east,2025.01,841.32,0.011942,241.57,179.92
evt-identity-us-east-000214,2025-01-09 22:00:00+00:00,2025-01-09 22:05:00+00:00,identity,us-east,2025.01,746.04,0.011986,232.08,163.69
evt-identity-us-east-000215,2025-01-09 23:00:00+00:00,2025-01-09 23:05:00+00:00,identity,us-east,2025.01,681.84,0.011305,224.22,147.41
evt-identity-us-east-000216,2025-01-10 00:00:00+00:00,2025-01-10 00:05:00+00:00,identity,us-east,2025.01,661.02,0.013905,242.79,142.37
evt-identity-us-east-000217,2025-01-10 01:00:00+00:00,2025-01-10 01:05:00+00:00,identity,us-east,2025.01,802.22,0.009749,223.53,184.03
evt-identity-us-east-000218,2025-01-10 02:00:00+00:00,2025-01-10 02:05:00+00:00,identity,us-east,2025.01,768.61,0.011335,224.43,166.15
evt-identity-us-east-000219,2025-01-10 03:00:00+00:00,2025-01-10 03:05:00+00:00,identity,us-east,2025.01,812.74,0.011656,222.11,184.13
evt-identity-us-east-000220,2025-01-10 04:00:00+00:00,2025-01-10 04:05:00+00:00,identity,us-east,2025.01,815.62,0.012705,218.97,175.55
evt-identity-us-east-000221,2025-01-10 05:00:00+00:00,2025-01-10 05:05:00+00:00,identity,us-east,2025.01,997.2,0.010927,222.08,223.88
evt-identity-us-east-000222,2025-01-10 06:00:00+00:00,2025-01-10 06:05:00+00:00,identity,us-east,2025.01,924.72,0.013499,219.9,208.16
evt-identity-us-east-000223,2025-01-10 07:00:00+00:00,2025-01-10 07:05:00+00:00,identity,us-east,2025.01,1004.01,0.010356,217.25,232.83
evt-identity-us-east-000224,2025-01-10 08:00:00+00:00,2025-01-10 08:05:00+00:00,identity,us-east,2025.01,1069.21,0.013094,199.39,236.93
evt-identity-us-east-000225,2025-01-10 09:00:00+00:00,2025-01-10 09:05:00+00:00,identity,us-east,2025.01,1197.69,0.008805,223.52,259.42
evt-identity-us-east-000226,2025-01-10 10:00:00+00:00,2025-01-10 10:05:00+00:00,identity,us-east,2025.01,1214.39,0.008757,210.66,270.05
evt-identity-us-east-000227,2025-01-10 11:00:00+00:00,2025-01-10 11:05:00+00:00,identity,us-east,2025.01,1275.59,0.012135,207.41,294.71
evt-identity-us-east-000228,2025-01-10 12:00:00+00:00,2025-01-10 12:05:00+00:00,identity,us-east,2025.01,1484.56,0.011274,201.76,317.59
evt-identity-us-east-000229,2025-01-10 13:00:00+00:00,2025-01-10 13:05:00+00:00,identity,us-east,2025.01,1497.87,0.011803,208.68,331.64
evt-identity-us-east-000230,2025-01-10 14:00:00+00:00,2025-01-10 14:05:00+00:00,identity,us-east,2025.01,1547.6,0.011699,202.3,343.24
evt-identity-us-east-000231,2025-01-10 15:00:00+00:00,2025-01-10 15:05:00+00:00,identity,us-east,2025.01,1480.84,0.008911,215.91,327.87
evt-identity-us-east-000232,2025-01-10 16:00:00+00:00,2025-01-10 16:05:00+00:00,identity,us-east,2025.01,1438.0,0.009916,216.17,323.93
evt-identity-us-east-000233,2025-01-10 17:00:00+00:00,2025-01-10 17:05:00+00:00,identity,us-east,2025.01,1374.65,0.010527,209.52,299.09
evt-identity-us-east-000234,2025-01-10 18:00:00+00:00,2025-01-10 18:05:00+00:00,identity,us-east,2025.01,1140.01,0.011994,224.91,239.86
evt-identity-us-east-000235,2025-01-10 19:00:00+00:00,2025-01-10 19:05:00+00:00,identity,us-east,2025.01,1030.26,0.009858,217.93,222.45
evt-identity-us-east-000236,2025-01-10 20:00:00+00:00,2025-01-10 20:05:00+00:00,identity,us-east,2025.01,840.77,0.010229,207.94,180.99
evt-identity-us-east-000237,2025-01-10 21:00:00+00:00,2025-01-10 21:05:00+00:00,identity,us-east,2025.01,760.86,0.009157,243.65,166.08
evt-identity-us-east-000238,2025-01-10 22:00:00+00:00,2025-01-10 22:05:00+00:00,identity,us-east,2025.01,746.96,0.00931,234.85,161.57
evt-identity-us-east-000239,2025-01-10 23:00:00+00:00,2025-01-10 23:05:00+00:00,identity,us-east,2025.01,700.65,0.009623,234.49,158.44
evt-identity-us-east-000240,2025-01-11 00:00:00+00:00,2025-01-11 00:05:00+00:00,identity,us-east,2025.01,533.77,0.011388,233.98,118.57
evt-identity-us-east-000241,2025-01-11 01:00:00+00:00,2025-01-11 01:05:00+00:00,identity,us-east,2025.01,638.84,0.012983,243.93,143.14
evt-identity-us-east-000242,2025-01-11 02:00:00+00:00,2025-01-11 02:05:00+00:00,identity,us-east,2025.01,626.51,0.013386,219.18,136.18
evt-identity-us-east-000243,2025-01-11 03:00:00+00:00,2025-01-11 03:05:00+00:00,identity,us-east,2025.01,703.66,0.011534,222.75,157.3
evt-identity-us-east-000244,2025-01-11 04:00:00+00:00,2025-01-11 04:05:00+00:00,identity,us-east,2025.01,736.61,0.013279,225.15,153.0
evt-identity-us-east-000245,2025-01-11 05:00:00+00:00,2025-01-11 05:05:00+00:00,identity,us-east,2025.01,796.25,0.01136,214.79,176.02
evt-identity-us-east-000246,2025-01-11 06:00:00+00:00,2025-01-11 06:05:00+00:00,identity,us-east,2025.01,774.51,0.009871,219.81,175.23
evt-identity-us-east-000247,2025-01-11 07:00:00+00:00,2025-01-11 07:05:00+00:00,identity,us-east,2025.01,885.74,0.012604,228.38,205.32
evt-identity-us-east-000248,2025-01-11 08:00:00+00:00,2025-01-11 08:05:00+00:00,identity,us-east,2025.01,850.04,0.012219,220.53,196.16
evt-identity-us-east-000249,2025-01-11 09:00:00+00:00,2025-01-11 09:05:00+00:00,identity,us-east,2025.01,1037.42,0.010874,218.15,236.36
evt-identity-us-east-000250,2025-01-11 10:00:00+00:00,2025-01-11 10:05:00+00:00,identity,us-east,2025.01,1067.37,0.010619,210.26,229.24
evt-identity-us-east-000251,2025-01-11 11:00:00+00:00,2025-01-11 11:05:00+00:00,identity,us-east,2025.01,1144.8,0.011993,215.53,255.18
evt-identity-us-east-000252,2025-01-11 12:00:00+00:00,2025-01-11 12:05:00+00:00,identity,us-east,2025.01,1120.63,0.01048,219.2,246.77
evt-identity-us-east-000253,2025-01-11 13:00:00+00:00,2025-01-11 13:05:00+00:00,identity,us-east,2025.01,1253.23,0.007706,207.81,270.68
evt-identity-us-east-000254,2025-01-11 14:00:00+00:00,2025-01-11 14:05:00+00:00,identity,us-east,2025.01,1284.78,0.010747,205.73,292.59
evt-identity-us-east-000255,2025-01-11 15:00:00+00:00,2025-01-11 15:05:00+00:00,identity,us-east,2025.01,1244.0,0.008172,203.2,261.32
evt-identity-us-east-000256,2025-01-11 16:00:00+00:00,2025-01-11 16:05:00+00:00,identity,us-east,2025.01,1156.04,0.013009,209.56,256.71
evt-identity-us-east-000257,2025-01-11 17:00:00+00:00,2025-01-11 17:05:00+00:00,identity,us-east,2025.01,1020.35,0.009131,196.3,210.03
evt-identity-us-east-000258,2025-01-11 18:00:00+00:00,2025-01-11 18:05:00+00:00,identity,us-east,2025.01,904.83,0.008081,211.69,200.07
evt-identity-us-east-000259,2025-01-11 19:00:00+00:00,2025-01-11 19:05:00+00:00,identity,us-east,2025.01,830.4,0.010986,214.32,186.19
evt-identity-us-east-000260,2025-01-11 20:00:00+00:00,2025-01-11 20:05:00+00:00,identity,us-east,2025.01,720.03,0.010209,234.87,162.22
evt-identity-us-east-000261,2025-01-11 21:00:00+00:00,2025-01-11 21:05:00+00:00,identity,us-east,2025.01,663.12,0.011074,226.96,147.18
evt-identity-us-east-000262,2025-01-11 22:00:00+00:00,2025-01-11 22:05:00+00:00,identity,us-east,2025.01,625.64,0.013038,231.61,139.33
evt-identity-us-east-000263,2025-01-11 23:00:00+00:00,2025-01-11 23:05:00+00:00,identity,us-east,2025.01,571.99,0.01249,236.74,130.2
evt-identity-us-east-000264,2025-01-12 00:00:00+00:00,2025-01-12 00:05:00+00:00,identity,us-east,2025.01,598.98,0.011227,229.04,131.07
evt-identity-us-east-000265,2025-01-12 01:00:00+00:00,2025-01-12 01:05:00+00:00,identity,us-east,2025.01,609.07,0.011195,223.72,131.08
evt-identity-us-east-000266,2025-01-12 02:00:00+00:00,2025-01-12 02:05:00+00:00,identity,us-east,2025.01,663.2,0.011674,228.36,147.49
evt-identity-us-east-000267,2025-01-12 03:00:00+00:00,2025-01-12 03:05:00+00:00,identity,us-east,2025.01,723.89,0.011574,216.25,159.43
evt-identity-us-east-000268,2025-01-12 04:00:00+00:00,2025-01-12 04:05:00+00:00,identity,us-east,2025.01,804.34,0.009071,229.65,169.34
evt-identity-us-east-000269,2025-01-12 05:00:00+00:00,2025-01-12 05:05:00+00:00,identity,us-east,2025.01,754.48,0.011283,212.99,172.37
evt-identity-us-east-000270,2025-01-12 06:00:00+00:00,2025-01-12 06:05:00+00:00,identity,us-east,2025.01,818.1,0.011059,228.98,183.78
evt-identity-us-east-000271,2025-01-12 07:00:00+00:00,2025-01-12 07:05:00+00:00,identity,us-east,2025.01,806.53,0.012013,215.12,171.43
evt-identity-us-east-000272,2025-01-12 08:00:00+00:00,2025-01-12 08:05:00+00:00,identity,us-east,2025.01,925.35,0.010465,216.18,209.42
evt-identity-us-east-000273,2025-01-12 09:00:00+00:00,2025-01-12 09:05:00+00:00,identity,us-east,2025.01,980.67,0.009978,219.77,215.85
evt-identity-us-east-000274,2025-01-12 10:00:00+00:00,2025-01-12 10:05:00+00:00,identity,us-east,2025.01,984.13,0.011894,206.55,217.61
evt-identity-us-east-000275,2025-01-12 11:00:00+00:00,2025-01-12 11:05:00+00:00,identity,us-east,2025.01,1070.98,0.008001,207.97,232.59
evt-identity-us-east-000276,2025-01-12 12:00:00+00:00,2025-01-12 12:05:00+00:00,identity,us-east,2025.01,1115.94,0.008327,211.25,233.08
evt-identity-us-east-000277,2025-01-12 13:00:00+00:00,2025-01-12 13:05:00+00:00,identity,us-east,2025.01,1222.32,0.008049,204.27,270.41
evt-identity-us-east-000278,2025-01-12 14:00:00+00:00,2025-01-12 14:05:00+00:00,identity,us-east,2025.01,1274.89,0.010857,199.39,278.67
evt-identity-us-east-000279,2025-01-12 15:00:00+00:00,2025-01-12 15:05:00+00:00,identity,us-east,2025.01,1169.32,0.012176,202.44,256.72
evt-identity-us-east-000280,2025-01-12 16:00:00+00:00,2025-01-12 16:05:00+00:00,identity,us-east,2025.01,1205.49,0.010261,216.02,264.74
evt-identity-us-east-000281,2025-01-12 17:00:00+00:00,2025-01-12 17:05:00+00:00,identity,us-east,2025.01,1044.78,0.008547,223.43,227.46
evt-identity-us-east-000282,2025-01-12 18:00:00+00:00,2025-01-12 18:05:00+00:00,identity,us-east,2025.01,999.5,0.010571,195.81,220.35
evt-identity-us-east-000283,2025-01-12 19:00:00+00:00,2025-01-12 19:05:00+00:00,identity,us-east,2025.01,863.85,0.012804,215.7,191.14
evt-identity-us-east-000284,2025-01-12 20:00:00+00:00,2025-01-12 20:05:00+00:00,identity,us-east,2025.01,744.51,0.009877,232.83,163.53
evt-identity-us-east-000285,2025-01-12 21:00:00+00:00,2025-01-12 21:05:00+00:00,identity,us-east,2025.01,651.08,0.009954,230.32,149.54
evt-identity-us-east-000286,2025-01-12 22:00:00+00:00,2025-01-12 22:05:00+00:00,identity,us-east,2025.01,616.79,0.014223,225.65,136.39
evt-identity-us-east-000287,2025-01-12 23:00:00+00:00,2025-01-12 23:05:00+00:00,identity,us-east,2025.01,594.77,0.011518,221.93,130.51
evt-identity-us-east-000288,2025-01-13 00:00:00+00:00,2025-01-13 00:05:00+00:00,identity,us-east,2025.01,752.9,0.00963,235.51,163.49
evt-identity-us-east-000289,2025-01-13 01:00:00+00:00,2025-01-13 01:05:00+00:00,identity,us-east,2025.01,702.5,0.013829,229.44,155.4
evt-identity-us-east-000290,2025-01-13 02:00:00+00:00,2025-01-13 02:05:00+00:00,identity,us-east,2025.01,804.32,0.014368,241.19,177.4
evt-identity-us-east-000291,2025-01-13 03:00:00+00:00,2025-01-13 03:05:00+00:00,identity,us-east,2025.01,771.21,0.011437,230.33,168.35
evt-identity-us-east-000292,2025-01-13 04:00:00+00:00,2025-01-13 04:05:00+00:00,identity,us-east,2025.01,880.2,0.013064,237.88,197.87
evt-identity-us-east-000293,2025-01-13 05:00:00+00:00,2025-01-13 05:05:00+00:00,identity,us-east,2025.01,930.54,0.011871,222.43,199.72
evt-identity-us-east-000294,2025-01-13 06:00:00+00:00,2025-01-13 06:05:00+00:00,identity,us-east,2025.01,1100.15,0.010854,210.89,241.1
evt-identity-us-east-000295,2025-01-13 07:00:00+00:00,2025-01-13 07:05:00+00:00,identity,us-east,2025.01,1049.85,0.011461,213.14,234.28
evt-identity-us-east-000296,2025-01-13 08:00:00+00:00,2025-01-13 08:05:00+00:00,identity,us-east,2025.01,1111.58,0.013089,223.47,243.46
evt-identity-us-east-000297,2025-01-13 09:00:00+00:00,2025-01-13 09:05:00+00:00,identity,us-east,2025.01,1205.46,0.011114,208.48,266.54
evt-identity-us-east-000298,2025-01-13 10:00:00+00:00,2025-01-13 10:05:00+00:00,identity,us-east,2025.01,1258.01,0.011713,194.89,278.77
evt-identity-us-east-000299,2025-01-13 11:00:00+00:00,2025-01-13 11:05:00+00:00,identity,us-east,2025.01,1352.81,0.011101,198.19,310.73
evt-identity-us-east-000300,2025-01-13 12:00:00+00:00,2025-01-13 12:05:00+00:00,identity,us-east,2025.01,1383.69,0.007645,199.35,297.18
evt-identity-us-east-000301,2025-01-13 13:00:00+00:00,2025-01-13 13:05:00+00:00,identity,us-east,2025.01,1451.53,0.009879,203.64,326.25
evt-identity-us-east-000302,2025-01-13 14:00:00+00:00,2025-01-13 14:05:00+00:00,identity,us-east,2025.01,1515.21,0.009364,202.92,330.86
evt-identity-us-east-000303,2025-01-13 15:00:00+00:00,2025-01-13 15:05:00+00:00,identity,us-east,2025.01,1399.97,0.010428,206.18,309.5
evt-identity-us-east-000304,2025-01-13 16:00:00+00:00,2025-01-13 16:05:00+00:00,identity,us-east,2025.01,1268.11,0.011315,195.35,271.67
evt-identity-us-east-000305,2025-01-13 17:00:00+00:00,2025-01-13 17:05:00+00:00,identity,us-east,2025.01,1291.29,0.015257,193.18,289.29
evt-identity-us-east-000306,2025-01-13 18:00:00+00:00,2025-01-13 18:05:00+00:00,identity,us-east,2025.01,1267.68,0.014221,197.36,280.27
evt-identity-us-east-000307,2025-01-13 19:00:00+00:00,2025-01-13 19:05:00+00:00,identity,us-east,2025.01,1031.12,0.013629,215.14,224.24
evt-identity-us-east-000308,2025-01-13 20:00:00+00:00,2025-01-13 20:05:00+00:00,identity,us-east,2025.01,835.7,0.009333,228.93,183.23
evt-identity-us-east-000309,2025-01-13 21:00:00+00:00,2025-01-13 21:05:00+00:00,identity,us-east,2025.01,715.15,0.011869,216.51,155.34
evt-identity-us-east-000310,2025-01-13 22:00:00+00:00,2025-01-13 22:05:00+00:00,identity,us-east,2025.01,747.48,0.011493,220.07,152.93
evt-identity-us-east-000311,2025-01-13 23:00:00+00:00,2025-01-13 23:05:00+00:00,identity,us-east,2025.01,684.57,0.0106,231.19,148.75
evt-identity-us-east-000312,2025-01-14 00:00:00+00:00,2025-01-14 00:05:00+00:00,identity,us-east,2025.01,722.51,0.012557,239.92,157.52
evt-identity-us-east-000313,2025-01-14 01:00:00+00:00,2025-01-14 01:05:00+00:00,identity,us-east,2025.01,748.94,0.010365,224.48,165.98
evt-identity-us-east-000314,2025-01-14 02:00:00+00:00,2025-01-14 02:05:00+00:00,identity,us-east,2025.01,777.26,0.009494,233.65,178.83
evt-identity-us-east-000315,2025-01-14 03:00:00+00:00,2025-01-14 03:05:00+00:00,identity,us-east,2025.01,925.72,0.015092,223.0,207.19
evt-identity-us-east-000316,2025-01-14 04:00:00+00:00,2025-01-14 04:05:00+00:00,identity,us-east,2025.01,911.16,0.013154,212.79,202.63
evt-identity-us-east-000317,2025-01-14 05:00:00+00:00,2025-01-14 05:05:00+00:00,identity,us-east,2025.01,979.75,0.01241,220.91,223.65
evt-identity-us-east-000318,2025-01-14 06:00:00+00:00,2025-01-14 06:05:00+00:00,identity,us-east,2025.01,1058.32,0.009743,234.26,241.29
evt-identity-us-east-000319,2025-01-14 07:00:00+00:00,2025-01-14 07:05:00+00:00,identity,us-east,2025.01,1055.67,0.011963,203.07,231.59
evt-identity-us-east-000320,2025-01-14 08:00:00+00:00,2025-01-14 08:05:00+00:00,identity,us-east,2025.01,1045.71,0.010863,216.52,238.94
evt-identity-us-east-000321,2025-01-14 09:00:00+00:00,2025-01-14 09:05:00+00:00,identity,us-east,2025.01,1223.81,0.008691,213.47,273.38
evt-identity-us-east-000322,2025-01-14 10:00:00+00:00,2025-01-14 10:05:00+00:00,identity,us-east,2025.01,1181.42,0.01151,208.44,250.53
evt-identity-us-east-000323,2025-01-14 11:00:00+00:00,2025-01-14 11:05:00+00:00,identity,us-east,2025.01,1375.01,0.009603,214.25,293.6
evt-identity-us-east-000324,2025-01-14 12:00:00+00:00,2025-01-14 12:05:00+00:00,identity,us-east,2025.01,1472.12,0.007292,211.91,324.96
evt-identity-us-east-000325,2025-01-14 13:00:00+00:00,2025-01-14 13:05:00+00:00,identity,us-east,2025.01,1476.97,0.00936,197.34,321.86
evt-identity-us-east-000326,2025-01-14 14:00:00+00:00,2025-01-14 14:05:00+00:00,identity,us-east,2025.01,1534.3,0.005316,211.57,338.08
evt-identity-us-east-000327,2025-01-14 15:00:00+00:00,2025-01-14 15:05:00+00:00,identity,us-east,2025.01,1391.03,0.01048,218.58,296.23
evt-identity-us-east-000328,2025-01-14 16:00:00+00:00,2025-01-14 16:05:00+00:00,identity,us-east,2025.01,1342.78,0.012274,211.81,309.8
evt-identity-us-east-000329,2025-01-14 17:00:00+00:00,2025-01-14 17:05:00+00:00,identity,us-east,2025.01,1288.46,0.012083,203.87,293.68
evt-identity-us-east-000330,2025-01-14 18:00:00+00:00,2025-01-14 18:05:00+00:00,identity,us-east,2025.01,1132.46,0.013316,199.3,244.72
evt-identity-us-east-000331,2025-01-14 19:00:00+00:00,2025-01-14 19:05:00+00:00,identity,us-east,2025.01,1038.6,0.010106,221.15,228.11
evt-identity-us-east-000332,2025-01-14 20:00:00+00:00,2025-01-14 20:05:00+00:00,identity,us-east,2025.01,885.78,0.01265,208.56,198.95
evt-identity-us-east-000333,2025-01-14 21:00:00+00:00,2025-01-14 21:05:00+00:00,identity,us-east,2025.01,769.82,0.008766,245.41,169.54
evt-identity-us-east-000334,2025-01-14 22:00:00+00:00,2025-01-14 22:05:00+00:00,identity,us-east,2025.01,703.9,0.011288,243.01,158.59
evt-identity-us-east-000335,2025-01-14 23:00:00+00:00,2025-01-14 23:05:00+00:00,identity,us-east,2025.01,663.6,0.012971,231.67,144.39
evt-payments-ap-south-000000,2025-01-01 00:00:00+00:00,2025-01-01 00:05:00+00:00,payments,ap-south,2025.01,596.89,0.010514,250.72,1218.76
evt-payments-ap-south-000001,2025-01-01 01:00:00+00:00,2025-01-01 01:05:00+00:00,payments,ap-south,2025.01,707.3,0.009773,260.4,1501.81
evt-payments-ap-south-000002,2025-01-01 02:00:00+00:00,2025-01-01 02:05:00+00:00,payments,ap-south,2025.01,710.27,0.011498,239.54,1433.05
evt-payments-ap-south-000003,2025-01-01 03:00:00+00:00,2025-01-01 03:05:00+00:00,payments,ap-south,2025.01,730.46,0.015498,239.61,1540.55
evt-payments-ap-south-000004,2025-01-01 04:00:00+00:00,2025-01-01 04:05:00+00:00,payments,ap-south,2025.01,721.57,0.00995,245.88,1469.6
evt-payments-ap-south-000005,2025-01-01 05:00:00+00:00,2025-01-01 05:05:00+00:00,payments,ap-south,2025.01,835.51,0.01109,232.01,1663.38
evt-payments-ap-south-000006,2025-01-01 06:00:00+00:00,2025-01-01 06:05:00+00:00,payments,ap-south,2025.01,871.89,0.011653,237.7,1773.44
evt-payments-ap-south-000007,2025-01-01 07:00:00+00:00,2025-01-01 07:05:00+00:00,payments,ap-south,2025.01,912.6,0.011982,252.36,1861.25
evt-payments-ap-south-000008,2025-01-01 08:00:00+00:00,2025-01-01 08:05:00+00:00,payments,ap-south,2025.01,994.64,0.012052,245.01,2003.32
evt-payments-ap-south-000009,2025-01-01 09:00:00+00:00,2025-01-01 09:05:00+00:00,payments,ap-south,2025.01,1024.66,0.008982,229.26,2132.92
evt-payments-ap-south-000010,2025-01-01 10:00:00+00:00,2025-01-01 10:05:00+00:00,payments,ap-south,2025.01,1092.18,0.010857,220.78,2206.19
evt-payments-ap-south-000011,2025-01-01 11:00:00+00:00,2025-01-01 11:05:00+00:00,payments,ap-south,2025.01,1170.69,0.01001,235.27,2417.19
evt-payments-ap-south-000012,2025-01-01 12:00:00+00:00,2025-01-01 12:05:00+00:00,payments,ap-south,2025.01,1255.44,0.009342,234.91,2696.25
evt-payments-ap-south-000013,2025-01-01 13:00:00+00:00,2025-01-01 13:05:00+00:00,payments,ap-south,2025.01,1343.4,0.008761,226.52,2828.23
evt-payments-ap-south-000014,2025-01-01 14:00:00+00:00,2025-01-01 14:05:00+00:00,payments,ap-south,2025.01,1355.54,0.011265,235.45,2824.03
evt-payments-ap-south-000015,2025-01-01 15:00:00+00:00,2025-01-01 15:05:00+00:00,payments,ap-south,2025.01,1307.46,0.012042,245.74,2566.45
evt-payments-ap-south-000016,2025-01-01 16:00:00+00:00,2025-01-01 16:05:00+00:00,payments,ap-south,2025.01,1258.59,0.010462,226.21,2624.29
evt-payments-ap-south-000017,2025-01-01 17:00:00+00:00,2025-01-01 17:05:00+00:00,payments,ap-south,2025.01,1189.55,0.010663,230.99,2338.16
evt-payments-ap-south-000018,2025-01-01 18:00:00+00:00,2025-01-01 18:05:00+00:00,payments,ap-south,2025.01,1048.66,0.013242,231.31,2160.91
evt-payments-ap-south-000019,2025-01-01 19:00:00+00:00,2025-01-01 19:05:00+00:00,payments,ap-south,2025.01,944.43,0.011553,253.43,1924.22
evt-payments-ap-south-000020,2025-01-01 20:00:00+00:00,2025-01-01 20:05:00+00:00,payments,ap-south,2025.01,809.49,0.010717,242.8,1589.53
evt-payments-ap-south-000021,2025-01-01 21:00:00+00:00,2025-01-01 21:05:00+00:00,payments,ap-south,2025.01,650.8,0.013033,247.91,1355.96
evt-payments-ap-south-000022,2025-01-01 22:00:00+00:00,2025-01-01 22:05:00+00:00,payments,ap-south,2025.01,652.14,0.012741,249.75,1361.17
evt-payments-ap-south-000023,2025-01-01 23:00:00+00:00,2025-01-01 23:05:00+00:00,payments,ap-south,2025.01,684.44,0.009899,252.43,1377.41
evt-payments-ap-south-000024,2025-01-02 00:00:00+00:00,2025-01-02 00:05:00+00:00,payments,ap-south,2025.01,656.1,0.011485,247.76,1362.85
evt-payments-ap-south-000025,2025-01-02 01:00:00+00:00,2025-01-02 01:05:00+00:00,payments,ap-south,2025.01,676.65,0.013791,260.64,1305.09
evt-payments-ap-south-000026,2025-01-02 02:00:00+00:00,2025-01-02 02:05:00+00:00,payments,ap-south,2025.01,760.08,0.011993,248.2,1577.89
evt-payments-ap-south-000027,2025-01-02 03:00:00+00:00,2025-01-02 03:05:00+00:00,payments,ap-south,2025.01,751.5,0.007946,240.62,1485.55
evt-payments-ap-south-000028,2025-01-02 04:00:00+00:00,2025-01-02 04:05:00+00:00,payments,ap-south,2025.01,838.58,0.012432,238.12,1694.83
evt-payments-ap-south-000029,2025-01-02 05:00:00+00:00,2025-01-02 05:05:00+00:00,payments,ap-south,2025.01,839.59,0.011684,244.98,1743.49
evt-payments-ap-south-000030,2025-01-02 06:00:00+00:00,2025-01-02 06:05:00+00:00,payments,ap-south,2025.01,834.45,0.009376,238.34,1681.74
evt-payments-ap-south-000031,2025-01-02 07:00:00+00:00,2025-01-02 07:05:00+00:00,payments,ap-south,2025.01,874.88,0.011227,258.48,1807.4
evt-payments-ap-south-000032,2025-01-02 08:00:00+00:00,2025-01-02 08:05:00+00:00,payments,ap-south,2025.01,922.43,0.010244,228.87,1916.21
evt-payments-ap-south-000033,2025-01-02 09:00:00+00:00,2025-01-02 09:05:00+00:00,payments,ap-south,2025.01,1139.72,0.011867,224.78,2368.38
evt-payments-ap-south-000034,2025-01-02 10:00:00+00:00,2025-01-02 10:05:00+00:00,payments,ap-south,2025.01,1106.42,0.008514,234.01,2320.5
evt-payments-ap-south-000035,2025-01-02 11:00:00+00:00,2025-01-02 11:05:00+00:00,payments,ap-south,2025.01,1220.22,0.014168,227.81,2526.04
evt-payments-ap-south-000036,2025-01-02 12:00:00+00:00,2025-01-02 12:05:00+00:00,payments,ap-south,2025.01,1255.78,0.009519,243.24,2567.65
evt-payments-ap-south-000037,2025-01-02 13:00:00+00:00,2025-01-02 13:05:00+00:00,payments,ap-south,2025.01,1362.58,0.012264,223.31,2708.93
evt-payments-ap-south-000038,2025-01-02 14:00:00+00:00,2025-01-02 14:05:00+00:00,payments,ap-south,2025.01,1386.68,0.00725,216.96,2910.44
evt-payments-ap-south-000039,2025-01-02 15:00:00+00:00,2025-01-02 15:05:00+00:00,payments,ap-south,2025.01,1318.19,0.011261,213.96,2718.16
evt-payments-ap-south-000040,2025-01-02 16:00:00+00:00,2025-01-02 16:05:00+00:00,payments,ap-south,2025.01,1271.62,0.010655,230.38,2727.09
evt-payments-ap-south-000041,2025-01-02 17:00:00+00:00,2025-01-02 17:05:00+00:00,payments,ap-south,2025.01,1118.76,0.014107,232.95,2269.34
evt-payments-ap-south-000042,2025-01-02 18:00:00+00:00,2025-01-02 18:05:00+00:00,payments,ap-south,2025.01,1063.46,0.011059,238.06,2179.78
evt-payments-ap-south-000043,2025-01-02 19:00:00+00:00,2025-01-02 19:05:00+00:00,payments,ap-south,2025.01,980.94,0.013209,247.05,2104.05
evt-payments-ap-south-000044,2025-01-02 20:00:00+00:00,2025-01-02 20:05:00+00:00,payments,ap-south,2025.01,824.1,0.012726,244.15,1697.16
evt-payments-ap-south-000045,2025-01-02 21:00:00+00:00,2025-01-02 21:05:00+00:00,payments,ap-south,2025.01,640.51,0.010092,247.3,1342.31
evt-payments-ap-south-000046,2025-01-02 22:00:00+00:00,2025-01-02 22:05:00+00:00,payments,ap-south,2025.01,675.49,0.013309,240.52,1405.02
evt-payments-ap-south-000047,2025-01-02 23:00:00+00:00,2025-01-02 23:05:00+00:00,payments,ap-south,2025.01,621.78,0.013193,259.12,1255.9
evt-payments-ap-south-000048,2025-01-03 00:00:00+00:00,2025-01-03 00:05:00+00:00,payments,ap-south,2025.01,629.72,0.011777,253.87,1258.69
evt-payments-ap-south-000049,2025-01-03 01:00:00+00:00,2025-01-03 01:05:00+00:00,payments,ap-south,2025.01,718.26,0.010802,240.11,1403.49
evt-payments-ap-south-000050,2025-01-03 02:00:00+00:00,2025-01-03 02:05:00+00:00,payments,ap-south,2025.01,710.01,0.010677,249.04,1393.37
evt-payments-ap-south-000051,2025-01-03 03:00:00+00:00,2025-01-03 03:05:00+00:00,payments,ap-south,2025.01,728.87,0.013336,247.71,1475.86
evt-payments-ap-south-000052,2025-01-03 04:00:00+00:00,2025-01-03 04:05:00+00:00,payments,ap-south,2025.01,788.98,0.009688,231.51,1623.84
evt-payments-ap-south-000053,2025-01-03 05:00:00+00:00,2025-01-03 05:05:00+00:00,payments,ap-south,2025.01,813.53,0.013651,254.37,1758.43
evt-payments-ap-south-000054,2025-01-03 06:00:00+00:00,2025-01-03 06:05:00+00:00,payments,ap-south,2025.01,926.22,0.010044,245.75,1953.5
evt-payments-ap-south-000055,2025-01-03 07:00:00+00:00,2025-01-03 07:05:00+00:00,payments,ap-south,2025.01,901.72,0.01039,232.65,1813.16
evt-payments-ap-south-000056,2025-01-03 08:00:00+00:00,2025-01-03 08:05:00+00:00,payments,ap-south,2025.01,985.15,0.008982,233.14,2007.0
evt-payments-ap-south-000057,2025-01-03 09:00:00+00:00,2025-01-03 09:05:00+00:00,payments,ap-south,2025.01,1018.58,0.014045,242.28,2087.62
evt-payments-ap-south-000058,2025-01-03 10:00:00+00:00,2025-01-03 10:05:00+00:00,payments,ap-south,2025.01,1121.92,0.008708,255.3,2337.49
evt-payments-ap-south-000059,2025-01-03 11:00:00+00:00,2025-01-03 11:05:00+00:00,payments,ap-south,2025.01,1270.39,0.00982,237.1,2578.92
evt-payments-ap-south-000060,2025-01-03 12:00:00+00:00,2025-01-03 12:05:00+00:00,payments,ap-south,2025.01,1271.61,0.011809,235.36,2636.87
evt-payments-ap-south-000061,2025-01-03 13:00:00+00:00,2025-01-03 13:05:00+00:00,payments,ap-south,2025.01,1321.96,0.013992,231.69,2627.44
evt-payments-ap-south-000062,2025-01-03 14:00:00+00:00,2025-01-03 14:05:00+00:00,payments,ap-south,2025.01,1289.15,0.013029,236.8,2746.15
evt-payments-ap-south-000063,2025-01-03 15:00:00+00:00,2025-01-03 15:05:00+00:00,payments,ap-south,2025.01,1300.73,0.009749,230.64,2833.15
evt-payments-ap-south-000064,2025-01-03 16:00:00+00:00,2025-01-03 16:05:00+00:00,payments,ap-south,2025.01,1256.42,0.012591,253.23,2611.52
evt-payments-ap-south-000065,2025-01-03 17:00:00+00:00,2025-01-03 17:05:00+00:00,payments,ap-south,2025.01,1142.3,0.011475,228.11,2389.72
evt-payments-ap-south-000066,2025-01-03 18:00:00+00:00,2025-01-03 18:05:00+00:00,payments,ap-south,2025.01,999.09,0.012155,228.65,2074.67
evt-payments-ap-south-000067,2025-01-03 19:00:00+00:00,2025-01-03 19:05:00+00:00,payments,ap-south,2025.01,954.24,0.010051,246.64,1944.63
evt-payments-ap-south-000068,2025-01-03 20:00:00+00:00,2025-01-03 20:05:00+00:00,payments,ap-south,2025.01,774.8,0.013241,250.49,1586.73
evt-payments-ap-south-000069,2025-01-03 21:00:00+00:00,2025-01-03 21:05:00+00:00,payments,ap-south,2025.01,720.29,0.009752,254.37,1477.31
evt-payments-ap-south-000070,2025-01-03 22:00:00+00:00,2025-01-03 22:05:00+00:00,payments,ap-south,2025.01,637.66,0.010048,264.59,1330.0
evt-payments-ap-south-000071,2025-01-03 23:00:00+00:00,2025-01-03 23:05:00+00:00,payments,ap-south,2025.01,578.72,0.011314,258.31,1178.63
evt-payments-ap-south-000072,2025-01-04 00:00:00+00:00,2025-01-04 00:05:00+00:00,payments,ap-south,2025.01,408.78,0.013158,242.47,830.9
evt-payments-ap-south-000073,2025-01-04 01:00:00+00:00,2025-01-04 01:05:00+00:00,payments,ap-south,2025.01,504.66,0.011081,243.78,1039.99
evt-payments-ap-south-000074,2025-01-04 02:00:00+00:00,2025-01-04 02:05:00+00:00,payments,ap-south,2025.01,581.7,0.009427,239.94,1259.96
evt-payments-ap-south-000075,2025-01-04 03:00:00+00:00,2025-01-04 03:05:00+00:00,payments,ap-south,2025.01,659.08,0.011576,242.76,1328.53
evt-payments-ap-south-000076,2025-01-04 04:00:00+00:00,2025-01-04 04:05:00+00:00,payments,ap-south,2025.01,586.7,0.012545,244.65,1238.24
evt-payments-ap-south-000077,2025-01-04 05:00:00+00:00,2025-01-04 05:05:00+00:00,payments,ap-south,2025.01,681.36,0.012778,245.56,1416.45
evt-payments-ap-south-000078,2025-01-04 06:00:00+00:00,2025-01-04 06:05:00+00:00,payments,ap-south,2025.01,695.76,0.011586,240.06,1456.88
evt-payments-ap-south-000079,2025-01-04 07:00:00+00:00,2025-01-04 07:05:00+00:00,payments,ap-south,2025.01,754.08,0.007813,248.14,1562.73
evt-payments-ap-south-000080,2025-01-04 08:00:00+00:00,2025-01-04 08:05:00+00:00,payments,ap-south,2025.01,797.16,0.013074,247.92,1657.19
evt-payments-ap-south-000081,2025-01-04 09:00:00+00:00,2025-01-04 09:05:00+00:00,payments,ap-south,2025.01,844.61,0.006361,232.19,1705.33
evt-payments-ap-south-000082,2025-01-04 10:00:00+00:00,2025-01-04 10:05:00+00:00,payments,ap-south,2025.01,963.89,0.01052,229.33,1987.47
evt-payments-ap-south-000083,2025-01-04 11:00:00+00:00,2025-01-04 11:05:00+00:00,payments,ap-south,2025.01,967.53,0.006978,223.83,2007.15
evt-payments-ap-south-000084,2025-01-04 12:00:00+00:00,2025-01-04 12:05:00+00:00,payments,ap-south,2025.01,1003.18,0.009694,235.08,2020.46
evt-payments-ap-south-000085,2025-01-04 13:00:00+00:00,2025-01-04 13:05:00+00:00,payments,ap-south,2025.01,1034.84,0.010057,233.08,2160.87
evt-payments-ap-south-000086,2025-01-04 14:00:00+00:00,2025-01-04 14:05:00+00:00,payments,ap-south,2025.01,1133.18,0.012196,237.85,2379.5
evt-payments-ap-south-000087,2025-01-04 15:00:00+00:00,2025-01-04 15:05:00+00:00,payments,ap-south,2025.01,1065.65,0.010745,229.85,2130.91
evt-payments-ap-south-000088,2025-01-04 16:00:00+00:00,2025-01-04 16:05:00+00:00,payments,ap-south,2025.01,1019.66,0.008604,248.01,2152.26
evt-payments-ap-south-000089,2025-01-04 17:00:00+00:00,2025-01-04 17:05:00+00:00,payments,ap-south,2025.01,1019.29,0.011125,226.9,2130.34
evt-payments-ap-south-000090,2025-01-04 18:00:00+00:00,2025-01-04 18:05:00+00:00,payments,ap-south,2025.01,873.6,0.010671,243.29,1793.98
evt-payments-ap-south-000091,2025-01-04 19:00:00+00:00,2025-01-04 19:05:00+00:00,payments,ap-south,2025.01,757.41,0.009304,243.26,1546.97
evt-payments-ap-south-000092,2025-01-04 20:00:00+00:00,2025-01-04 20:05:00+00:00,payments,ap-south,2025.01,619.3,0.015375,227.17,1273.33
evt-payments-ap-south-000093,2025-01-04 21:00:00+00:00,2025-01-04 21:05:00+00:00,payments,ap-south,2025.01,603.11,0.014578,245.84,1218.36
evt-payments-ap-south-000094,2025-01-04 22:00:00+00:00,2025-01-04 22:05:00+00:00,payments,ap-south,2025.01,566.91,0.009232,246.27,1211.93
evt-payments-ap-south-000095,2025-01-04 23:00:00+00:00,2025-01-04 23:05:00+00:00,payments,ap-south,2025.01,468.28,0.01282,245.11,982.78
evt-payments-ap-south-000096,2025-01-05 00:00:00+00:00,2025-01-05 00:05:00+00:00,payments,ap-south,2025.01,573.73,0.015784,276.56,1163.46
evt-payments-ap-south-000097,2025-01-05 01:00:00+00:00,2025-01-05 01:05:00+00:00,payments,ap-south,2025.01,510.85,0.012743,247.83,1052.17
evt-payments-ap-south-000098,2025-01-05 02:00:00+00:00,2025-01-05 02:05:00+00:00,payments,ap-south,2025.01,607.04,0.012153,246.9,1258.96
evt-payments-ap-south-000099,2025-01-05 03:00:00+00:00,2025-01-05 03:05:00+00:00,payments,ap-south,2025.01,594.21,0.015309,264.57,1218.0
evt-payments-ap-south-000100,2025-01-05 04:00:00+00:00,2025-01-05 04:05:00+00:00,payments,ap-south,2025.01,650.53,0.0115,259.84,1329.23
evt-payments-ap-south-000101,2025-01-05 05:00:00+00:00,2025-01-05 05:05:00+00:00,payments,ap-south,2025.01,616.5,0.010882,245.3,1258.55
evt-payments-ap-south-000102,2025-01-05 06:00:00+00:00,2025-01-05 06:05:00+00:00,payments,ap-south,2025.01,705.44,0.009327,228.2,1475.0
evt-payments-ap-south-000103,2025-01-05 07:00:00+00:00,2025-01-05 07:05:00+00:00,payments,ap-south,2025.01,770.64,0.008822,244.69,1514.52
evt-payments-ap-south-000104,2025-01-05 08:00:00+00:00,2025-01-05 08:05:00+00:00,payments,ap-south,2025.01,739.9,0.012416,238.62,1512.51
evt-payments-ap-south-000105,2025-01-05 09:00:00+00:00,2025-01-05 09:05:00+00:00,payments,ap-south,2025.01,843.98,0.011705,224.36,1772.63
evt-payments-ap-south-000106,2025-01-05 10:00:00+00:00,2025-01-05 10:05:00+00:00,payments,ap-south,2025.01,862.99,0.010305,226.65,1700.99
evt-payments-ap-south-000107,2025-01-05 11:00:00+00:00,2025-01-05 11:05:00+00:00,payments,ap-south,2025.01,942.63,0.009196,243.78,1935.67
evt-payments-ap-south-000108,2025-01-05 12:00:00+00:00,2025-01-05 12:05:00+00:00,payments,ap-south,2025.01,1070.01,0.011632,234.26,2244.47
evt-payments-ap-south-000109,2025-01-05 13:00:00+00:00,2025-01-05 13:05:00+00:00,payments,ap-south,2025.01,1141.64,0.012775,227.93,2278.48
evt-payments-ap-south-000110,2025-01-05 14:00:00+00:00,2025-01-05 14:05:00+00:00,payments,ap-south,2025.01,1080.97,0.013197,235.01,2199.6
evt-payments-ap-south-000111,2025-01-05 15:00:00+00:00,2025-01-05 15:05:00+00:00,payments,ap-south,2025.01,1062.93,0.013299,222.69,2285.34
evt-payments-ap-south-000112,2025-01-05 16:00:00+00:00,2025-01-05 16:05:00+00:00,payments,ap-south,2025.01,1064.89,0.013408,215.56,2138.87
evt-payments-ap-south-000113,2025-01-05 17:00:00+00:00,2025-01-05 17:05:00+00:00,payments,ap-south,2025.01,881.42,0.010986,214.83,1762.27
evt-payments-ap-south-000114,2025-01-05 18:00:00+00:00,2025-01-05 18:05:00+00:00,payments,ap-south,2025.01,843.76,0.012005,230.09,1693.99
evt-payments-ap-south-000115,2025-01-05 19:00:00+00:00,2025-01-05 19:05:00+00:00,payments,ap-south,2025.01,825.71,0.011425,234.83,1634.88
evt-payments-ap-south-000116,2025-01-05 20:00:00+00:00,2025-01-05 20:05:00+00:00,payments,ap-south,2025.01,631.0,0.010436,241.19,1314.36
evt-payments-ap-south-000117,2025-01-05 21:00:00+00:00,2025-01-05 21:05:00+00:00,payments,ap-south,2025.01,536.13,0.009781,257.87,1139.84
evt-payments-ap-south-000118,2025-01-05 22:00:00+00:00,2025-01-05 22:05:00+00:00,payments,ap-south,2025.01,562.08,0.015811,266.63,1144.88
evt-payments-ap-south-000119,2025-01-05 23:00:00+00:00,2025-01-05 23:05:00+00:00,payments,ap-south,2025.01,466.26,0.011783,254.16,928.33
evt-payments-ap-south-000120,2025-01-06 00:00:00+00:00,2025-01-06 00:05:00+00:00,payments,ap-south,2025.01,614.85,0.01237,231.97,1246.54
evt-payments-ap-south-000121,2025-01-06 01:00:00+00:00,2025-01-06 01:05:00+00:00,payments,ap-south,2025.01,656.96,0.0106,254.4,1387.93
evt-payments-ap-south-000122,2025-01-06 02:00:00+00:00,2025-01-06 02:05:00+00:00,payments,ap-south,2025.01,711.25,0.009726,256.98,1411.96
evt-payments-ap-south-000123,2025-01-06 03:00:00+00:00,2025-01-06 03:05:00+00:00,payments,ap-south,2025.01,705.68,0.011458,254.41,1410.8
evt-payments-ap-south-000124,2025-01-06 04:00:00+00:00,2025-01-06 04:05:00+00:00,payments,ap-south,2025.01,810.79,0.011778,247.6,1659.85
evt-payments-ap-south-000125,2025-01-06 05:00:00+00:00,2025-01-06 05:05:00+00:00,payments,ap-south,2025.01,805.06,0.010667,232.45,1634.52
evt-payments-ap-south-000126,2025-01-06 06:00:00+00:00,2025-01-06 06:05:00+00:00,payments,ap-south,2025.01,932.59,0.010391,252.48,1814.68
evt-payments-ap-south-000127,2025-01-06 07:00:00+00:00,2025-01-06 07:05:00+00:00,payments,ap-south,2025.01,934.69,0.012325,245.52,1912.78
evt-payments-ap-south-000128,2025-01-06 08:00:00+00:00,2025-01-06 08:05:00+00:00,payments,ap-south,2025.01,916.39,0.01236,244.7,1861.17
evt-payments-ap-south-000129,2025-01-06 09:00:00+00:00,2025-01-06 09:05:00+00:00,payments,ap-south,2025.01,1088.64,0.014457,253.57,2343.51
evt-payments-ap-south-000130,2025-01-06 10:00:00+00:00,2025-01-06 10:05:00+00:00,payments,ap-south,2025.01,1166.95,0.011044,239.54,2392.69
evt-payments-ap-south-000131,2025-01-06 11:00:00+00:00,2025-01-06 11:05:00+00:00,payments,ap-south,2025.01,1224.01,0.009017,236.3,2494.07
evt-payments-ap-south-000132,2025-01-06 12:00:00+00:00,2025-01-06 12:05:00+00:00,payments,ap-south,2025.01,1292.65,0.010167,227.87,2614.04
evt-payments-ap-south-000133,2025-01-06 13:00:00+00:00,2025-01-06 13:05:00+00:00,payments,ap-south,2025.01,1344.86,0.008328,232.57,2819.86
evt-payments-ap-south-000134,2025-01-06 14:00:00+00:00,2025-01-06 14:05:00+00:00,payments,ap-south,2025.01,1349.4,0.006577,244.64,2684.71
evt-payments-ap-south-000135,2025-01-06 15:00:00+00:00,2025-01-06 15:05:00+00:00,payments,ap-south,2025.01,1413.45,0.008727,226.18,2919.26
evt-payments-ap-south-000136,2025-01-06 16:00:00+00:00,2025-01-06 16:05:00+00:00,payments,ap-south,2025.01,1344.72,0.009191,216.74,2779.01
evt-payments-ap-south-000137,2025-01-06 17:00:00+00:00,2025-01-06 17:05:00+00:00,payments,ap-south,2025.01,1153.34,0.007607,228.26,2389.62
evt-payments-ap-south-000138,2025-01-06 18:00:00+00:00,2025-01-06 18:05:00+00:00,payments,ap-south,2025.01,1015.47,0.009063,240.72,2030.56
evt-payments-ap-south-000139,2025-01-06 19:00:00+00:00,2025-01-06 19:05:00+00:00,payments,ap-south,2025.01,915.14,0.012637,245.67,1798.02
evt-payments-ap-south-000140,2025-01-06 20:00:00+00:00,2025-01-06 20:05:00+00:00,payments,ap-south,2025.01,841.51,0.011406,244.65,1765.82
evt-payments-ap-south-000141,2025-01-06 21:00:00+00:00,2025-01-06 21:05:00+00:00,payments,ap-south,2025.01,723.32,0.010277,254.42,1563.85
evt-payments-ap-south-000142,2025-01-06 22:00:00+00:00,2025-01-06 22:05:00+00:00,payments,ap-south,2025.01,637.38,0.016212,245.64,1292.83
evt-payments-ap-south-000143,2025-01-06 23:00:00+00:00,2025-01-06 23:05:00+00:00,payments,ap-south,2025.01,634.44,0.012225,245.15,1263.94
evt-payments-ap-south-000144,2025-01-07 00:00:00+00:00,2025-01-07 00:05:00+00:00,payments,ap-south,2025.01,618.96,0.01122,258.94,1234.64
evt-payments-ap-south-000145,2025-01-07 01:00:00+00:00,2025-01-07 01:05:00+00:00,payments,ap-south,2025.01,681.72,0.012708,255.28,1415.56
evt-payments-ap-south-000146,2025-01-07 02:00:00+00:00,2025-01-07 02:05:00+00:00,payments,ap-south,2025.01,757.78,0.010262,246.3,1535.46
evt-payments-ap-south-000147,2025-01-07 03:00:00+00:00,2025-01-07 03:05:00+00:00,payments,ap-south,2025.01,711.66,0.010012,225.38,1509.4
evt-payments-ap-south-000148,2025-01-07 04:00:00+00:00,2025-01-07 04:05:00+00:00,payments,ap-south,2025.01,834.18,0.010663,255.06,1750.7
evt-payments-ap-south-000149,2025-01-07 05:00:00+00:00,2025-01-07 05:05:00+00:00,payments,ap-south,2025.01,835.59,0.012451,229.67,1706.12
evt-payments-ap-south-000150,2025-01-07 06:00:00+00:00,2025-01-07 06:05:00+00:00,payments,ap-south,2025.01,897.47,0.014718,252.4,1802.37
evt-payments-ap-south-000151,2025-01-07 07:00:00+00:00,2025-01-07 07:05:00+00:00,payments,ap-south,2025.01,952.18,0.009107,237.66,1926.47
evt-payments-ap-south-000152,2025-01-07 08:00:00+00:00,2025-01-07 08:05:00+00:00,payments,ap-south,2025.01,994.12,0.014042,230.75,2032.97
evt-payments-ap-south-000153,2025-01-07 09:00:00+00:00,2025-01-07 09:05:00+00:00,payments,ap-south,2025.01,1071.25,0.010613,223.62,2296.35
evt-payments-ap-south-000154,2025-01-07 10:00:00+00:00,2025-01-07 10:05:00+00:00,payments,ap-south,2025.01,1154.07,0.008565,241.16,2291.41
evt-payments-ap-south-000155,2025-01-07 11:00:00+00:00,2025-01-07 11:05:00+00:00,payments,ap-south,2025.01,1215.16,0.010399,232.5,2579.02
evt-payments-ap-south-000156,2025-01-07 12:00:00+00:00,2025-01-07 12:05:00+00:00,payments,ap-south,2025.01,1222.68,0.006777,228.49,2477.07
evt-payments-ap-south-000157,2025-01-07 13:00:00+00:00,2025-01-07 13:05:00+00:00,payments,ap-south,2025.01,1268.3,0.010859,227.83,2517.39
evt-payments-ap-south-000158,2025-01-07 14:00:00+00:00,2025-01-07 14:05:00+00:00,payments,ap-south,2025.01,1369.02,0.010309,232.33,2802.98
evt-payments-ap-south-000159,2025-01-07 15:00:00+00:00,2025-01-07 15:05:00+00:00,payments,ap-south,2025.01,1289.91,0.010155,232.82,2718.52
evt-payments-ap-south-000160,2025-01-07 16:00:00+00:00,2025-01-07 16:05:00+00:00,payments,ap-south,2025.01,1294.66,0.012948,234.45,2682.72
evt-payments-ap-south-000161,2025-01-07 17:00:00+00:00,2025-01-07 17:05:00+00:00,payments,ap-south,2025.01,1194.78,0.009418,216.27,2496.26
evt-payments-ap-south-000162,2025-01-07 18:00:00+00:00,2025-01-07 18:05:00+00:00,payments,ap-south,2025.01,995.06,0.009409,239.5,2066.08
evt-payments-ap-south-000163,2025-01-07 19:00:00+00:00,2025-01-07 19:05:00+00:00,payments,ap-south,2025.01,912.4,0.010657,235.29,1844.12
evt-payments-ap-south-000164,2025-01-07 20:00:00+00:00,2025-01-07 20:05:00+00:00,payments,ap-south,2025.01,775.3,0.009081,231.43,1496.47
evt-payments-ap-south-000165,2025-01-07 21:00:00+00:00,2025-01-07 21:05:00+00:00,payments,ap-south,2025.01,677.86,0.013436,239.44,1394.43
evt-payments-ap-south-000166,2025-01-07 22:00:00+00:00,2025-01-07 22:05:00+00:00,payments,ap-south,2025.01,636.6,0.009613,244.47,1338.73
evt-payments-ap-south-000167,2025-01-07 23:00:00+00:00,2025-01-07 23:05:00+00:00,payments,ap-south,2025.01,619.24,0.014294,242.98,1281.14
evt-payments-ap-south-000168,2025-01-08 00:00:00+00:00,2025-01-08 00:05:00+00:00,payments,ap-south,2025.01,604.9,0.010602,265.4,1246.6
evt-payments-ap-south-000169,2025-01-08 01:00:00+00:00,2025-01-08 01:05:00+00:00,payments,ap-south,2025.01,731.15,0.009407,261.39,1509.2
evt-payments-ap-south-000170,2025-01-08 02:00:00+00:00,2025-01-08 02:05:00+00:00,payments,ap-south,2025.01,697.65,0.011553,260.23,1408.98
evt-payments-ap-south-000171,2025-01-08 03:00:00+00:00,2025-01-08 03:05:00+00:00,payments,ap-south,2025.01,709.87,0.009266,251.58,1463.23
evt-payments-ap-south-000172,2025-01-08 04:00:00+00:00,2025-01-08 04:05:00+00:00,payments,ap-south,2025.01,791.58,0.013036,239.78,1649.16
evt-payments-ap-south-000173,2025-01-08 05:00:00+00:00,2025-01-08 05:05:00+00:00,payments,ap-south,2025.01,864.42,0.012908,245.35,1816.13
evt-payments-ap-south-000174,2025-01-08 06:00:00+00:00,2025-01-08 06:05:00+00:00,payments,ap-south,2025.01,836.24,0.010596,248.88,1782.73
evt-payments-ap-south-000175,2025-01-08 07:00:00+00:00,2025-01-08 07:05:00+00:00,payments,ap-south,2025.01,939.28,0.01264,260.3,1842.69
evt-payments-ap-south-000176,2025-01-08 08:00:00+00:00,2025-01-08 08:05:00+00:00,payments,ap-south,2025.01,959.59,0.011484,237.48,1918.58
evt-payments-ap-south-000177,2025-01-08 09:00:00+00:00,2025-01-08 09:05:00+00:00,payments,ap-south,2025.01,1055.32,0.011646,227.14,2164.12
evt-payments-ap-south-000178,2025-01-08 10:00:00+00:00,2025-01-08 10:05:00+00:00,payments,ap-south,2025.01,1092.73,0.011133,231.64,2189.16
evt-payments-ap-south-000179,2025-01-08 11:00:00+00:00,2025-01-08 11:05:00+00:00,payments,ap-south,2025.01,1184.14,0.01046,227.88,2374.13
evt-payments-ap-south-000180,2025-01-08 12:00:00+00:00,2025-01-08 12:05:00+00:00,payments,ap-south,2025.01,1310.51,0.008022,214.16,2632.51
evt-payments-ap-south-000181,2025-01-08 13:00:00+00:00,2025-01-08 13:05:00+00:00,payments,ap-south,2025.01,1279.39,0.012693,232.31,2666.13
evt-payments-ap-south-000182,2025-01-08 14:00:00+00:00,2025-01-08 14:05:00+00:00,payments,ap-south,2025.01,1335.39,0.007392,232.33,2762.86
evt-payments-ap-south-000183,2025-01-08 15:00:00+00:00,2025-01-08 15:05:00+00:00,payments,ap-south,2025.01,1264.51,0.009544,219.43,2686.42
evt-payments-ap-south-000184,2025-01-08 16:00:00+00:00,2025-01-08 16:05:00+00:00,payments,ap-south,2025.01,1257.18,0.009542,241.83,2552.74
evt-payments-ap-south-000185,2025-01-08 17:00:00+00:00,2025-01-08 17:05:00+00:00,payments,ap-south,2025.01,1148.21,0.011752,236.24,2280.89
evt-payments-ap-south-000186,2025-01-08 18:00:00+00:00,2025-01-08 18:05:00+00:00,payments,ap-south,2025.01,1055.89,0.009906,229.49,2081.8
evt-payments-ap-south-000187,2025-01-08 19:00:00+00:00,2025-01-08 19:05:00+00:00,payments,ap-south,2025.01,944.63,0.011243,257.83,1922.83
evt-payments-ap-south-000188,2025-01-08 20:00:00+00:00,2025-01-08 20:05:00+00:00,payments,ap-south,2025.01,775.23,0.011448,249.41,1550.7
evt-payments-ap-south-000189,2025-01-08 21:00:00+00:00,2025-01-08 21:05:00+00:00,payments,ap-south,2025.01,719.44,0.010422,253.51,1432.98
evt-payments-ap-south-000190,2025-01-08 22:00:00+00:00,2025-01-08 22:05:00+00:00,payments,ap-south,2025.01,637.65,0.014797,253.22,1338.95
evt-payments-ap-south-000191,2025-01-08 23:00:00+00:00,2025-01-08 23:05:00+00:00,payments,ap-south,2025.01,661.57,0.014131,257.16,1410.73
evt-payments-ap-south-000192,2025-01-09 00:00:00+00:00,2025-01-09 00:05:00+00:00,payments,ap-south,2025.01,675.89,0.013634,249.65,1422.2
evt-payments-ap-south-000193,2025-01-09 01:00:00+00:00,2025-01-09 01:05:00+00:00,payments,ap-south,2025.01,696.78,0.010672,253.91,1407.8
evt-payments-ap-south-000194,2025-01-09 02:00:00+00:00,2025-01-09 02:05:00+00:00,payments,ap-south,2025.01,742.83,0.015146,243.64,1562.33
evt-payments-ap-south-000195,2025-01-09 03:00:00+00:00,2025-01-09 03:05:00+00:00,payments,ap-south,2025.01,701.11,0.01451,247.39,1485.63
evt-payments-ap-south-000196,2025-01-09 04:00:00+00:00,2025-01-09 04:05:00+00:00,payments,ap-south,2025.01,723.39,0.013129,226.45,1409.05
evt-payments-ap-south-000197,2025-01-09 05:00:00+00:00,2025-01-09 05:05:00+00:00,payments,ap-south,2025.01,827.65,0.011501,240.11,1728.8
evt-payments-ap-south-000198,2025-01-09 06:00:00+00:00,2025-01-09 06:05:00+00:00,payments,ap-south,2025.01,903.28,0.010954,221.92,1885.49
evt-payments-ap-south-000199,2025-01-09 07:00:00+00:00,2025-01-09 07:05:00+00:00,payments,ap-south,2025.01,1018.83,0.01231,233.9,2167.54
evt-payments-ap-south-000200,2025-01-09 08:00:00+00:00,2025-01-09 08:05:00+00:00,payments,ap-south,2025.01,1005.88,0.011001,251.9,2008.61
evt-payments-ap-south-000201,2025-01-09 09:00:00+00:00,2025-01-09 09:05:00+00:00,payments,ap-south,2025.01,1066.17,0.010813,223.6,2178.76
evt-payments-ap-south-000202,2025-01-09 10:00:00+00:00,2025-01-09 10:05:00+00:00,payments,ap-south,2025.01,1138.06,0.009794,234.54,2284.4
evt-payments-ap-south-000203,2025-01-09 11:00:00+00:00,2025-01-09 11:05:00+00:00,payments,ap-south,2025.01,1210.87,0.006578,242.0,2484.39
evt-payments-ap-south-000204,2025-01-09 12:00:00+00:00,2025-01-09 12:05:00+00:00,payments,ap-south,2025.01,1283.8,0.007676,239.27,2657.83
evt-payments-ap-south-000205,2025-01-09 13:00:00+00:00,2025-01-09 13:05:00+00:00,payments,ap-south,2025.01,1295.69,0.011095,230.89,2573.85
evt-payments-ap-south-000206,2025-01-09 14:00:00+00:00,2025-01-09 14:05:00+00:00,payments,ap-south,2025.01,1380.91,0.008921,213.01,2847.79
evt-payments-ap-south-000207,2025-01-09 15:00:00+00:00,2025-01-09 15:05:00+00:00,payments,ap-south,2025.01,1338.17,0.00979,221.39,2840.67
evt-payments-ap-south-000208,2025-01-09 16:00:00+00:00,2025-01-09 16:05:00+00:00,payments,ap-south,2025.01,1296.6,0.010709,224.24,2665.1
evt-payments-ap-south-000209,2025-01-09 17:00:00+00:00,2025-01-09 17:05:00+00:00,payments,ap-south,2025.01,1178.45,0.01003,234.65,2347.21
evt-payments-ap-south-000210,2025-01-09 18:00:00+00:00,2025-01-09 18:05:00+00:00,payments,ap-south,2025.01,1026.58,0.011363,229.47,2041.83
evt-payments-ap-south-000211,2025-01-09 19:00:00+00:00,2025-01-09 19:05:00+00:00,payments,ap-south,2025.01,990.33,0.009402,243.96,2020.49
evt-payments-ap-south-000212,2025-01-09 20:00:00+00:00,2025-01-09 20:05:00+00:00,payments,ap-south,2025.01,858.97,0.01145,249.95,1733.4
evt-payments-ap-south-000213,2025-01-09 21:00:00+00:00,2025-01-09 21:05:00+00:00,payments,ap-south,2025.01,697.95,0.015341,241.02,1430.04
evt-payments-ap-south-000214,2025-01-09 22:00:00+00:00,2025-01-09 22:05:00+00:00,payments,ap-south,2025.01,657.42,0.012561,248.03,1339.87
evt-payments-ap-south-000215,2025-01-09 23:00:00+00:00,2025-01-09 23:05:00+00:00,payments,ap-south,2025.01,662.5,0.012929,257.56,1361.53
evt-payments-ap-south-000216,2025-01-10 00:00:00+00:00,2025-01-10 00:05:00+00:00,payments,ap-south,2025.01,642.79,0.008853,242.71,1348.35
evt-payments-ap-south-000217,2025-01-10 01:00:00+00:00,2025-01-10 01:05:00+00:00,payments,ap-south,2025.01,665.61,0.011593,238.44,1355.47
evt-payments-ap-south-000218,2025-01-10 02:00:00+00:00,2025-01-10 02:05:00+00:00,payments,ap-south,2025.01,697.09,0.011014,258.14,1429.78
evt-payments-ap-south-000219,2025-01-10 03:00:00+00:00,2025-01-10 03:05:00+00:00,payments,ap-south,2025.01,738.24,0.011583,254.1,1554.08
evt-payments-ap-south-000220,2025-01-10 04:00:00+00:00,2025-01-10 04:05:00+00:00,payments,ap-south,2025.01,789.95,0.010541,257.41,1613.07
evt-payments-ap-south-000221,2025-01-10 05:00:00+00:00,2025-01-10 05:05:00+00:00,payments,ap-south,2025.01,878.13,0.010503,250.51,1829.4
evt-payments-ap-south-000222,2025-01-10 06:00:00+00:00,2025-01-10 06:05:00+00:00,payments,ap-south,2025.01,915.33,0.010005,232.04,1904.7
evt-payments-ap-south-000223,2025-01-10 07:00:00+00:00,2025-01-10 07:05:00+00:00,payments,ap-south,2025.01,951.18,0.01223,256.9,1874.12
evt-payments-ap-south-000224,2025-01-10 08:00:00+00:00,2025-01-10 08:05:00+00:00,payments,ap-south,2025.01,1016.21,0.013321,250.77,2065.57
evt-payments-ap-south-000225,2025-01-10 09:00:00+00:00,2025-01-10 09:05:00+00:00,payments,ap-south,2025.01,1004.27,0.011381,224.35,1958.12
evt-payments-ap-south-000226,2025-01-10 10:00:00+00:00,2025-01-10 10:05:00+00:00,payments,ap-south,2025.01,1121.26,0.011114,231.92,2348.23
evt-payments-ap-south-000227,2025-01-10 11:00:00+00:00,2025-01-10 11:05:00+00:00,payments,ap-south,2025.01,1119.82,0.012357,231.26,2343.6
evt-payments-ap-south-000228,2025-01-10 12:00:00+00:00,2025-01-10 12:05:00+00:00,payments,ap-south,2025.01,1299.34,0.011477,227.94,2648.84
evt-payments-ap-south-000229,2025-01-10 13:00:00+00:00,2025-01-10 13:05:00+00:00,payments,ap-south,2025.01,1366.49,0.010272,230.49,2829.69
evt-payments-ap-south-000230,2025-01-10 14:00:00+00:00,2025-01-10 14:05:00+00:00,payments,ap-south,2025.01,1306.46,0.008213,243.07,2649.59
evt-payments-ap-south-000231,2025-01-10 15:00:00+00:00,2025-01-10 15:05:00+00:00,payments,ap-south,2025.01,1295.53,0.00945,232.84,2659.13
evt-payments-ap-south-000232,2025-01-10 16:00:00+00:00,2025-01-10 16:05:00+00:00,payments,ap-south,2025.01,1291.44,0.012951,236.83,2704.33
evt-payments-ap-south-000233,2025-01-10 17:00:00+00:00,2025-01-10 17:05:00+00:00,payments,ap-south,2025.01,1156.49,0.011962,224.59,2437.83
evt-payments-ap-south-000234,2025-01-10 18:00:00+00:00,2025-01-10 18:05:00+00:00,payments,ap-south,2025.01,994.95,0.009183,227.05,1988.72
evt-payments-ap-south-000235,2025-01-10 19:00:00+00:00,2025-01-10 19:05:00+00:00,payments,ap-south,2025.01,865.28,0.009244,251.35,1762.4
evt-payments-ap-south-000236,2025-01-10 20:00:00+00:00,2025-01-10 20:05:00+00:00,payments,ap-south,2025.01,804.34,0.011097,234.98,1643.71
evt-payments-ap-south-000237,2025-01-10 21:00:00+00:00,2025-01-10 21:05:00+00:00,payments,ap-south,2025.01,746.52,0.01167,243.74,1544.01
evt-payments-ap-south-000238,2025-01-10 22:00:00+00:00,2025-01-10 22:05:00+00:00,payments,ap-south,2025.01,661.14,0.014361,247.41,1443.67
evt-payments-ap-south-000239,2025-01-10 23:00:00+00:00,2025-01-10 23:05:00+00:00,payments,ap-south,2025.01,654.48,0.01148,264.18,1305.49
evt-payments-ap-south-000240,2025-01-11 00:00:00+00:00,2025-01-11 00:05:00+00:00,payments,ap-south,2025.01,558.95,0.010582,257.43,1185.94
evt-payments-ap-south-000241,2025-01-11 01:00:00+00:00,2025-01-11 01:05:00+00:00,payments,ap-south,2025.01,545.62,0.011094,257.67,1118.41
evt-payments-ap-south-000242,2025-01-11 02:00:00+00:00,2025-01-11 02:05:00+00:00,payments,ap-south,2025.01,544.7,0.011443,256.23,1102.25
evt-payments-ap-south-000243,2025-01-11 03:00:00+00:00,2025-01-11 03:05:00+00:00,payments,ap-south,2025.01,577.08,0.01297,241.98,1202.72
evt-payments-ap-south-000244,2025-01-11 04:00:00+00:00,2025-01-11 04:05:00+00:00,payments,ap-south,2025.01,724.5,0.011566,241.95,1514.6
evt-payments-ap-south-000245,2025-01-11 05:00:00+00:00,2025-01-11 05:05:00+00:00,payments,ap-south,2025.01,716.98,0.007808,229.2,1450.99
evt-payments-ap-south-000246,2025-01-11 06:00:00+00:00,2025-01-11 06:05:00+00:00,payments,ap-south,2025.01,703.16,0.008902,236.53,1452.09
evt-payments-ap-south-000247,2025-01-11 07:00:00+00:00,2025-01-11 07:05:00+00:00,payments,ap-south,2025.01,730.05,0.011049,236.29,1427.76
evt-payments-ap-south-000248,2025-01-11 08:00:00+00:00,2025-01-11 08:05:00+00:00,payments,ap-south,2025.01,781.69,0.010274,244.44,1597.9
evt-payments-ap-south-000249,2025-01-11 09:00:00+00:00,2025-01-11 09:05:00+00:00,payments,ap-south,2025.01,840.95,0.011341,236.67,1694.95
evt-payments-ap-south-000250,2025-01-11 10:00:00+00:00,2025-01-11 10:05:00+00:00,payments,ap-south,2025.01,921.94,0.010678,227.72,1907.79
evt-payments-ap-south-000251,2025-01-11 11:00:00+00:00,2025-01-11 11:05:00+00:00,payments,ap-south,2025.01,1002.23,0.011254,219.03,2059.89
evt-payments-ap-south-000252,2025-01-11 12:00:00+00:00,2025-01-11 12:05:00+00:00,payments,ap-south,2025.01,1031.9,0.007972,222.54,2161.62
evt-payments-ap-south-000253,2025-01-11 13:00:00+00:00,2025-01-11 13:05:00+00:00,payments,ap-south,2025.01,1108.14,0.009068,216.8,2335.52
evt-payments-ap-south-000254,2025-01-11 14:00:00+00:00,2025-01-11 14:05:00+00:00,payments,ap-south,2025.01,1214.98,0.012253,223.75,2458.75
evt-payments-ap-south-000255,2025-01-11 15:00:00+00:00,2025-01-11 15:05:00+00:00,payments,ap-south,2025.01,1103.7,0.010386,232.83,2216.42
evt-payments-ap-south-000256,2025-01-11 16:00:00+00:00,2025-01-11 16:05:00+00:00,payments,ap-south,2025.01,1050.99,0.011901,228.66,2236.92
evt-payments-ap-south-000257,2025-01-11 17:00:00+00:00,2025-01-11 17:05:00+00:00,payments,ap-south,2025.01,913.55,0.011872,241.68,1868.1
evt-payments-ap-south-000258,2025-01-11 18:00:00+00:00,2025-01-11 18:05:00+00:00,payments,ap-south,2025.01,826.85,0.011036,229.91,1660.33
evt-payments-ap-south-000259,2025-01-11 19:00:00+00:00,2025-01-11 19:05:00+00:00,payments,ap-south,2025.01,781.3,0.008372,232.39,1586.54
evt-payments-ap-south-000260,2025-01-11 20:00:00+00:00,2025-01-11 20:05:00+00:00,payments,ap-south,2025.01,659.95,0.011147,257.03,1391.09
evt-payments-ap-south-000261,2025-01-11 21:00:00+00:00,2025-01-11 21:05:00+00:00,payments,ap-south,2025.01,591.23,0.01245,257.49,1177.36
evt-payments-ap-south-000262,2025-01-11 22:00:00+00:00,2025-01-11 22:05:00+00:00,payments,ap-south,2025.01,553.59,0.012516,256.44,1162.55
evt-payments-ap-south-000263,2025-01-11 23:00:00+00:00,2025-01-11 23:05:00+00:00,payments,ap-south,2025.01,460.49,0.009865,260.32,950.98
evt-payments-ap-south-000264,2025-01-12 00:00:00+00:00,2025-01-12 00:05:00+00:00,payments,ap-south,2025.01,539.09,0.010319,245.97,1117.76
evt-payments-ap-south-000265,2025-01-12 01:00:00+00:00,2025-01-12 01:05:00+00:00,payments,ap-south,2025.01,517.11,0.010825,260.96,1088.82
evt-payments-ap-south-000266,2025-01-12 02:00:00+00:00,2025-01-12 02:05:00+00:00,payments,ap-south,2025.01,554.74,0.012694,232.36,1119.53
evt-payments-ap-south-000267,2025-01-12 03:00:00+00:00,2025-01-12 03:05:00+00:00,payments,ap-south,2025.01,648.71,0.013555,259.92,1342.49
evt-payments-ap-south-000268,2025-01-12 04:00:00+00:00,2025-01-12 04:05:00+00:00,payments,ap-south,2025.01,649.32,0.011018,233.97,1347.94
evt-payments-ap-south-000269,2025-01-12 05:00:00+00:00,2025-01-12 05:05:00+00:00,payments,ap-south,2025.01,729.59,0.011668,229.28,1430.65
evt-payments-ap-south-000270,2025-01-12 06:00:00+00:00,2025-01-12 06:05:00+00:00,payments,ap-south,2025.01,697.95,0.010386,236.59,1395.17
evt-payments-ap-south-000271,2025-01-12 07:00:00+00:00,2025-01-12 07:05:00+00:00,payments,ap-south,2025.01,746.93,0.00834,234.94,1503.9
evt-payments-ap-south-000272,2025-01-12 08:00:00+00:00,2025-01-12 08:05:00+00:00,payments,ap-south,2025.01,758.69,0.009814,235.27,1516.17
evt-payments-ap-south-000273,2025-01-12 09:00:00+00:00,2025-01-12 09:05:00+00:00,payments,ap-south,2025.01,921.99,0.012378,238.31,1877.1
evt-payments-ap-south-000274,2025-01-12 10:00:00+00:00,2025-01-12 10:05:00+00:00,payments,ap-south,2025.01,932.51,0.011161,242.67,1957.07
evt-payments-ap-south-000275,2025-01-12 11:00:00+00:00,2025-01-12 11:05:00+00:00,payments,ap-south,2025.01,1008.43,0.012056,224.56,2048.96
evt-payments-ap-south-000276,2025-01-12 12:00:00+00:00,2025-01-12 12:05:00+00:00,payments,ap-south,2025.01,1069.18,0.010419,210.9,2154.24
evt-payments-ap-south-000277,2025-01-12 13:00:00+00:00,2025-01-12 13:05:00+00:00,payments,ap-south,2025.01,1123.0,0.011351,232.41,2356.05
evt-payments-ap-south-000278,2025-01-12 14:00:00+00:00,2025-01-12 14:05:00+00:00,payments,ap-south,2025.01,1119.42,0.013211,213.41,2253.43
evt-payments-ap-south-000279,2025-01-12 15:00:00+00:00,2025-01-12 15:05:00+00:00,payments,ap-south,2025.01,1008.37,0.013536,239.03,2079.42
evt-payments-ap-south-000280,2025-01-12 16:00:00+00:00,2025-01-12 16:05:00+00:00,payments,ap-south,2025.01,1001.27,0.011505,231.42,1952.25
evt-payments-ap-south-000281,2025-01-12 17:00:00+00:00,2025-01-12 17:05:00+00:00,payments,ap-south,2025.01,916.08,0.010304,250.15,1829.3
evt-payments-ap-south-000282,2025-01-12 18:00:00+00:00,2025-01-12 18:05:00+00:00,payments,ap-south,2025.01,840.78,0.012232,240.49,1811.65
evt-payments-ap-south-000283,2025-01-12 19:00:00+00:00,2025-01-12 19:05:00+00:00,payments,ap-south,2025.01,752.93,0.010367,255.83,1483.22
evt-payments-ap-south-000284,2025-01-12 20:00:00+00:00,2025-01-12 20:05:00+00:00,payments,ap-south,2025.01,530.77,0.013169,251.19,1066.46
evt-payments-ap-south-000285,2025-01-12 21:00:00+00:00,2025-01-12 21:05:00+00:00,payments,ap-south,2025.01,632.35,0.01202,257.1,1309.63
evt-payments-ap-south-000286,2025-01-12 22:00:00+00:00,2025-01-12 22:05:00+00:00,payments,ap-south,2025.01,561.79,0.010964,248.21,1134.22
evt-payments-ap-south-000287,2025-01-12 23:00:00+00:00,2025-01-12 23:05:00+00:00,payments,ap-south,2025.01,482.07,0.015257,246.72,1040.01
evt-payments-ap-south-000288,2025-01-13 00:00:00+00:00,2025-01-13 00:05:00+00:00,payments,ap-south,2025.01,685.05,0.013844,243.73,1383.74
evt-payments-ap-south-000289,2025-01-13 01:00:00+00:00,2025-01-13 01:05:00+00:00,payments,ap-south,2025.01,712.13,0.012738,262.21,1449.37
evt-payments-ap-south-000290,2025-01-13 02:00:00+00:00,2025-01-13 02:05:00+00:00,payments,ap-south,2025.01,760.72,0.008792,258.68,1539.28
evt-payments-ap-south-000291,2025-01-13 03:00:00+00:00,2025-01-13 03:05:00+00:00,payments,ap-south,2025.01,806.43,0.011995,242.86,1572.49
evt-payments-ap-south-000292,2025-01-13 04:00:00+00:00,2025-01-13 04:05:00+00:00,payments,ap-south,2025.01,842.11,0.010454,253.51,1696.39
evt-payments-ap-south-000293,2025-01-13 05:00:00+00:00,2025-01-13 05:05:00+00:00,payments,ap-south,2025.01,911.27,0.008,250.43,1832.14
evt-payments-ap-south-000294,2025-01-13 06:00:00+00:00,2025-01-13 06:05:00+00:00,payments,ap-south,2025.01,887.05,0.011241,233.86,1821.69
evt-payments-ap-south-000295,2025-01-13 07:00:00+00:00,2025-01-13 07:05:00+00:00,payments,ap-south,2025.01,875.81,0.010556,247.48,1818.0
evt-payments-ap-south-000296,2025-01-13 08:00:00+00:00,2025-01-13 08:05:00+00:00,payments,ap-south,2025.01,914.35,0.009746,243.9,1949.16
evt-payments-ap-south-000297,2025-01-13 09:00:00+00:00,2025-01-13 09:05:00+00:00,payments,ap-south,2025.01,1076.12,0.011238,243.04,2273.37
evt-payments-ap-south-000298,2025-01-13 10:00:00+00:00,2025-01-13 10:05:00+00:00,payments,ap-south,2025.01,1125.64,0.011261,248.1,2320.21
evt-payments-ap-south-000299,2025-01-13 11:00:00+00:00,2025-01-13 11:05:00+00:00,payments,ap-south,2025.01,1199.47,0.010585,238.02,2435.34
evt-payments-ap-south-000300,2025-01-13 12:00:00+00:00,2025-01-13 12:05:00+00:00,payments,ap-south,2025.01,1254.03,0.010306,232.27,2519.72
evt-payments-ap-south-000301,2025-01-13 13:00:00+00:00,2025-01-13 13:05:00+00:00,payments,ap-south,2025.01,1389.31,0.012203,234.96,2855.38
evt-payments-ap-south-000302,2025-01-13 14:00:00+00:00,2025-01-13 14:05:00+00:00,payments,ap-south,2025.01,1278.12,0.011079,229.56,2666.46
evt-payments-ap-south-000303,2025-01-13 15:00:00+00:00,2025-01-13 15:05:00+00:00,payments,ap-south,2025.01,1280.66,0.008663,243.44,2536.8
evt-payments-ap-south-000304,2025-01-13 16:00:00+00:00,2025-01-13 16:05:00+00:00,payments,ap-south,2025.01,1276.62,0.009484,230.74,2550.08
evt-payments-ap-south-000305,2025-01-13 17:00:00+00:00,2025-01-13 17:05:00+00:00,payments,ap-south,2025.01,1150.56,0.008166,240.3,2372.67
evt-payments-ap-south-000306,2025-01-13 18:00:00+00:00,2025-01-13 18:05:00+00:00,payments,ap-south,2025.01,1061.88,0.011928,242.66,2156.91
evt-payments-ap-south-000307,2025-01-13 19:00:00+00:00,2025-01-13 19:05:00+00:00,payments,ap-south,2025.01,869.97,0.010551,235.16,1842.55
evt-payments-ap-south-000308,2025-01-13 20:00:00+00:00,2025-01-13 20:05:00+00:00,payments,ap-south,2025.01,849.23,0.013682,248.37,1727.13
evt-payments-ap-south-000309,2025-01-13 21:00:00+00:00,2025-01-13 21:05:00+00:00,payments,ap-south,2025.01,685.1,0.013876,234.36,1364.85
evt-payments-ap-south-000310,2025-01-13 22:00:00+00:00,2025-01-13 22:05:00+00:00,payments,ap-south,2025.01,687.41,0.012097,259.76,1437.78
evt-payments-ap-south-000311,2025-01-13 23:00:00+00:00,2025-01-13 23:05:00+00:00,payments,ap-south,2025.01,589.74,0.01502,250.86,1252.68
evt-payments-ap-south-000312,2025-01-14 00:00:00+00:00,2025-01-14 00:05:00+00:00,payments,ap-south,2025.01,591.22,0.00936,248.62,1167.48
evt-payments-ap-south-000313,2025-01-14 01:00:00+00:00,2025-01-14 01:05:00+00:00,payments,ap-south,2025.01,702.45,0.012887,252.88,1417.7
evt-payments-ap-south-000314,2025-01-14 02:00:00+00:00,2025-01-14 02:05:00+00:00,payments,ap-south,2025.01,715.28,0.011698,260.39,1462.6
evt-payments-ap-south-000315,2025-01-14 03:00:00+00:00,2025-01-14 03:05:00+00:00,payments,ap-south,2025.01,753.23,0.010601,239.99,1506.91
evt-payments-ap-south-000316,2025-01-14 04:00:00+00:00,2025-01-14 04:05:00+00:00,payments,ap-south,2025.01,809.38,0.012917,248.1,1696.97
evt-payments-ap-south-000317,2025-01-14 05:00:00+00:00,2025-01-14 05:05:00+00:00,payments,ap-south,2025.01,901.23,0.010395,248.8,1864.93
evt-payments-ap-south-000318,2025-01-14 06:00:00+00:00,2025-01-14 06:05:00+00:00,payments,ap-south,2025.01,841.89,0.009739,248.9,1738.19
evt-payments-ap-south-000319,2025-01-14 07:00:00+00:00,2025-01-14 07:05:00+00:00,payments,ap-south,2025.01,940.85,0.015144,244.98,1967.86
evt-payments-ap-south-000320,2025-01-14 08:00:00+00:00,2025-01-14 08:05:00+00:00,payments,ap-south,2025.01,991.24,0.011891,234.94,2183.04
evt-payments-ap-south-000321,2025-01-14 09:00:00+00:00,2025-01-14 09:05:00+00:00,payments,ap-south,2025.01,1045.93,0.011235,234.23,2186.04
evt-payments-ap-south-000322,2025-01-14 10:00:00+00:00,2025-01-14 10:05:00+00:00,payments,ap-south,2025.01,1119.9,0.011563,221.86,2319.99
evt-payments-ap-south-000323,2025-01-14 11:00:00+00:00,2025-01-14 11:05:00+00:00,payments,ap-south,2025.01,1139.44,0.008315,225.48,2364.48
evt-payments-ap-south-000324,2025-01-14 12:00:00+00:00,2025-01-14 12:05:00+00:00,payments,ap-south,2025.01,1257.4,0.010959,225.8,2749.22
evt-payments-ap-south-000325,2025-01-14 13:00:00+00:00,2025-01-14 13:05:00+00:00,payments,ap-south,2025.01,1317.22,0.011201,224.13,2834.71
evt-payments-ap-south-000326,2025-01-14 14:00:00+00:00,2025-01-14 14:05:00+00:00,payments,ap-south,2025.01,1372.26,0.008863,223.69,2897.86
evt-payments-ap-south-000327,2025-01-14 15:00:00+00:00,2025-01-14 15:05:00+00:00,payments,ap-south,2025.01,1324.46,0.008533,222.07,2708.55
evt-payments-ap-south-000328,2025-01-14 16:00:00+00:00,2025-01-14 16:05:00+00:00,payments,ap-south,2025.01,1217.54,0.010366,229.72,2513.61
evt-payments-ap-south-000329,2025-01-14 17:00:00+00:00,2025-01-14 17:05:00+00:00,payments,ap-south,2025.01,1167.35,0.010823,227.49,2481.19
evt-payments-ap-south-000330,2025-01-14 18:00:00+00:00,2025-01-14 18:05:00+00:00,payments,ap-south,2025.01,996.79,0.010455,230.53,2086.69
evt-payments-ap-south-000331,2025-01-14 19:00:00+00:00,2025-01-14 19:05:00+00:00,payments,ap-south,2025.01,908.45,0.013283,235.13,1867.63
evt-payments-ap-south-000332,2025-01-14 20:00:00+00:00,2025-01-14 20:05:00+00:00,payments,ap-south,2025.01,851.17,0.01377,250.72,1707.82
evt-payments-ap-south-000333,2025-01-14 21:00:00+00:00,2025-01-14 21:05:00+00:00,payments,ap-south,2025.01,709.24,0.012205,244.85,1484.55
evt-payments-ap-south-000334,2025-01-14 22:00:00+00:00,2025-01-14 22:05:00+00:00,payments,ap-south,2025.01,662.26,0.01179,255.52,1361.51
evt-payments-ap-south-000335,2025-01-14 23:00:00+00:00,2025-01-14 23:05:00+00:00,payments,ap-south,2025.01,630.74,0.012067,258.81,1246.96
evt-payments-eu-west-000000,2025-01-01 00:00:00+00:00,2025-01-01 00:05:00+00:00,payments,eu-west,2025.01,951.94,0.014501,230.91,1919.92
evt-payments-eu-west-000001,2025-01-01 01:00:00+00:00,2025-01-01 01:05:00+00:00,payments,eu-west,2025.01,825.91,0.010285,221.5,1663.83
evt-payments-eu-west-000002,2025-01-01 02:00:00+00:00,2025-01-01 02:05:00+00:00,payments,eu-west,2025.01,971.91,0.010621,233.43,1922.47
evt-payments-eu-west-000003,2025-01-01 03:00:00+00:00,2025-01-01 03:05:00+00:00,payments,eu-west,2025.01,976.61,0.012119,218.81,1927.0
evt-payments-eu-west-000004,2025-01-01 04:00:00+00:00,2025-01-01 04:05:00+00:00,payments,eu-west,2025.01,1026.37,0.01464,224.68,2023.4
evt-payments-eu-west-000005,2025-01-01 05:00:00+00:00,2025-01-01 05:05:00+00:00,payments,eu-west,2025.01,1082.21,0.01147,214.16,2237.38
evt-payments-eu-west-000006,2025-01-01 06:00:00+00:00,2025-01-01 06:05:00+00:00,payments,eu-west,2025.01,1168.08,0.013765,220.15,2360.69
evt-payments-eu-west-000007,2025-01-01 07:00:00+00:00,2025-01-01 07:05:00+00:00,payments,eu-west,2025.01,1207.18,0.0105,228.11,2489.91
evt-payments-eu-west-000008,2025-01-01 08:00:00+00:00,2025-01-01 08:05:00+00:00,payments,eu-west,2025.01,1279.99,0.009451,207.93,2591.81
evt-payments-eu-west-000009,2025-01-01 09:00:00+00:00,2025-01-01 09:05:00+00:00,payments,eu-west,2025.01,1426.08,0.010093,210.95,2887.85
evt-payments-eu-west-000010,2025-01-01 10:00:00+00:00,2025-01-01 10:05:00+00:00,payments,eu-west,2025.01,1475.39,0.009909,205.59,2985.16
evt-payments-eu-west-000011,2025-01-01 11:00:00+00:00,2025-01-01 11:05:00+00:00,payments,eu-west,2025.01,1568.34,0.009541,192.95,3317.57
evt-payments-eu-west-000012,2025-01-01 12:00:00+00:00,2025-01-01 12:05:00+00:00,payments,eu-west,2025.01,1695.39,0.009969,209.69,3391.78
evt-payments-eu-west-000013,2025-01-01 13:00:00+00:00,2025-01-01 13:05:00+00:00,payments,eu-west,2025.01,1713.8,0.012137,217.55,3468.49
evt-payments-eu-west-000014,2025-01-01 14:00:00+00:00,2025-01-01 14:05:00+00:00,payments,eu-west,2025.01,1838.83,0.008075,215.46,3831.16
evt-payments-eu-west-000015,2025-01-01 15:00:00+00:00,2025-01-01 15:05:00+00:00,payments,eu-west,2025.01,1650.35,0.011427,211.86,3406.33
evt-payments-eu-west-000016,2025-01-01 16:00:00+00:00,2025-01-01 16:05:00+00:00,payments,eu-west,2025.01,1651.04,0.010893,196.9,3459.33
evt-payments-eu-west-000017,2025-01-01 17:00:00+00:00,2025-01-01 17:05:00+00:00,payments,eu-west,2025.01,1506.71,0.011615,220.24,3129.8
evt-payments-eu-west-000018,2025-01-01 18:00:00+00:00,2025-01-01 18:05:00+00:00,payments,eu-west,2025.01,1276.28,0.012134,205.21,2749.05
evt-payments-eu-west-000019,2025-01-01 19:00:00+00:00,2025-01-01 19:05:00+00:00,payments,eu-west,2025.01,1201.12,0.011245,197.61,2399.35
evt-payments-eu-west-000020,2025-01-01 20:00:00+00:00,2025-01-01 20:05:00+00:00,payments,eu-west,2025.01,1089.51,0.011337,227.17,2187.36
evt-payments-eu-west-000021,2025-01-01 21:00:00+00:00,2025-01-01 21:05:00+00:00,payments,eu-west,2025.01,999.78,0.010598,228.64,2005.56
evt-payments-eu-west-000022,2025-01-01 22:00:00+00:00,2025-01-01 22:05:00+00:00,payments,eu-west,2025.01,824.64,0.01258,221.64,1731.06
evt-payments-eu-west-000023,2025-01-01 23:00:00+00:00,2025-01-01 23:05:00+00:00,payments,eu-west,2025.01,797.91,0.009476,223.58,1650.54
evt-payments-eu-west-000024,2025-01-02 00:00:00+00:00,2025-01-02 00:05:00+00:00,payments,eu-west,2025.01,751.51,0.012004,224.86,1496.75
evt-payments-eu-west-000025,2025-01-02 01:00:00+00:00,2025-01-02 01:05:00+00:00,payments,eu-west,2025.01,884.24,0.010827,227.93,1741.01
evt-payments-eu-west-000026,2025-01-02 02:00:00+00:00,2025-01-02 02:05:00+00:00,payments,eu-west,2025.01,942.78,0.011962,226.51,1889.12
evt-payments-eu-west-000027,2025-01-02 03:00:00+00:00,2025-01-02 03:05:00+00:00,payments,eu-west,2025.01,984.41,0.010553,224.53,1970.59
evt-payments-eu-west-000028,2025-01-02 04:00:00+00:00,2025-01-02 04:05:00+00:00,payments,eu-west,2025.01,972.84,0.007727,224.08,2032.49
evt-payments-eu-west-000029,2025-01-02 05:00:00+00:00,2025-01-02 05:05:00+00:00,payments,eu-west,2025.01,1071.15,0.011175,230.94,2145.74
evt-payments-eu-west-000030,2025-01-02 06:00:00+00:00,2025-01-02 06:05:00+00:00,payments,eu-west,2025.01,1089.9,0.012173,210.97,2193.32
evt-payments-eu-west-000031,2025-01-02 07:00:00+00:00,2025-01-02 07:05:00+00:00,payments,eu-west,2025.01,1146.53,0.011225,226.0,2327.2
evt-payments-eu-west-000032,2025-01-02 08:00:00+00:00,2025-01-02 08:05:00+00:00,payments,eu-west,2025.01,1271.69,0.008863,222.88,2655.52
evt-payments-eu-west-000033,2025-01-02 09:00:00+00:00,2025-01-02 09:05:00+00:00,payments,eu-west,2025.01,1410.91,0.010654,208.72,2972.7
evt-payments-eu-west-000034,2025-01-02 10:00:00+00:00,2025-01-02 10:05:00+00:00,payments,eu-west,2025.01,1367.37,0.007213,221.53,2685.39
evt-payments-eu-west-000035,2025-01-02 11:00:00+00:00,2025-01-02 11:05:00+00:00,payments,eu-west,2025.01,1582.59,0.008658,195.55,3190.45
evt-payments-eu-west-000036,2025-01-02 12:00:00+00:00,2025-01-02 12:05:00+00:00,payments,eu-west,2025.01,1601.51,0.011659,203.01,3176.59
evt-payments-eu-west-000037,2025-01-02 13:00:00+00:00,2025-01-02 13:05:00+00:00,payments,eu-west,2025.01,1761.24,0.010917,221.56,3548.17
evt-payments-eu-west-000038,2025-01-02 14:00:00+00:00,2025-01-02 14:05:00+00:00,payments,eu-west,2025.01,1774.51,0.008001,201.31,3659.46
evt-payments-eu-west-000039,2025-01-02 15:00:00+00:00,2025-01-02 15:05:00+00:00,payments,eu-west,2025.01,1703.53,0.009296,203.96,3525.25
evt-payments-eu-west-000040,2025-01-02 16:00:00+00:00,2025-01-02 16:05:00+00:00,payments,eu-west,2025.01,1695.99,0.010417,211.86,3475.68
evt-payments-eu-west-000041,2025-01-02 17:00:00+00:00,2025-01-02 17:05:00+00:00,payments,eu-west,2025.01,1534.07,0.009309,200.6,3052.32
evt-payments-eu-west-000042,2025-01-02 18:00:00+00:00,2025-01-02 18:05:00+00:00,payments,eu-west,2025.01,1361.95,0.009007,225.93,2812.19
evt-payments-eu-west-000043,2025-01-02 19:00:00+00:00,2025-01-02 19:05:00+00:00,payments,eu-west,2025.01,1193.44,0.011011,208.96,2422.22
evt-payments-eu-west-000044,2025-01-02 20:00:00+00:00,2025-01-02 20:05:00+00:00,payments,eu-west,2025.01,1031.92,0.009475,220.9,2115.11
evt-payments-eu-west-000045,2025-01-02 21:00:00+00:00,2025-01-02 21:05:00+00:00,payments,eu-west,2025.01,945.01,0.010861,210.8,1969.58
evt-payments-eu-west-000046,2025-01-02 22:00:00+00:00,2025-01-02 22:05:00+00:00,payments,eu-west,2025.01,886.77,0.012872,224.71,1750.7
evt-payments-eu-west-000047,2025-01-02 23:00:00+00:00,2025-01-02 23:05:00+00:00,payments,eu-west,2025.01,796.47,0.011167,239.05,1592.24
evt-payments-eu-west-000048,2025-01-03 00:00:00+00:00,2025-01-03 00:05:00+00:00,payments,eu-west,2025.01,845.64,0.013198,228.79,1725.39
evt-payments-eu-west-000049,2025-01-03 01:00:00+00:00,2025-01-03 01:05:00+00:00,payments,eu-west,2025.01,919.68,0.010596,217.73,1882.74
evt-payments-eu-west-000050,2025-01-03 02:00:00+00:00,2025-01-03 02:05:00+00:00,payments,eu-west,2025.01,1010.17,0.01143,215.67,2089.42
evt-payments-eu-west-000051,2025-01-03 03:00:00+00:00,2025-01-03 03:05:00+00:00,payments,eu-west,2025.01,963.91,0.010895,215.11,1953.92
evt-payments-eu-west-000052,2025-01-03 04:00:00+00:00,2025-01-03 04:05:00+00:00,payments,eu-west,2025.01,1064.37,0.010039,222.48,2127.26
evt-payments-eu-west-000053,2025-01-03 05:00:00+00:00,2025-01-03 05:05:00+00:00,payments,eu-west,2025.01,1093.81,0.011867,229.28,2228.12
evt-payments-eu-west-000054,2025-01-03 06:00:00+00:00,2025-01-03 06:05:00+00:00,payments,eu-west,2025.01,1171.78,0.010119,213.03,2481.02
evt-payments-eu-west-000055,2025-01-03 07:00:00+00:00,2025-01-03 07:05:00+00:00,payments,eu-west,2025.01,1173.15,0.010913,210.49,2431.33
evt-payments-eu-west-000056,2025-01-03 08:00:00+00:00,2025-01-03 08:05:00+00:00,payments,eu-west,2025.01,1257.19,0.011286,210.66,2498.77
evt-payments-eu-west-000057,2025-01-03 09:00:00+00:00,2025-01-03 09:05:00+00:00,payments,eu-west,2025.01,1387.85,0.012198,201.27,2874.93
evt-payments-eu-west-000058,2025-01-03 10:00:00+00:00,2025-01-03 10:05:00+00:00,payments,eu-west,2025.01,1499.58,0.007463,202.34,3026.32
evt-payments-eu-west-000059,2025-01-03 11:00:00+00:00,2025-01-03 11:05:00+00:00,payments,eu-west,2025.01,1559.89,0.011075,198.39,3184.08
evt-payments-eu-west-000060,2025-01-03 12:00:00+00:00,2025-01-03 12:05:00+00:00,payments,eu-west,2025.01,1606.27,0.010202,210.03,3317.42
evt-payments-eu-west-000061,2025-01-03 13:00:00+00:00,2025-01-03 13:05:00+00:00,payments,eu-west,2025.01,1716.23,0.011976,195.31,3489.89
evt-payments-eu-west-000062,2025-01-03 14:00:00+00:00,2025-01-03 14:05:00+00:00,payments,eu-west,2025.01,1670.82,0.008242,208.61,3489.52
evt-payments-eu-west-000063,2025-01-03 15:00:00+00:00,2025-01-03 15:05:00+00:00,payments,eu-west,2025.01,1694.03,0.009065,213.78,3435.6
evt-payments-eu-west-000064,2025-01-03 16:00:00+00:00,2025-01-03 16:05:00+00:00,payments,eu-west,2025.01,1729.88,0.008902,207.54,3545.79
evt-payments-eu-west-000065,2025-01-03 17:00:00+00:00,2025-01-03 17:05:00+00:00,payments,eu-west,2025.01,1440.19,0.011562,210.93,2824.34
evt-payments-eu-west-000066,2025-01-03 18:00:00+00:00,2025-01-03 18:05:00+00:00,payments,eu-west,2025.01,1316.73,0.009899,199.73,2673.08
evt-payments-eu-west-000067,2025-01-03 19:00:00+00:00,2025-01-03 19:05:00+00:00,payments,eu-west,2025.01,1229.67,0.011865,212.68,2463.32
evt-payments-eu-west-000068,2025-01-03 20:00:00+00:00,2025-01-03 20:05:00+00:00,payments,eu-west,2025.01,997.72,0.009626,210.4,1938.42
evt-payments-eu-west-000069,2025-01-03 21:00:00+00:00,2025-01-03 21:05:00+00:00,payments,eu-west,2025.01,997.09,0.013138,229.31,2000.83
evt-payments-eu-west-000070,2025-01-03 22:00:00+00:00,2025-01-03 22:05:00+00:00,payments,eu-west,2025.01,870.48,0.013197,247.67,1852.13
evt-payments-eu-west-000071,2025-01-03 23:00:00+00:00,2025-01-03 23:05:00+00:00,payments,eu-west,2025.01,838.82,0.009365,227.14,1775.76
evt-payments-eu-west-000072,2025-01-04 00:00:00+00:00,2025-01-04 00:05:00+00:00,payments,eu-west,2025.01,638.44,0.009183,227.44,1301.23
evt-payments-eu-west-000073,2025-01-04 01:00:00+00:00,2025-01-04 01:05:00+00:00,payments,eu-west,2025.01,802.08,0.010552,231.56,1688.18
evt-payments-eu-west-000074,2025-01-04 02:00:00+00:00,2025-01-04 02:05:00+00:00,payments,eu-west,2025.01,780.13,0.0109,222.62,1617.7
evt-payments-eu-west-000075,2025-01-04 03:00:00+00:00,2025-01-04 03:05:00+00:00,payments,eu-west,2025.01,822.26,0.013806,230.22,1642.14
evt-payments-eu-west-000076,2025-01-04 04:00:00+00:00,2025-01-04 04:05:00+00:00,payments,eu-west,2025.01,880.21,0.012589,215.64,1843.27
evt-payments-eu-west-000077,2025-01-04 05:00:00+00:00,2025-01-04 05:05:00+00:00,payments,eu-west,2025.01,831.65,0.012277,203.46,1673.19
evt-payments-eu-west-000078,2025-01-04 06:00:00+00:00,2025-01-04 06:05:00+00:00,payments,eu-west,2025.01,972.16,0.0109,223.41,2018.79
evt-payments-eu-west-000079,2025-01-04 07:00:00+00:00,2025-01-04 07:05:00+00:00,payments,eu-west,2025.01,955.14,0.010367,225.2,1906.1
evt-payments-eu-west-000080,2025-01-04 08:00:00+00:00,2025-01-04 08:05:00+00:00,payments,eu-west,2025.01,1025.07,0.012968,209.96,2118.65
evt-payments-eu-west-000081,2025-01-04 09:00:00+00:00,2025-01-04 09:05:00+00:00,payments,eu-west,2025.01,1154.75,0.008222,229.85,2329.8
evt-payments-eu-west-000082,2025-01-04 10:00:00+00:00,2025-01-04 10:05:00+00:00,payments,eu-west,2025.01,1219.15,0.010541,224.21,2498.06
evt-payments-eu-west-000083,2025-01-04 11:00:00+00:00,2025-01-04 11:05:00+00:00,payments,eu-west,2025.01,1204.9,0.010257,213.8,2445.41
evt-payments-eu-west-000084,2025-01-04 12:00:00+00:00,2025-01-04 12:05:00+00:00,payments,eu-west,2025.01,1343.06,0.00941,208.08,2656.42
evt-payments-eu-west-000085,2025-01-04 13:00:00+00:00,2025-01-04 13:05:00+00:00,payments,eu-west,2025.01,1318.34,0.008733,206.28,2741.05
evt-payments-eu-west-000086,2025-01-04 14:00:00+00:00,2025-01-04 14:05:00+00:00,payments,eu-west,2025.01,1414.32,0.009172,204.08,2938.5
evt-payments-eu-west-000087,2025-01-04 15:00:00+00:00,2025-01-04 15:05:00+00:00,payments,eu-west,2025.01,1437.0,0.012189,206.14,3008.1
evt-payments-eu-west-000088,2025-01-04 16:00:00+00:00,2025-01-04 16:05:00+00:00,payments,eu-west,2025.01,1377.85,0.009063,215.74,2733.14
evt-payments-eu-west-000089,2025-01-04 17:00:00+00:00,2025-01-04 17:05:00+00:00,payments,eu-west,2025.01,1206.75,0.010799,213.96,2437.69
evt-payments-eu-west-000090,2025-01-04 18:00:00+00:00,2025-01-04 18:05:00+00:00,payments,eu-west,2025.01,1072.69,0.010476,206.07,2217.07
evt-payments-eu-west-000091,2025-01-04 19:00:00+00:00,2025-01-04 19:05:00+00:00,payments,eu-west,2025.01,967.5,0.010841,222.62,2057.05
evt-payments-eu-west-000092,2025-01-04 20:00:00+00:00,2025-01-04 20:05:00+00:00,payments,eu-west,2025.01,813.38,0.010381,206.05,1600.58
evt-payments-eu-west-000093,2025-01-04 21:00:00+00:00,2025-01-04 21:05:00+00:00,payments,eu-west,2025.01,838.38,0.010885,215.94,1697.79
evt-payments-eu-west-000094,2025-01-04 22:00:00+00:00,2025-01-04 22:05:00+00:00,payments,eu-west,2025.01,678.29,0.014433,229.9,1387.41
evt-payments-eu-west-000095,2025-01-04 23:00:00+00:00,2025-01-04 23:05:00+00:00,payments,eu-west,2025.01,700.46,0.013045,233.9,1469.98
evt-payments-eu-west-000096,2025-01-05 00:00:00+00:00,2025-01-05 00:05:00+00:00,payments,eu-west,2025.01,712.6,0.011464,241.02,1492.64
evt-payments-eu-west-000097,2025-01-05 01:00:00+00:00,2025-01-05 01:05:00+00:00,payments,eu-west,2025.01,789.02,0.012346,234.39,1621.71
evt-payments-eu-west-000098,2025-01-05 02:00:00+00:00,2025-01-05 02:05:00+00:00,payments,eu-west,2025.01,816.07,0.012817,219.12,1680.42
evt-payments-eu-west-000099,2025-01-05 03:00:00+00:00,2025-01-05 03:05:00+00:00,payments,eu-west,2025.01,723.17,0.013589,233.05,1480.39
evt-payments-eu-west-000100,2025-01-05 04:00:00+00:00,2025-01-05 04:05:00+00:00,payments,eu-west,2025.01,976.54,0.012084,230.64,2012.38
evt-payments-eu-west-000101,2025-01-05 05:00:00+00:00,2025-01-05 05:05:00+00:00,payments,eu-west,2025.01,955.72,0.011848,230.28,1948.23
evt-payments-eu-west-000102,2025-01-05 06:00:00+00:00,2025-01-05 06:05:00+00:00,payments,eu-west,2025.01,1024.27,0.006613,220.85,1978.46
evt-payments-eu-west-000103,2025-01-05 07:00:00+00:00,2025-01-05 07:05:00+00:00,payments,eu-west,2025.01,1082.33,0.012423,229.92,2162.05
evt-payments-eu-west-000104,2025-01-05 08:00:00+00:00,2025-01-05 08:05:00+00:00,payments,eu-west,2025.01,1113.25,0.011825,206.02,2285.04
evt-payments-eu-west-000105,2025-01-05 09:00:00+00:00,2025-01-05 09:05:00+00:00,payments,eu-west,2025.01,1156.05,0.011424,211.94,2274.51
evt-payments-eu-west-000106,2025-01-05 10:00:00+00:00,2025-01-05 10:05:00+00:00,payments,eu-west,2025.01,1013.07,0.007952,205.8,2019.14
evt-payments-eu-west-000107,2025-01-05 11:00:00+00:00,2025-01-05 11:05:00+00:00,payments,eu-west,2025.01,1254.17,0.013865,208.45,2615.1
evt-payments-eu-west-000108,2025-01-05 12:00:00+00:00,2025-01-05 12:05:00+00:00,payments,eu-west,2025.01,1355.41,0.009168,198.35,2815.46
evt-payments-eu-west-000109,2025-01-05 13:00:00+00:00,2025-01-05 13:05:00+00:00,payments,eu-west,2025.01,1407.72,0.010959,198.44,2969.2
evt-payments-eu-west-000110,2025-01-05 14:00:00+00:00,2025-01-05 14:05:00+00:00,payments,eu-west,2025.01,1461.99,0.007777,193.44,3006.71
evt-payments-eu-west-000111,2025-01-05 15:00:00+00:00,2025-01-05 15:05:00+00:00,payments,eu-west,2025.01,1391.98,0.009996,205.24,2872.82
evt-payments-eu-west-000112,2025-01-05 16:00:00+00:00,2025-01-05 16:05:00+00:00,payments,eu-west,2025.01,1399.69,0.009231,203.38,2882.64
evt-payments-eu-west-000113,2025-01-05 17:00:00+00:00,2025-01-05 17:05:00+00:00,payments,eu-west,2025.01,1256.86,0.010222,211.75,2650.96
evt-payments-eu-west-000114,2025-01-05 18:00:00+00:00,2025-01-05 18:05:00+00:00,payments,eu-west,2025.01,1137.16,0.01252,224.19,2398.52
evt-payments-eu-west-000115,2025-01-05 19:00:00+00:00,2025-01-05 19:05:00+00:00,payments,eu-west,2025.01,988.04,0.00882,222.28,2076.65
evt-payments-eu-west-000116,2025-01-05 20:00:00+00:00,2025-01-05 20:05:00+00:00,payments,eu-west,2025.01,815.77,0.010617,225.98,1634.01
evt-payments-eu-west-000117,2025-01-05 21:00:00+00:00,2025-01-05 21:05:00+00:00,payments,eu-west,2025.01,838.41,0.010596,241.91,1693.9
evt-payments-eu-west-000118,2025-01-05 22:00:00+00:00,2025-01-05 22:05:00+00:00,payments,eu-west,2025.01,868.02,0.013198,237.01,1730.01
evt-payments-eu-west-000119,2025-01-05 23:00:00+00:00,2025-01-05 23:05:00+00:00,payments,eu-west,2025.01,647.78,0.010906,235.25,1364.49
evt-payments-eu-west-000120,2025-01-06 00:00:00+00:00,2025-01-06 00:05:00+00:00,payments,eu-west,2025.01,814.56,0.009426,241.95,1644.53
evt-payments-eu-west-000121,2025-01-06 01:00:00+00:00,2025-01-06 01:05:00+00:00,payments,eu-west,2025.01,899.9,0.012468,228.97,1743.04
evt-payments-eu-west-000122,2025-01-06 02:00:00+00:00,2025-01-06 02:05:00+00:00,payments,eu-west,2025.01,997.76,0.011957,235.81,2065.28
evt-payments-eu-west-000123,2025-01-06 03:00:00+00:00,2025-01-06 03:05:00+00:00,payments,eu-west,2025.01,979.85,0.01409,230.27,1964.58
evt-payments-eu-west-000124,2025-01-06 04:00:00+00:00,2025-01-06 04:05:00+00:00,payments,eu-west,2025.01,991.5,0.012983,257.92,1978.23
evt-payments-eu-west-000125,2025-01-06 05:00:00+00:00,2025-01-06 05:05:00+00:00,payments,eu-west,2025.01,1073.15,0.01229,236.07,2083.49
evt-payments-eu-west-000126,2025-01-06 06:00:00+00:00,2025-01-06 06:05:00+00:00,payments,eu-west,2025.01,1205.16,0.009857,216.63,2458.63
evt-payments-eu-west-000127,2025-01-06 07:00:00+00:00,2025-01-06 07:05:00+00:00,payments,eu-west,2025.01,1173.74,0.01028,211.85,2403.07
evt-payments-eu-west-000128,2025-01-06 08:00:00+00:00,2025-01-06 08:05:00+00:00,payments,eu-west,2025.01,1217.24,0.011578,214.0,2525.27
evt-payments-eu-west-000129,2025-01-06 09:00:00+00:00,2025-01-06 09:05:00+00:00,payments,eu-west,2025.01,1412.87,0.009714,215.2,2893.99
evt-payments-eu-west-000130,2025-01-06 10:00:00+00:00,2025-01-06 10:05:00+00:00,payments,eu-west,2025.01,1513.4,0.009502,194.71,3084.1
evt-payments-eu-west-000131,2025-01-06 11:00:00+00:00,2025-01-06 11:05:00+00:00,payments,eu-west,2025.01,1567.3,0.01092,194.48,3237.29
evt-payments-eu-west-000132,2025-01-06 12:00:00+00:00,2025-01-06 12:05:00+00:00,payments,eu-west,2025.01,1729.43,0.010991,204.92,3658.59
evt-payments-eu-west-000133,2025-01-06 13:00:00+00:00,2025-01-06 13:05:00+00:00,payments,eu-west,2025.01,1743.7,0.009819,222.4,3675.65
evt-payments-eu-west-000134,2025-01-06 14:00:00+00:00,2025-01-06 14:05:00+00:00,payments,eu-west,2025.01,1673.38,0.011828,211.79,3555.22
evt-payments-eu-west-000135,2025-01-06 15:00:00+00:00,2025-01-06 15:05:00+00:00,payments,eu-west,2025.01,1663.31,0.009169,187.94,3467.56
evt-payments-eu-west-000136,2025-01-06 16:00:00+00:00,2025-01-06 16:05:00+00:00,payments,eu-west,2025.01,1615.16,0.007137,198.53,3321.53
evt-payments-eu-west-000137,2025-01-06 17:00:00+00:00,2025-01-06 17:05:00+00:00,payments,eu-west,2025.01,1491.31,0.011172,200.16,2975.87
evt-payments-eu-west-000138,2025-01-06 18:00:00+00:00,2025-01-06 18:05:00+00:00,payments,eu-west,2025.01,1419.42,0.012766,214.9,2979.32
evt-payments-eu-west-000139,2025-01-06 19:00:00+00:00,2025-01-06 19:05:00+00:00,payments,eu-west,2025.01,1205.44,0.012754,214.82,2417.46
evt-payments-eu-west-000140,2025-01-06 20:00:00+00:00,2025-01-06 20:05:00+00:00,payments,eu-west,2025.01,1138.98,0.010744,212.8,2393.5
evt-payments-eu-west-000141,2025-01-06 21:00:00+00:00,2025-01-06 21:05:00+00:00,payments,eu-west,2025.01,879.9,0.011012,233.09,1905.11
evt-payments-eu-west-000142,2025-01-06 22:00:00+00:00,2025-01-06 22:05:00+00:00,payments,eu-west,2025.01,946.4,0.0094,232.73,1914.11
evt-payments-eu-west-000143,2025-01-06 23:00:00+00:00,2025-01-06 23:05:00+00:00,payments,eu-west,2025.01,814.95,0.010562,218.09,1601.98
evt-payments-eu-west-000144,2025-01-07 00:00:00+00:00,2025-01-07 00:05:00+00:00,payments,eu-west,2025.01,820.32,0.016005,222.36,1660.42
evt-payments-eu-west-000145,2025-01-07 01:00:00+00:00,2025-01-07 01:05:00+00:00,payments,eu-west,2025.01,889.13,0.011518,240.07,1746.16
evt-payments-eu-west-000146,2025-01-07 02:00:00+00:00,2025-01-07 02:05:00+00:00,payments,eu-west,2025.01,1004.67,0.009778,220.53,2001.63
evt-payments-eu-west-000147,2025-01-07 03:00:00+00:00,2025-01-07 03:05:00+00:00,payments,eu-west,2025.01,1087.17,0.015403,200.71,2214.65
evt-payments-eu-west-000148,2025-01-07 04:00:00+00:00,2025-01-07 04:05:00+00:00,payments,eu-west,2025.01,1102.44,0.010657,218.98,2233.0
evt-payments-eu-west-000149,2025-01-07 05:00:00+00:00,2025-01-07 05:05:00+00:00,payments,eu-west,2025.01,1049.55,0.010082,207.43,2081.51
evt-payments-eu-west-000150,2025-01-07 06:00:00+00:00,2025-01-07 06:05:00+00:00,payments,eu-west,2025.01,1207.39,0.014657,217.08,2406.1
evt-payments-eu-west-000151,2025-01-07 07:00:00+00:00,2025-01-07 07:05:00+00:00,payments,eu-west,2025.01,1221.16,0.012893,220.54,2500.81
evt-payments-eu-west-000152,2025-01-07 08:00:00+00:00,2025-01-07 08:05:00+00:00,payments,eu-west,2025.01,1289.39,0.010428,211.48,2478.78
evt-payments-eu-west-000153,2025-01-07 09:00:00+00:00,2025-01-07 09:05:00+00:00,payments,eu-west,2025.01,1346.92,0.01109,198.22,2680.01
evt-payments-eu-west-000154,2025-01-07 10:00:00+00:00,2025-01-07 10:05:00+00:00,payments,eu-west,2025.01,1497.97,0.009626,226.51,3108.31
evt-payments-eu-west-000155,2025-01-07 11:00:00+00:00,2025-01-07 11:05:00+00:00,payments,eu-west,2025.01,1563.69,0.012297,202.59,3383.03
evt-payments-eu-west-000156,2025-01-07 12:00:00+00:00,2025-01-07 12:05:00+00:00,payments,eu-west,2025.01,1655.3,0.010615,212.91,3194.42
evt-payments-eu-west-000157,2025-01-07 13:00:00+00:00,2025-01-07 13:05:00+00:00,payments,eu-west,2025.01,1720.69,0.011227,210.46,3583.88
evt-payments-eu-west-000158,2025-01-07 14:00:00+00:00,2025-01-07 14:05:00+00:00,payments,eu-west,2025.01,1830.47,0.010449,209.13,3868.92
evt-payments-eu-west-000159,2025-01-07 15:00:00+00:00,2025-01-07 15:05:00+00:00,payments,eu-west,2025.01,1701.18,0.011142,176.57,3492.39
evt-payments-eu-west-000160,2025-01-07 16:00:00+00:00,2025-01-07 16:05:00+00:00,payments,eu-west,2025.01,1667.28,0.012168,221.43,3286.81
evt-payments-eu-west-000161,2025-01-07 17:00:00+00:00,2025-01-07 17:05:00+00:00,payments,eu-west,2025.01,1627.95,0.00601,199.9,3271.88
evt-payments-eu-west-000162,2025-01-07 18:00:00+00:00,2025-01-07 18:05:00+00:00,payments,eu-west,2025.01,1365.17,0.012641,212.85,2758.92
evt-payments-eu-west-000163,2025-01-07 19:00:00+00:00,2025-01-07 19:05:00+00:00,payments,eu-west,2025.01,1196.62,0.011301,213.02,2514.39
evt-payments-eu-west-000164,2025-01-07 20:00:00+00:00,2025-01-07 20:05:00+00:00,payments,eu-west,2025.01,1001.13,0.014891,215.15,2149.34
evt-payments-eu-west-000165,2025-01-07 21:00:00+00:00,2025-01-07 21:05:00+00:00,payments,eu-west,2025.01,884.71,0.0101,211.25,1732.83
evt-payments-eu-west-000166,2025-01-07 22:00:00+00:00,2025-01-07 22:05:00+00:00,payments,eu-west,2025.01,854.08,0.011159,230.24,1755.55
evt-payments-eu-west-000167,2025-01-07 23:00:00+00:00,2025-01-07 23:05:00+00:00,payments,eu-west,2025.01,811.26,0.013031,235.58,1628.96
evt-payments-eu-west-000168,2025-01-08 00:00:00+00:00,2025-01-08 00:05:00+00:00,payments,eu-west,2025.01,854.61,0.009541,235.71,1766.35
evt-payments-eu-west-000169,2025-01-08 01:00:00+00:00,2025-01-08 01:05:00+00:00,payments,eu-west,2025.01,980.63,0.009715,240.34,1990.81
evt-payments-eu-west-000170,2025-01-08 02:00:00+00:00,2025-01-08 02:05:00+00:00,payments,eu-west,2025.01,985.64,0.012098,221.37,1978.39
evt-payments-eu-west-000171,2025-01-08 03:00:00+00:00,2025-01-08 03:05:00+00:00,payments,eu-west,2025.01,1022.99,0.011398,228.33,2127.83
evt-payments-eu-west-000172,2025-01-08 04:00:00+00:00,2025-01-08 04:05:00+00:00,payments,eu-west,2025.01,1103.5,0.011156,215.24,2190.97
evt-payments-eu-west-000173,2025-01-08 05:00:00+00:00,2025-01-08 05:05:00+00:00,payments,eu-west,2025.01,1164.94,0.011615,216.05,2416.97
evt-payments-eu-west-000174,2025-01-08 06:00:00+00:00,2025-01-08 06:05:00+00:00,payments,eu-west,2025.01,1142.54,0.010674,219.82,2409.56
evt-payments-eu-west-000175,2025-01-08 07:00:00+00:00,2025-01-08 07:05:00+00:00,payments,eu-west,2025.01,1191.58,0.010073,219.23,2370.95
evt-payments-eu-west-000176,2025-01-08 08:00:00+00:00,2025-01-08 08:05:00+00:00,payments,eu-west,2025.01,1344.41,0.008702,204.13,2839.86
evt-payments-eu-west-000177,2025-01-08 09:00:00+00:00,2025-01-08 09:05:00+00:00,payments,eu-west,2025.01,1300.37,0.010117,215.56,2604.78
evt-payments-eu-west-000178,2025-01-08 10:00:00+00:00,2025-01-08 10:05:00+00:00,payments,eu-west,2025.01,1448.91,0.01053,197.9,3051.1
evt-payments-eu-west-000179,2025-01-08 11:00:00+00:00,2025-01-08 11:05:00+00:00,payments,eu-west,2025.01,1564.86,0.009439,217.13,3152.36
evt-payments-eu-west-000180,2025-01-08 12:00:00+00:00,2025-01-08 12:05:00+00:00,payments,eu-west,2025.01,1712.55,0.011401,215.71,3475.02
evt-payments-eu-west-000181,2025-01-08 13:00:00+00:00,2025-01-08 13:05:00+00:00,payments,eu-west,2025.01,1710.83,0.00922,196.5,3379.22
evt-payments-eu-west-000182,2025-01-08 14:00:00+00:00,2025-01-08 14:05:00+00:00,payments,eu-west,2025.01,1714.09,0.012681,208.71,3415.36
evt-payments-eu-west-000183,2025-01-08 15:00:00+00:00,2025-01-08 15:05:00+00:00,payments,eu-west,2025.01,1779.12,0.010531,202.3,3740.12
evt-payments-eu-west-000184,2025-01-08 16:00:00+00:00,2025-01-08 16:05:00+00:00,payments,eu-west,2025.01,1623.89,0.012122,195.68,3343.95
evt-payments-eu-west-000185,2025-01-08 17:00:00+00:00,2025-01-08 17:05:00+00:00,payments,eu-west,2025.01,1530.51,0.010382,198.06,3165.49
evt-payments-eu-west-000186,2025-01-08 18:00:00+00:00,2025-01-08 18:05:00+00:00,payments,eu-west,2025.01,1472.25,0.012572,207.62,2951.46
evt-payments-eu-west-000187,2025-01-08 19:00:00+00:00,2025-01-08 19:05:00+00:00,payments,eu-west,2025.01,1235.63,0.009855,210.14,2522.29
evt-payments-eu-west-000188,2025-01-08 20:00:00+00:00,2025-01-08 20:05:00+00:00,payments,eu-west,2025.01,1097.65,0.010741,228.65,2207.4
evt-payments-eu-west-000189,2025-01-08 21:00:00+00:00,2025-01-08 21:05:00+00:00,payments,eu-west,2025.01,967.35,0.010666,228.21,2040.16
evt-payments-eu-west-000190,2025-01-08 22:00:00+00:00,2025-01-08 22:05:00+00:00,payments,eu-west,2025.01,861.09,0.012922,235.75,1804.13
evt-payments-eu-west-000191,2025-01-08 23:00:00+00:00,2025-01-08 23:05:00+00:00,payments,eu-west,2025.01,816.24,0.011153,232.64,1641.41
evt-payments-eu-west-000192,2025-01-09 00:00:00+00:00,2025-01-09 00:05:00+00:00,payments,eu-west,2025.01,848.53,0.011852,230.62,1760.72
evt-payments-eu-west-000193,2025-01-09 01:00:00+00:00,2025-01-09 01:05:00+00:00,payments,eu-west,2025.01,926.59,0.010177,233.23,1892.77
evt-payments-eu-west-000194,2025-01-09 02:00:00+00:00,2025-01-09 02:05:00+00:00,payments,eu-west,2025.01,1024.3,0.010903,206.46,2092.41
evt-payments-eu-west-000195,2025-01-09 03:00:00+00:00,2025-01-09 03:05:00+00:00,payments,eu-west,2025.01,1000.79,0.009589,214.11,2109.07
evt-payments-eu-west-000196,2025-01-09 04:00:00+00:00,2025-01-09 04:05:00+00:00,payments,eu-west,2025.01,1005.73,0.010954,217.02,2032.82
evt-payments-eu-west-000197,2025-01-09 05:00:00+00:00,2025-01-09 05:05:00+00:00,payments,eu-west,2025.01,1048.65,0.011107,212.65,2074.46
evt-payments-eu-west-000198,2025-01-09 06:00:00+00:00,2025-01-09 06:05:00+00:00,payments,eu-west,2025.01,1119.51,0.012915,,2289.68
evt-payments-eu-west-000199,2025-01-09 07:00:00+00:00,2025-01-09 07:05:00+00:00,payments,eu-west,2025.01,1264.2,0.013505,216.6,2624.52
evt-payments-eu-west-000200,2025-01-09 08:00:00+00:00,2025-01-09 08:05:00+00:00,payments,eu-west,2025.01,1353.99,0.007773,196.84,2751.86
evt-payments-eu-west-000201,2025-01-09 09:00:00+00:00,2025-01-09 09:05:00+00:00,payments,eu-west,2025.01,1373.16,0.011038,214.23,2770.42
evt-payments-eu-west-000202,2025-01-09 10:00:00+00:00,2025-01-09 10:05:00+00:00,payments,eu-west,2025.01,1537.24,0.010611,205.16,3103.46
evt-payments-eu-west-000203,2025-01-09 11:00:00+00:00,2025-01-09 11:05:00+00:00,payments,eu-west,2025.01,1582.89,0.009606,211.94,3232.57
evt-payments-eu-west-000204,2025-01-09 12:00:00+00:00,2025-01-09 12:05:00+00:00,payments,eu-west,2025.01,1671.54,0.007957,207.49,3416.46
evt-payments-eu-west-000205,2025-01-09 13:00:00+00:00,2025-01-09 13:05:00+00:00,payments,eu-west,2025.01,1683.83,0.009726,215.84,3541.01
evt-payments-eu-west-000206,2025-01-09 14:00:00+00:00,2025-01-09 14:05:00+00:00,payments,eu-west,2025.01,1701.52,0.009721,190.71,3496.89
evt-payments-eu-west-000207,2025-01-09 15:00:00+00:00,2025-01-09 15:05:00+00:00,payments,eu-west,2025.01,1737.87,0.009955,203.22,3582.73
evt-payments-eu-west-000208,2025-01-09 16:00:00+00:00,2025-01-09 16:05:00+00:00,payments,eu-west,2025.01,1727.93,0.010188,206.74,3482.66
evt-payments-eu-west-000209,2025-01-09 17:00:00+00:00,2025-01-09 17:05:00+00:00,payments,eu-west,2025.01,1498.96,0.011658,206.41,3063.71
evt-payments-eu-west-000210,2025-01-09 18:00:00+00:00,2025-01-09 18:05:00+00:00,payments,eu-west,2025.01,1307.25,0.009356,202.08,2739.57
evt-payments-eu-west-000211,2025-01-09 19:00:00+00:00,2025-01-09 19:05:00+00:00,payments,eu-west,2025.01,1185.71,0.010814,209.0,2521.02
evt-payments-eu-west-000212,2025-01-09 20:00:00+00:00,2025-01-09 20:05:00+00:00,payments,eu-west,2025.01,1050.14,0.010205,210.09,2204.94
evt-payments-eu-west-000213,2025-01-09 21:00:00+00:00,2025-01-09 21:05:00+00:00,payments,eu-west,2025.01,940.63,0.013116,213.75,1936.11
evt-payments-eu-west-000214,2025-01-09 22:00:00+00:00,2025-01-09 22:05:00+00:00,payments,eu-west,2025.01,875.77,0.013274,219.6,1784.04
evt-payments-eu-west-000215,2025-01-09 23:00:00+00:00,2025-01-09 23:05:00+00:00,payments,eu-west,2025.01,759.52,0.014553,235.98,1565.93
evt-payments-eu-west-000216,2025-01-10 00:00:00+00:00,2025-01-10 00:05:00+00:00,payments,eu-west,2025.01,769.82,0.012152,221.34,1604.88
evt-payments-eu-west-000217,2025-01-10 01:00:00+00:00,2025-01-10 01:05:00+00:00,payments,eu-west,2025.01,858.72,0.010516,210.62,1815.85
evt-payments-eu-west-000218,2025-01-10 02:00:00+00:00,2025-01-10 02:05:00+00:00,payments,eu-west,2025.01,868.38,0.012536,209.09,1708.08
evt-payments-eu-west-000219,2025-01-10 03:00:00+00:00,2025-01-10 03:05:00+00:00,payments,eu-west,2025.01,960.56,0.011352,220.95,1978.9
evt-payments-eu-west-000220,2025-01-10 04:00:00+00:00,2025-01-10 04:05:00+00:00,payments,eu-west,2025.01,1033.13,0.011056,221.65,2121.22
evt-payments-eu-west-000221,2025-01-10 05:00:00+00:00,2025-01-10 05:05:00+00:00,payments,eu-west,2025.01,1032.92,0.013347,212.42,2226.07
evt-payments-eu-west-000222,2025-01-10 06:00:00+00:00,2025-01-10 06:05:00+00:00,payments,eu-west,2025.01,1251.89,0.012462,222.69,2565.31
evt-payments-eu-west-000223,2025-01-10 07:00:00+00:00,2025-01-10 07:05:00+00:00,payments,eu-west,2025.01,1182.37,0.014736,221.3,2332.8
evt-payments-eu-west-000224,2025-01-10 08:00:00+00:00,2025-01-10 08:05:00+00:00,payments,eu-west,2025.01,1221.96,0.009253,220.75,2567.43
evt-payments-eu-west-000225,2025-01-10 09:00:00+00:00,2025-01-10 09:05:00+00:00,payments,eu-west,2025.01,1265.21,0.010365,229.49,2613.63
evt-payments-eu-west-000226,2025-01-10 10:00:00+00:00,2025-01-10 10:05:00+00:00,payments,eu-west,2025.01,1503.53,0.009941,200.24,3084.73
evt-payments-eu-west-000227,2025-01-10 11:00:00+00:00,2025-01-10 11:05:00+00:00,payments,eu-west,2025.01,1578.84,0.013298,215.36,3225.65
evt-payments-eu-west-000228,2025-01-10 12:00:00+00:00,2025-01-10 12:05:00+00:00,payments,eu-west,2025.01,1714.76,0.010278,204.05,3543.87
evt-payments-eu-west-000229,2025-01-10 13:00:00+00:00,2025-01-10 13:05:00+00:00,payments,eu-west,2025.01,1854.29,0.013111,201.52,3771.41
evt-payments-eu-west-000230,2025-01-10 14:00:00+00:00,2025-01-10 14:05:00+00:00,payments,eu-west,2025.01,1707.85,0.011984,213.04,3469.88
evt-payments-eu-west-000231,2025-01-10 15:00:00+00:00,2025-01-10 15:05:00+00:00,payments,eu-west,2025.01,1672.34,0.013594,195.38,3394.25
evt-payments-eu-west-000232,2025-01-10 16:00:00+00:00,2025-01-10 16:05:00+00:00,payments,eu-west,2025.01,1619.42,0.009823,,3308.65
evt-payments-eu-west-000233,2025-01-10 17:00:00+00:00,2025-01-10 17:05:00+00:00,payments,eu-west,2025.01,1508.72,0.010694,207.2,3016.24
evt-payments-eu-west-000234,2025-01-10 18:00:00+00:00,2025-01-10 18:05:00+00:00,payments,eu-west,2025.01,1261.1,0.008671,211.56,2676.59
evt-payments-eu-west-000235,2025-01-10 19:00:00+00:00,2025-01-10 19:05:00+00:00,payments,eu-west,2025.01,1207.89,0.010551,216.37,2580.32
evt-payments-eu-west-000236,2025-01-10 20:00:00+00:00,2025-01-10 20:05:00+00:00,payments,eu-west,2025.01,1062.87,0.011612,216.19,2203.7
evt-payments-eu-west-000237,2025-01-10 21:00:00+00:00,2025-01-10 21:05:00+00:00,payments,eu-west,2025.01,921.5,0.012565,220.22,1809.15
evt-payments-eu-west-000238,2025-01-10 22:00:00+00:00,2025-01-10 22:05:00+00:00,payments,eu-west,2025.01,932.57,0.007155,222.26,1969.9
evt-payments-eu-west-000239,2025-01-10 23:00:00+00:00,2025-01-10 23:05:00+00:00,payments,eu-west,2025.01,899.96,0.01082,230.95,1849.13
evt-payments-eu-west-000240,2025-01-11 00:00:00+00:00,2025-01-11 00:05:00+00:00,payments,eu-west,2025.01,706.09,0.010162,238.63,1406.16
evt-payments-eu-west-000241,2025-01-11 01:00:00+00:00,2025-01-11 01:05:00+00:00,payments,eu-west,2025.01,712.04,0.010671,238.52,1451.33
evt-payments-eu-west-000242,2025-01-11 02:00:00+00:00,2025-01-11 02:05:00+00:00,payments,eu-west,2025.01,815.92,0.012291,222.8,1624.91
evt-payments-eu-west-000243,2025-01-11 03:00:00+00:00,2025-01-11 03:05:00+00:00,payments,eu-west,2025.01,737.3,0.009108,224.68,1537.55
evt-payments-eu-west-000244,2025-01-11 04:00:00+00:00,2025-01-11 04:05:00+00:00,payments,eu-west,2025.01,952.63,0.013987,231.0,1966.91
evt-payments-eu-west-000245,2025-01-11 05:00:00+00:00,2025-01-11 05:05:00+00:00,payments,eu-west,2025.01,952.91,0.011299,231.04,1946.35
evt-payments-eu-west-000246,2025-01-11 06:00:00+00:00,2025-01-11 06:05:00+00:00,payments,eu-west,2025.01,907.52,0.010008,219.15,1835.55
evt-payments-eu-west-000247,2025-01-11 07:00:00+00:00,2025-01-11 07:05:00+00:00,payments,eu-west,2025.01,959.47,0.011113,218.78,1886.28
evt-payments-eu-west-000248,2025-01-11 08:00:00+00:00,2025-01-11 08:05:00+00:00,payments,eu-west,2025.01,1018.05,0.01226,216.63,2096.56
evt-payments-eu-west-000249,2025-01-11 09:00:00+00:00,2025-01-11 09:05:00+00:00,payments,eu-west,2025.01,1108.91,0.009186,234.47,2298.94
evt-payments-eu-west-000250,2025-01-11 10:00:00+00:00,2025-01-11 10:05:00+00:00,payments,eu-west,2025.01,1221.47,0.010628,204.51,2538.63
evt-payments-eu-west-000251,2025-01-11 11:00:00+00:00,2025-01-11 11:05:00+00:00,payments,eu-west,2025.01,1306.08,0.01108,222.24,2608.62
evt-payments-eu-west-000252,2025-01-11 12:00:00+00:00,2025-01-11 12:05:00+00:00,payments,eu-west,2025.01,1328.77,0.012418,197.38,2766.25
evt-payments-eu-west-000253,2025-01-11 13:00:00+00:00,2025-01-11 13:05:00+00:00,payments,eu-west,2025.01,1461.6,0.008103,218.11,3002.25
evt-payments-eu-west-000254,2025-01-11 14:00:00+00:00,2025-01-11 14:05:00+00:00,payments,eu-west,2025.01,1455.94,0.013423,206.07,2961.18
evt-payments-eu-west-000255,2025-01-11 15:00:00+00:00,2025-01-11 15:05:00+00:00,payments,eu-west,2025.01,1427.57,0.009395,206.44,2892.27
evt-payments-eu-west-000256,2025-01-11 16:00:00+00:00,2025-01-11 16:05:00+00:00,payments,eu-west,2025.01,1376.1,0.009359,215.72,2856.44
evt-payments-eu-west-000257,2025-01-11 17:00:00+00:00,2025-01-11 17:05:00+00:00,payments,eu-west,2025.01,1244.65,0.008581,223.92,2505.74
evt-payments-eu-west-000258,2025-01-11 18:00:00+00:00,2025-01-11 18:05:00+00:00,payments,eu-west,2025.01,1184.23,0.011038,206.68,2548.25
evt-payments-eu-west-000259,2025-01-11 19:00:00+00:00,2025-01-11 19:05:00+00:00,payments,eu-west,2025.01,996.25,0.011363,203.15,2001.88
evt-payments-eu-west-000260,2025-01-11 20:00:00+00:00,2025-01-11 20:05:00+00:00,payments,eu-west,2025.01,843.42,0.010802,214.37,1715.43
evt-payments-eu-west-000261,2025-01-11 21:00:00+00:00,2025-01-11 21:05:00+00:00,payments,eu-west,2025.01,783.55,0.012243,219.71,1577.55
evt-payments-eu-west-000262,2025-01-11 22:00:00+00:00,2025-01-11 22:05:00+00:00,payments,eu-west,2025.01,687.58,0.012347,237.31,1404.89
evt-payments-eu-west-000263,2025-01-11 23:00:00+00:00,2025-01-11 23:05:00+00:00,payments,eu-west,2025.01,658.47,0.012415,217.94,1381.58
evt-payments-eu-west-000264,2025-01-12 00:00:00+00:00,2025-01-12 00:05:00+00:00,payments,eu-west,2025.01,779.68,0.012202,239.02,1553.22
evt-payments-eu-west-000265,2025-01-12 01:00:00+00:00,2025-01-12 01:05:00+00:00,payments,eu-west,2025.01,696.51,0.013755,230.13,1388.92
evt-payments-eu-west-000266,2025-01-12 02:00:00+00:00,2025-01-12 02:05:00+00:00,payments,eu-west,2025.01,755.53,0.010472,218.79,1597.37
evt-payments-eu-west-000267,2025-01-12 03:00:00+00:00,2025-01-12 03:05:00+00:00,payments,eu-west,2025.01,774.07,0.012929,223.45,1574.62
evt-payments-eu-west-000268,2025-01-12 04:00:00+00:00,2025-01-12 04:05:00+00:00,payments,eu-west,2025.01,879.39,0.007606,227.4,1778.11
evt-payments-eu-west-000269,2025-01-12 05:00:00+00:00,2025-01-12 05:05:00+00:00,payments,eu-west,2025.01,944.02,0.009744,218.4,1974.59
evt-payments-eu-west-000270,2025-01-12 06:00:00+00:00,2025-01-12 06:05:00+00:00,payments,eu-west,2025.01,940.0,0.011491,233.46,1965.26
evt-payments-eu-west-000271,2025-01-12 07:00:00+00:00,2025-01-12 07:05:00+00:00,payments,eu-west,2025.01,890.92,0.009492,215.86,1763.12
evt-payments-eu-west-000272,2025-01-12 08:00:00+00:00,2025-01-12 08:05:00+00:00,payments,eu-west,2025.01,1039.43,0.010956,210.72,2167.09
evt-payments-eu-west-000273,2025-01-12 09:00:00+00:00,2025-01-12 09:05:00+00:00,payments,eu-west,2025.01,1078.08,0.006857,222.3,2173.4
evt-payments-eu-west-000274,2025-01-12 10:00:00+00:00,2025-01-12 10:05:00+00:00,payments,eu-west,2025.01,1230.13,0.012097,210.41,2463.13
evt-payments-eu-west-000275,2025-01-12 11:00:00+00:00,2025-01-12 11:05:00+00:00,payments,eu-west,2025.01,1416.86,0.011058,211.87,3003.31
evt-payments-eu-west-000276,2025-01-12 12:00:00+00:00,2025-01-12 12:05:00+00:00,payments,eu-west,2025.01,1371.2,0.012645,234.3,2789.95
evt-payments-eu-west-000277,2025-01-12 13:00:00+00:00,2025-01-12 13:05:00+00:00,payments,eu-west,2025.01,1448.4,0.010161,217.42,3024.73
evt-payments-eu-west-000278,2025-01-12 14:00:00+00:00,2025-01-12 14:05:00+00:00,payments,eu-west,2025.01,1474.41,0.010596,217.53,2970.75
evt-payments-eu-west-000279,2025-01-12 15:00:00+00:00,2025-01-12 15:05:00+00:00,payments,eu-west,2025.01,1355.08,0.009281,214.54,2711.21
evt-payments-eu-west-000280,2025-01-12 16:00:00+00:00,2025-01-12 16:05:00+00:00,payments,eu-west,2025.01,1340.67,0.008107,219.17,2788.0
evt-payments-eu-west-000281,2025-01-12 17:00:00+00:00,2025-01-12 17:05:00+00:00,payments,eu-west,2025.01,1313.41,0.008994,200.35,2591.08
evt-payments-eu-west-000282,2025-01-12 18:00:00+00:00,2025-01-12 18:05:00+00:00,payments,eu-west,2025.01,1126.33,0.011466,208.25,2247.44
evt-payments-eu-west-000283,2025-01-12 19:00:00+00:00,2025-01-12 19:05:00+00:00,payments,eu-west,2025.01,959.49,0.009413,214.36,1988.12
evt-payments-eu-west-000284,2025-01-12 20:00:00+00:00,2025-01-12 20:05:00+00:00,payments,eu-west,2025.01,838.83,0.010598,198.19,1784.15
evt-payments-eu-west-000285,2025-01-12 21:00:00+00:00,2025-01-12 21:05:00+00:00,payments,eu-west,2025.01,789.51,0.013571,228.64,1615.77
evt-payments-eu-west-000286,2025-01-12 22:00:00+00:00,2025-01-12 22:05:00+00:00,payments,eu-west,2025.01,727.06,0.012667,217.6,1526.21
evt-payments-eu-west-000287,2025-01-12 23:00:00+00:00,2025-01-12 23:05:00+00:00,payments,eu-west,2025.01,634.34,0.01152,228.44,1328.04
evt-payments-eu-west-000288,2025-01-13 00:00:00+00:00,2025-01-13 00:05:00+00:00,payments,eu-west,2025.01,844.61,0.012284,230.17,1679.82
evt-payments-eu-west-000289,2025-01-13 01:00:00+00:00,2025-01-13 01:05:00+00:00,payments,eu-west,2025.01,928.71,0.010397,222.02,1918.74
evt-payments-eu-west-000290,2025-01-13 02:00:00+00:00,2025-01-13 02:05:00+00:00,payments,eu-west,2025.01,970.03,0.014225,229.72,1968.39
evt-payments-eu-west-000291,2025-01-13 03:00:00+00:00,2025-01-13 03:05:00+00:00,payments,eu-west,2025.01,985.93,0.010877,214.99,2051.41
evt-payments-eu-west-000292,2025-01-13 04:00:00+00:00,2025-01-13 04:05:00+00:00,payments,eu-west,2025.01,1003.72,0.010588,226.44,2023.42
evt-payments-eu-west-000293,2025-01-13 05:00:00+00:00,2025-01-13 05:05:00+00:00,payments,eu-west,2025.01,1113.29,0.011125,217.15,2240.48
evt-payments-eu-west-000294,2025-01-13 06:00:00+00:00,2025-01-13 06:05:00+00:00,payments,eu-west,2025.01,1223.4,0.008906,218.01,2466.94
evt-payments-eu-west-000295,2025-01-13 07:00:00+00:00,2025-01-13 07:05:00+00:00,payments,eu-west,2025.01,1216.74,0.009021,206.7,2489.2
evt-payments-eu-west-000296,2025-01-13 08:00:00+00:00,2025-01-13 08:05:00+00:00,payments,eu-west,2025.01,1241.68,0.010236,221.1,2522.82
evt-payments-eu-west-000297,2025-01-13 09:00:00+00:00,2025-01-13 09:05:00+00:00,payments,eu-west,2025.01,1424.64,0.009434,222.24,2910.15
evt-payments-eu-west-000298,2025-01-13 10:00:00+00:00,2025-01-13 10:05:00+00:00,payments,eu-west,2025.01,1403.69,0.011185,192.47,2877.5
evt-payments-eu-west-000299,2025-01-13 11:00:00+00:00,2025-01-13 11:05:00+00:00,payments,eu-west,2025.01,1627.77,0.007532,203.05,3296.0
evt-payments-eu-west-000300,2025-01-13 12:00:00+00:00,2025-01-13 12:05:00+00:00,payments,eu-west,2025.01,1621.59,0.007763,210.37,3254.21
evt-payments-eu-west-000301,2025-01-13 13:00:00+00:00,2025-01-13 13:05:00+00:00,payments,eu-west,2025.01,1691.55,0.008709,196.17,3458.91
evt-payments-eu-west-000302,2025-01-13 14:00:00+00:00,2025-01-13 14:05:00+00:00,payments,eu-west,2025.01,1761.92,0.009643,200.15,3569.06
evt-payments-eu-west-000303,2025-01-13 15:00:00+00:00,2025-01-13 15:05:00+00:00,payments,eu-west,2025.01,1748.86,0.008133,201.48,3418.05
evt-payments-eu-west-000304,2025-01-13 16:00:00+00:00,2025-01-13 16:05:00+00:00,payments,eu-west,2025.01,1660.08,0.010348,209.79,3504.41
evt-payments-eu-west-000305,2025-01-13 17:00:00+00:00,2025-01-13 17:05:00+00:00,payments,eu-west,2025.01,1533.38,0.009348,207.92,3164.7
evt-payments-eu-west-000306,2025-01-13 18:00:00+00:00,2025-01-13 18:05:00+00:00,payments,eu-west,2025.01,1440.66,0.010626,188.98,2969.21
evt-payments-eu-west-000307,2025-01-13 19:00:00+00:00,2025-01-13 19:05:00+00:00,payments,eu-west,2025.01,1242.14,0.0099,218.15,2547.86
evt-payments-eu-west-000308,2025-01-13 20:00:00+00:00,2025-01-13 20:05:00+00:00,payments,eu-west,2025.01,1056.89,0.012632,208.99,2222.03
evt-payments-eu-west-000309,2025-01-13 21:00:00+00:00,2025-01-13 21:05:00+00:00,payments,eu-west,2025.01,884.01,0.010239,228.58,1825.67
evt-payments-eu-west-000310,2025-01-13 22:00:00+00:00,2025-01-13 22:05:00+00:00,payments,eu-west,2025.01,863.27,0.012686,235.66,1786.89
evt-payments-eu-west-000311,2025-01-13 23:00:00+00:00,2025-01-13 23:05:00+00:00,payments,eu-west,2025.01,953.51,0.012124,248.91,1978.23
evt-payments-eu-west-000312,2025-01-14 00:00:00+00:00,2025-01-14 00:05:00+00:00,payments,eu-west,2025.01,827.95,0.012588,237.32,1734.11
evt-payments-eu-west-000313,2025-01-14 01:00:00+00:00,2025-01-14 01:05:00+00:00,payments,eu-west,2025.01,928.61,0.012246,213.96,1959.89
evt-payments-eu-west-000314,2025-01-14 02:00:00+00:00,2025-01-14 02:05:00+00:00,payments,eu-west,2025.01,933.82,0.014116,233.25,1947.79
evt-payments-eu-west-000315,2025-01-14 03:00:00+00:00,2025-01-14 03:05:00+00:00,payments,eu-west,2025.01,995.96,0.010824,228.25,2080.0
evt-payments-eu-west-000316,2025-01-14 04:00:00+00:00,2025-01-14 04:05:00+00:00,payments,eu-west,2025.01,1000.85,0.011324,217.65,2018.2
evt-payments-eu-west-000317,2025-01-14 05:00:00+00:00,2025-01-14 05:05:00+00:00,payments,eu-west,2025.01,1076.65,0.009677,217.79,2185.64
evt-payments-eu-west-000318,2025-01-14 06:00:00+00:00,2025-01-14 06:05:00+00:00,payments,eu-west,2025.01,1102.1,0.012983,216.05,2217.0
evt-payments-eu-west-000319,2025-01-14 07:00:00+00:00,2025-01-14 07:05:00+00:00,payments,eu-west,2025.01,1113.59,0.013153,207.26,2301.33
evt-payments-eu-west-000320,2025-01-14 08:00:00+00:00,2025-01-14 08:05:00+00:00,payments,eu-west,2025.01,1279.62,0.009895,205.67,2509.4
evt-payments-eu-west-000321,2025-01-14 09:00:00+00:00,2025-01-14 09:05:00+00:00,payments,eu-west,2025.01,1340.34,0.010521,200.82,2769.1
evt-payments-eu-west-000322,2025-01-14 10:00:00+00:00,2025-01-14 10:05:00+00:00,payments,eu-west,2025.01,1441.26,0.013104,198.48,2909.76
evt-payments-eu-west-000323,2025-01-14 11:00:00+00:00,2025-01-14 11:05:00+00:00,payments,eu-west,2025.01,1601.41,0.010559,204.61,3183.99
evt-payments-eu-west-000324,2025-01-14 12:00:00+00:00,2025-01-14 12:05:00+00:00,payments,eu-west,2025.01,1734.68,0.010632,208.88,3489.98
evt-payments-eu-west-000325,2025-01-14 13:00:00+00:00,2025-01-14 13:05:00+00:00,payments,eu-west,2025.01,1806.88,0.010277,206.34,3528.43
evt-payments-eu-west-000326,2025-01-14 14:00:00+00:00,2025-01-14 14:05:00+00:00,payments,eu-west,2025.01,1801.0,0.013235,216.53,3556.96
evt-payments-eu-west-000327,2025-01-14 15:00:00+00:00,2025-01-14 15:05:00+00:00,payments,eu-west,2025.01,1791.08,0.012041,192.36,3556.59
evt-payments-eu-west-000328,2025-01-14 16:00:00+00:00,2025-01-14 16:05:00+00:00,payments,eu-west,2025.01,1695.29,0.010314,201.06,3441.73
evt-payments-eu-west-000329,2025-01-14 17:00:00+00:00,2025-01-14 17:05:00+00:00,payments,eu-west,2025.01,1584.49,0.012641,205.37,3208.79
evt-payments-eu-west-000330,2025-01-14 18:00:00+00:00,2025-01-14 18:05:00+00:00,payments,eu-west,2025.01,1371.19,0.013827,199.53,2777.78
evt-payments-eu-west-000331,2025-01-14 19:00:00+00:00,2025-01-14 19:05:00+00:00,payments,eu-west,2025.01,1126.29,0.009339,212.94,2233.29
evt-payments-eu-west-000332,2025-01-14 20:00:00+00:00,2025-01-14 20:05:00+00:00,payments,eu-west,2025.01,1111.4,0.012021,214.29,2307.79
evt-payments-eu-west-000333,2025-01-14 21:00:00+00:00,2025-01-14 21:05:00+00:00,payments,eu-west,2025.01,956.97,0.012518,216.54,1934.71
evt-payments-eu-west-000334,2025-01-14 22:00:00+00:00,2025-01-14 22:05:00+00:00,payments,eu-west,2025.01,865.87,0.013133,234.62,1748.94
evt-payments-eu-west-000335,2025-01-14 23:00:00+00:00,2025-01-14 23:05:00+00:00,payments,eu-west,2025.01,791.15,0.011721,229.86,1586.81
evt-payments-us-east-000000,2025-01-01 00:00:00+00:00,2025-01-01 00:05:00+00:00,payments,us-east,2025.01,997.54,0.009282,235.75,1964.35
evt-payments-us-east-000001,2025-01-01 01:00:00+00:00,2025-01-01 01:05:00+00:00,payments,us-east,2025.01,910.87,0.012973,235.63,1915.86
evt-payments-us-east-000002,2025-01-01 02:00:00+00:00,2025-01-01 02:05:00+00:00,payments,us-east,2025.01,1060.1,0.010933,221.89,2205.08
evt-payments-us-east-000003,2025-01-01 03:00:00+00:00,2025-01-01 03:05:00+00:00,payments,us-east,2025.01,1161.24,0.013655,221.71,2331.28
evt-payments-us-east-000004,2025-01-01 04:00:00+00:00,2025-01-01 04:05:00+00:00,payments,us-east,2025.01,1204.35,0.009167,238.41,2427.41
evt-payments-us-east-000005,2025-01-01 05:00:00+00:00,2025-01-01 05:05:00+00:00,payments,us-east,2025.01,1273.5,0.007947,223.26,2481.74
evt-payments-us-east-000006,2025-01-01 06:00:00+00:00,2025-01-01 06:05:00+00:00,payments,us-east,2025.01,1256.27,0.013994,206.5,2600.92
evt-payments-us-east-000007,2025-01-01 07:00:00+00:00,2025-01-01 07:05:00+00:00,payments,us-east,2025.01,1395.68,0.012132,195.84,2931.18
evt-payments-us-east-000008,2025-01-01 08:00:00+00:00,2025-01-01 08:05:00+00:00,payments,us-east,2025.01,1495.37,0.009015,209.56,3129.58
evt-payments-us-east-000009,2025-01-01 09:00:00+00:00,2025-01-01 09:05:00+00:00,payments,us-east,2025.01,1678.82,0.007884,220.58,3460.35
evt-payments-us-east-000010,2025-01-01 10:00:00+00:00,2025-01-01 10:05:00+00:00,payments,us-east,2025.01,1719.89,0.012705,209.6,3652.78
evt-payments-us-east-000011,2025-01-01 11:00:00+00:00,2025-01-01 11:05:00+00:00,payments,us-east,2025.01,1854.45,0.014669,200.4,3772.72
evt-payments-us-east-000012,2025-01-01 12:00:00+00:00,2025-01-01 12:05:00+00:00,payments,us-east,2025.01,1913.17,0.010579,205.13,3890.18
evt-payments-us-east-000013,2025-01-01 13:00:00+00:00,2025-01-01 13:05:00+00:00,payments,us-east,2025.01,1984.36,0.009553,202.36,3978.66
evt-payments-us-east-000014,2025-01-01 14:00:00+00:00,2025-01-01 14:05:00+00:00,payments,us-east,2025.01,2095.55,0.007556,214.63,4498.51
evt-payments-us-east-000015,2025-01-01 15:00:00+00:00,2025-01-01 15:05:00+00:00,payments,us-east,2025.01,2034.8,0.0071,191.02,4264.44
evt-payments-us-east-000016,2025-01-01 16:00:00+00:00,2025-01-01 16:05:00+00:00,payments,us-east,2025.01,1877.48,0.014124,192.98,3862.25
evt-payments-us-east-000017,2025-01-01 17:00:00+00:00,2025-01-01 17:05:00+00:00,payments,us-east,2025.01,1847.82,0.013512,207.46,3905.47
evt-payments-us-east-000018,2025-01-01 18:00:00+00:00,2025-01-01 18:05:00+00:00,payments,us-east,2025.01,1522.67,0.012956,204.56,3119.12
evt-payments-us-east-000019,2025-01-01 19:00:00+00:00,2025-01-01 19:05:00+00:00,payments,us-east,2025.01,1400.05,0.013125,223.4,2856.47
evt-payments-us-east-000020,2025-01-01 20:00:00+00:00,2025-01-01 20:05:00+00:00,payments,us-east,2025.01,1268.06,0.012543,225.46,2735.06
evt-payments-us-east-000021,2025-01-01 21:00:00+00:00,2025-01-01 21:05:00+00:00,payments,us-east,2025.01,958.57,0.012315,213.57,1927.81
evt-payments-us-east-000022,2025-01-01 22:00:00+00:00,2025-01-01 22:05:00+00:00,payments,us-east,2025.01,997.29,0.01412,233.85,2047.9
evt-payments-us-east-000023,2025-01-01 23:00:00+00:00,2025-01-01 23:05:00+00:00,payments,us-east,2025.01,955.51,0.01066,247.05,1955.01
evt-payments-us-east-000024,2025-01-02 00:00:00+00:00,2025-01-02 00:05:00+00:00,payments,us-east,2025.01,1024.68,0.014122,236.22,2106.34
evt-payments-us-east-000025,2025-01-02 01:00:00+00:00,2025-01-02 01:05:00+00:00,payments,us-east,2025.01,1022.03,0.006624,225.82,2043.13
evt-payments-us-east-000026,2025-01-02 02:00:00+00:00,2025-01-02 02:05:00+00:00,payments,us-east,2025.01,1040.97,0.01487,231.41,2142.9
evt-payments-us-east-000027,2025-01-02 03:00:00+00:00,2025-01-02 03:05:00+00:00,payments,us-east,2025.01,1195.65,0.012453,229.8,2475.98
evt-payments-us-east-000028,2025-01-02 04:00:00+00:00,2025-01-02 04:05:00+00:00,payments,us-east,2025.01,1203.56,0.012796,220.93,2478.86
evt-payments-us-east-000029,2025-01-02 05:00:00+00:00,2025-01-02 05:05:00+00:00,payments,us-east,2025.01,1289.58,0.010087,213.57,2751.14
evt-payments-us-east-000030,2025-01-02 06:00:00+00:00,2025-01-02 06:05:00+00:00,payments,us-east,2025.01,1355.67,0.011117,210.78,2803.03
evt-payments-us-east-000031,2025-01-02 07:00:00+00:00,2025-01-02 07:05:00+00:00,payments,us-east,2025.01,1407.3,0.010495,185.48,2778.22
evt-payments-us-east-000032,2025-01-02 08:00:00+00:00,2025-01-02 08:05:00+00:00,payments,us-east,2025.01,1451.56,0.012889,219.64,2928.17
evt-payments-us-east-000033,2025-01-02 09:00:00+00:00,2025-01-02 09:05:00+00:00,payments,us-east,2025.01,1671.4,0.01187,205.81,3419.42
evt-payments-us-east-000034,2025-01-02 10:00:00+00:00,2025-01-02 10:05:00+00:00,payments,us-east,2025.01,1804.08,0.010501,197.59,3547.33
evt-payments-us-east-000035,2025-01-02 11:00:00+00:00,2025-01-02 11:05:00+00:00,payments,us-east,2025.01,1815.63,0.00857,198.91,3709.16
evt-payments-us-east-000036,2025-01-02 12:00:00+00:00,2025-01-02 12:05:00+00:00,payments,us-east,2025.01,1936.48,0.012355,209.23,4140.19
evt-payments-us-east-000037,2025-01-02 13:00:00+00:00,2025-01-02 13:05:00+00:00,payments,us-east,2025.01,2163.58,0.0125,192.24,4604.64
evt-payments-us-east-000038,2025-01-02 14:00:00+00:00,2025-01-02 14:05:00+00:00,payments,us-east,2025.01,1994.52,0.010465,212.6,4264.39
evt-payments-us-east-000039,2025-01-02 15:00:00+00:00,2025-01-02 15:05:00+00:00,payments,us-east,2025.01,2100.68,0.010165,201.67,4185.04
evt-payments-us-east-000040,2025-01-02 16:00:00+00:00,2025-01-02 16:05:00+00:00,payments,us-east,2025.01,1959.76,0.011687,204.29,3989.09
evt-payments-us-east-000041,2025-01-02 17:00:00+00:00,2025-01-02 17:05:00+00:00,payments,us-east,2025.01,1897.3,0.012214,220.08,3890.1
evt-payments-us-east-000042,2025-01-02 18:00:00+00:00,2025-01-02 18:05:00+00:00,payments,us-east,2025.01,1523.88,0.01109,213.38,3182.56
evt-payments-us-east-000043,2025-01-02 19:00:00+00:00,2025-01-02 19:05:00+00:00,payments,us-east,2025.01,1470.05,0.009583,226.71,2935.55
evt-payments-us-east-000044,2025-01-02 20:00:00+00:00,2025-01-02 20:05:00+00:00,payments,us-east,2025.01,1173.44,0.013591,218.14,2392.53
evt-payments-us-east-000045,2025-01-02 21:00:00+00:00,2025-01-02 21:05:00+00:00,payments,us-east,2025.01,1151.82,0.009936,228.72,2405.1
evt-payments-us-east-000046,2025-01-02 22:00:00+00:00,2025-01-02 22:05:00+00:00,payments,us-east,2025.01,1006.04,0.010728,227.52,2119.76
evt-payments-us-east-000047,2025-01-02 23:00:00+00:00,2025-01-02 23:05:00+00:00,payments,us-east,2025.01,1047.38,0.011855,233.18,2172.26
evt-payments-us-east-000048,2025-01-03 00:00:00+00:00,2025-01-03 00:05:00+00:00,payments,us-east,2025.01,980.32,0.010245,225.16,1982.57
evt-payments-us-east-000049,2025-01-03 01:00:00+00:00,2025-01-03 01:05:00+00:00,payments,us-east,2025.01,947.11,0.012869,241.13,1986.23
evt-payments-us-east-000050,2025-01-03 02:00:00+00:00,2025-01-03 02:05:00+00:00,payments,us-east,2025.01,1085.1,0.011956,230.97,2317.49
evt-payments-us-east-000051,2025-01-03 03:00:00+00:00,2025-01-03 03:05:00+00:00,payments,us-east,2025.01,1124.84,0.015173,217.83,2220.2
evt-payments-us-east-000052,2025-01-03 04:00:00+00:00,2025-01-03 04:05:00+00:00,payments,us-east,2025.01,1214.41,0.009821,215.82,2473.93
evt-payments-us-east-000053,2025-01-03 05:00:00+00:00,2025-01-03 05:05:00+00:00,payments,us-east,2025.01,1376.9,0.010935,200.21,2714.43
evt-payments-us-east-000054,2025-01-03 06:00:00+00:00,2025-01-03 06:05:00+00:00,payments,us-east,2025.01,1302.39,0.011188,214.18,2629.36
evt-payments-us-east-000055,2025-01-03 07:00:00+00:00,2025-01-03 07:05:00+00:00,payments,us-east,2025.01,1466.17,0.011782,228.4,3024.09
evt-payments-us-east-000056,2025-01-03 08:00:00+00:00,2025-01-03 08:05:00+00:00,payments,us-east,2025.01,1628.41,0.011709,211.74,3415.75
evt-payments-us-east-000057,2025-01-03 09:00:00+00:00,2025-01-03 09:05:00+00:00,payments,us-east,2025.01,1581.3,0.010898,211.84,3214.79
evt-payments-us-east-000058,2025-01-03 10:00:00+00:00,2025-01-03 10:05:00+00:00,payments,us-east,2025.01,1740.6,0.011205,209.78,3723.93
evt-payments-us-east-000059,2025-01-03 11:00:00+00:00,2025-01-03 11:05:00+00:00,payments,us-east,2025.01,1809.84,0.011711,221.45,3722.01
evt-payments-us-east-000060,2025-01-03 12:00:00+00:00,2025-01-03 12:05:00+00:00,payments,us-east,2025.01,1936.47,0.011723,214.11,3926.48
evt-payments-us-east-000061,2025-01-03 13:00:00+00:00,2025-01-03 13:05:00+00:00,payments,us-east,2025.01,2018.29,0.010641,229.69,4044.39
evt-payments-us-east-000062,2025-01-03 14:00:00+00:00,2025-01-03 14:05:00+00:00,payments,us-east,2025.01,1995.09,0.012347,199.02,3877.94
evt-payments-us-east-000063,2025-01-03 15:00:00+00:00,2025-01-03 15:05:00+00:00,payments,us-east,2025.01,2093.09,0.01079,191.79,4226.63
evt-payments-us-east-000064,2025-01-03 16:00:00+00:00,2025-01-03 16:05:00+00:00,payments,us-east,2025.01,1983.56,0.011277,195.37,4177.48
evt-payments-us-east-000065,2025-01-03 17:00:00+00:00,2025-01-03 17:05:00+00:00,payments,us-east,2025.01,1746.21,0.011359,208.08,3488.51
evt-payments-us-east-000066,2025-01-03 18:00:00+00:00,2025-01-03 18:05:00+00:00,payments,us-east,2025.01,1685.91,0.009204,220.69,3637.5
evt-payments-us-east-000067,2025-01-03 19:00:00+00:00,2025-01-03 19:05:00+00:00,payments,us-east,2025.01,1329.66,0.01527,211.4,2741.31
evt-payments-us-east-000068,2025-01-03 20:00:00+00:00,2025-01-03 20:05:00+00:00,payments,us-east,2025.01,1204.61,0.007736,231.0,2503.2
evt-payments-us-east-000069,2025-01-03 21:00:00+00:00,2025-01-03 21:05:00+00:00,payments,us-east,2025.01,1171.85,0.011861,227.36,2344.6
evt-payments-us-east-000070,2025-01-03 22:00:00+00:00,2025-01-03 22:05:00+00:00,payments,us-east,2025.01,1043.36,0.011974,225.42,2153.54
evt-payments-us-east-000071,2025-01-03 23:00:00+00:00,2025-01-03 23:05:00+00:00,payments,us-east,2025.01,1000.6,0.011667,238.58,2093.74
evt-payments-us-east-000072,2025-01-04 00:00:00+00:00,2025-01-04 00:05:00+00:00,payments,us-east,2025.01,785.72,0.013556,228.3,1582.05
evt-payments-us-east-000073,2025-01-04 01:00:00+00:00,2025-01-04 01:05:00+00:00,payments,us-east,2025.01,828.62,0.012901,224.8,1670.05
evt-payments-us-east-000074,2025-01-04 02:00:00+00:00,2025-01-04 02:05:00+00:00,payments,us-east,2025.01,863.93,0.010757,227.72,1705.11
evt-payments-us-east-000075,2025-01-04 03:00:00+00:00,2025-01-04 03:05:00+00:00,payments,us-east,2025.01,940.66,0.013806,220.65,1939.17
evt-payments-us-east-000076,2025-01-04 04:00:00+00:00,2025-01-04 04:05:00+00:00,payments,us-east,2025.01,1153.61,0.012075,212.62,2328.59
evt-payments-us-east-000077,2025-01-04 05:00:00+00:00,2025-01-04 05:05:00+00:00,payments,us-east,2025.01,1092.65,0.009544,215.16,2201.33
evt-payments-us-east-000078,2025-01-04 06:00:00+00:00,2025-01-04 06:05:00+00:00,payments,us-east,2025.01,1076.74,0.013859,221.05,2203.41
evt-payments-us-east-000079,2025-01-04 07:00:00+00:00,2025-01-04 07:05:00+00:00,payments,us-east,2025.01,1201.57,0.013123,213.25,2536.6
evt-payments-us-east-000080,2025-01-04 08:00:00+00:00,2025-01-04 08:05:00+00:00,payments,us-east,2025.01,1229.61,0.012096,220.56,2453.38
evt-payments-us-east-000081,2025-01-04 09:00:00+00:00,2025-01-04 09:05:00+00:00,payments,us-east,2025.01,1251.28,0.01171,212.69,2537.81
evt-payments-us-east-000082,2025-01-04 10:00:00+00:00,2025-01-04 10:05:00+00:00,payments,us-east,2025.01,1288.07,0.010922,216.01,2572.69
evt-payments-us-east-000083,2025-01-04 11:00:00+00:00,2025-01-04 11:05:00+00:00,payments,us-east,2025.01,1465.45,0.013138,198.32,3026.82
evt-payments-us-east-000084,2025-01-04 12:00:00+00:00,2025-01-04 12:05:00+00:00,payments,us-east,2025.01,1557.54,0.012445,212.67,3137.85
evt-payments-us-east-000085,2025-01-04 13:00:00+00:00,2025-01-04 13:05:00+00:00,payments,us-east,2025.01,1587.04,0.007017,199.88,3171.75
evt-payments-us-east-000086,2025-01-04 14:00:00+00:00,2025-01-04 14:05:00+00:00,payments,us-east,2025.01,1675.27,0.011594,188.22,3401.41
evt-payments-us-east-000087,2025-01-04 15:00:00+00:00,2025-01-04 15:05:00+00:00,payments,us-east,2025.01,1703.96,0.012979,195.56,3401.19
evt-payments-us-east-000088,2025-01-04 16:00:00+00:00,2025-01-04 16:05:00+00:00,payments,us-east,2025.01,1637.6,0.012762,218.39,3442.52
evt-payments-us-east-000089,2025-01-04 17:00:00+00:00,2025-01-04 17:05:00+00:00,payments,us-east,2025.01,1518.47,0.007223,213.79,3069.23
evt-payments-us-east-000090,2025-01-04 18:00:00+00:00,2025-01-04 18:05:00+00:00,payments,us-east,2025.01,1291.78,0.011397,223.49,2641.89
evt-payments-us-east-000091,2025-01-04 19:00:00+00:00,2025-01-04 19:05:00+00:00,payments,us-east,2025.01,1209.42,0.012692,221.68,2541.47
evt-payments-us-east-000092,2025-01-04 20:00:00+00:00,2025-01-04 20:05:00+00:00,payments,us-east,2025.01,1065.47,0.00983,219.66,2254.81
evt-payments-us-east-000093,2025-01-04 21:00:00+00:00,2025-01-04 21:05:00+00:00,payments,us-east,2025.01,870.62,0.010957,224.23,1749.01
evt-payments-us-east-000094,2025-01-04 22:00:00+00:00,2025-01-04 22:05:00+00:00,payments,us-east,2025.01,831.75,0.010313,224.51,1700.9
evt-payments-us-east-000095,2025-01-04 23:00:00+00:00,2025-01-04 23:05:00+00:00,payments,us-east,2025.01,871.72,0.01104,232.8,1833.67
evt-payments-us-east-000096,2025-01-05 00:00:00+00:00,2025-01-05 00:05:00+00:00,payments,us-east,2025.01,830.64,0.011285,218.26,1714.14
evt-payments-us-east-000097,2025-01-05 01:00:00+00:00,2025-01-05 01:05:00+00:00,payments,us-east,2025.01,866.26,0.010988,212.81,1740.23
evt-payments-us-east-000098,2025-01-05 02:00:00+00:00,2025-01-05 02:05:00+00:00,payments,us-east,2025.01,877.33,0.00956,234.16,1754.59
evt-payments-us-east-000099,2025-01-05 03:00:00+00:00,2025-01-05 03:05:00+00:00,payments,us-east,2025.01,895.71,0.012345,210.27,1869.61
evt-payments-us-east-000100,2025-01-05 04:00:00+00:00,2025-01-05 04:05:00+00:00,payments,us-east,2025.01,989.24,0.012451,221.5,2057.84
evt-payments-us-east-000101,2025-01-05 05:00:00+00:00,2025-01-05 05:05:00+00:00,payments,us-east,2025.01,949.22,0.010162,218.4,1915.18
evt-payments-us-east-000102,2025-01-05 06:00:00+00:00,2025-01-05 06:05:00+00:00,payments,us-east,2025.01,1049.78,0.006947,220.45,2197.59
evt-payments-us-east-000103,2025-01-05 07:00:00+00:00,2025-01-05 07:05:00+00:00,payments,us-east,2025.01,1143.85,0.009567,212.77,2358.11
evt-payments-us-east-000104,2025-01-05 08:00:00+00:00,2025-01-05 08:05:00+00:00,payments,us-east,2025.01,1200.81,0.009093,215.55,2475.22
evt-payments-us-east-000105,2025-01-05 09:00:00+00:00,2025-01-05 09:05:00+00:00,payments,us-east,2025.01,1357.74,0.01145,217.37,2817.99
evt-payments-us-east-000106,2025-01-05 10:00:00+00:00,2025-01-05 10:05:00+00:00,payments,us-east,2025.01,1377.27,0.009434,206.28,2809.46
evt-payments-us-east-000107,2025-01-05 11:00:00+00:00,2025-01-05 11:05:00+00:00,payments,us-east,2025.01,1572.49,0.011225,194.71,3150.21
evt-payments-us-east-000108,2025-01-05 12:00:00+00:00,2025-01-05 12:05:00+00:00,payments,us-east,2025.01,1575.75,0.013742,195.79,3393.65
evt-payments-us-east-000109,2025-01-05 13:00:00+00:00,2025-01-05 13:05:00+00:00,payments,us-east,2025.01,1702.94,0.011221,207.14,3531.14
evt-payments-us-east-000110,2025-01-05 14:00:00+00:00,2025-01-05 14:05:00+00:00,payments,us-east,2025.01,1678.11,0.007158,208.75,3605.95
evt-payments-us-east-000111,2025-01-05 15:00:00+00:00,2025-01-05 15:05:00+00:00,payments,us-east,2025.01,1755.67,0.009253,209.42,3571.43
evt-payments-us-east-000112,2025-01-05 16:00:00+00:00,2025-01-05 16:05:00+00:00,payments,us-east,2025.01,1613.84,0.007935,193.46,3468.11
evt-payments-us-east-000113,2025-01-05 17:00:00+00:00,2025-01-05 17:05:00+00:00,payments,us-east,2025.01,1477.13,0.011231,216.42,3069.55
evt-payments-us-east-000114,2025-01-05 18:00:00+00:00,2025-01-05 18:05:00+00:00,payments,us-east,2025.01,1305.84,0.012472,209.05,2693.05
evt-payments-us-east-000115,2025-01-05 19:00:00+00:00,2025-01-05 19:05:00+00:00,payments,us-east,2025.01,1151.21,0.012183,214.87,2330.44
evt-payments-us-east-000116,2025-01-05 20:00:00+00:00,2025-01-05 20:05:00+00:00,payments,us-east,2025.01,1092.15,0.010531,222.39,2183.4
evt-payments-us-east-000117,2025-01-05 21:00:00+00:00,2025-01-05 21:05:00+00:00,payments,us-east,2025.01,1044.61,0.015837,231.08,2119.12
evt-payments-us-east-000118,2025-01-05 22:00:00+00:00,2025-01-05 22:05:00+00:00,payments,us-east,2025.01,785.15,0.011288,226.61,1602.17
evt-payments-us-east-000119,2025-01-05 23:00:00+00:00,2025-01-05 23:05:00+00:00,payments,us-east,2025.01,716.02,0.009361,227.06,1422.63
evt-payments-us-east-000120,2025-01-06 00:00:00+00:00,2025-01-06 00:05:00+00:00,payments,us-east,2025.01,1009.47,0.008747,224.7,2022.77
evt-payments-us-east-000121,2025-01-06 01:00:00+00:00,2025-01-06 01:05:00+00:00,payments,us-east,2025.01,1086.06,0.011786,231.93,2100.67
evt-payments-us-east-000122,2025-01-06 02:00:00+00:00,2025-01-06 02:05:00+00:00,payments,us-east,2025.01,1236.04,0.013203,228.53,2525.05
evt-payments-us-east-000123,2025-01-06 03:00:00+00:00,2025-01-06 03:05:00+00:00,payments,us-east,2025.01,1179.21,0.010642,232.86,2390.81
evt-payments-us-east-000124,2025-01-06 04:00:00+00:00,2025-01-06 04:05:00+00:00,payments,us-east,2025.01,1145.17,0.009859,228.25,2242.92
evt-payments-us-east-000125,2025-01-06 05:00:00+00:00,2025-01-06 05:05:00+00:00,payments,us-east,2025.01,1295.68,0.013305,217.98,2650.64
evt-payments-us-east-000126,2025-01-06 06:00:00+00:00,2025-01-06 06:05:00+00:00,payments,us-east,2025.01,1195.26,0.007405,210.49,2359.92
evt-payments-us-east-000127,2025-01-06 07:00:00+00:00,2025-01-06 07:05:00+00:00,payments,us-east,2025.01,1417.7,0.009486,195.63,2977.97
evt-payments-us-east-000128,2025-01-06 08:00:00+00:00,2025-01-06 08:05:00+00:00,payments,us-east,2025.01,1472.79,0.011983,216.67,2929.5
evt-payments-us-east-000129,2025-01-06 09:00:00+00:00,2025-01-06 09:05:00+00:00,payments,us-east,2025.01,1583.67,0.00956,223.81,3172.35
evt-payments-us-east-000130,2025-01-06 10:00:00+00:00,2025-01-06 10:05:00+00:00,payments,us-east,2025.01,1766.14,0.007333,213.27,3574.06
evt-payments-us-east-000131,2025-01-06 11:00:00+00:00,2025-01-06 11:05:00+00:00,payments,us-east,2025.01,1798.97,0.01075,217.25,3846.01
evt-payments-us-east-000132,2025-01-06 12:00:00+00:00,2025-01-06 12:05:00+00:00,payments,us-east,2025.01,2005.53,0.007778,214.35,4226.76
evt-payments-us-east-000133,2025-01-06 13:00:00+00:00,2025-01-06 13:05:00+00:00,payments,us-east,2025.01,1992.46,0.008551,206.65,4329.71
evt-payments-us-east-000134,2025-01-06 14:00:00+00:00,2025-01-06 14:05:00+00:00,payments,us-east,2025.01,2078.3,0.011037,218.82,4174.77
evt-payments-us-east-000135,2025-01-06 15:00:00+00:00,2025-01-06 15:05:00+00:00,payments,us-east,2025.01,2009.79,0.011206,201.4,4052.1
evt-payments-us-east-000136,2025-01-06 16:00:00+00:00,2025-01-06 16:05:00+00:00,payments,us-east,2025.01,1856.19,0.014137,202.23,3791.02
evt-payments-us-east-000137,2025-01-06 17:00:00+00:00,2025-01-06 17:05:00+00:00,payments,us-east,2025.01,1670.87,0.011389,196.79,3428.41
evt-payments-us-east-000138,2025-01-06 18:00:00+00:00,2025-01-06 18:05:00+00:00,payments,us-east,2025.01,1683.66,0.012104,226.65,3565.32
evt-payments-us-east-000139,2025-01-06 19:00:00+00:00,2025-01-06 19:05:00+00:00,payments,us-east,2025.01,1377.6,0.009266,209.44,2849.78
evt-payments-us-east-000140,2025-01-06 20:00:00+00:00,2025-01-06 20:05:00+00:00,payments,us-east,2025.01,1257.76,0.009362,240.15,2613.46
evt-payments-us-east-000141,2025-01-06 21:00:00+00:00,2025-01-06 21:05:00+00:00,payments,us-east,2025.01,1145.14,0.01314,223.9,2306.13
evt-payments-us-east-000142,2025-01-06 22:00:00+00:00,2025-01-06 22:05:00+00:00,payments,us-east,2025.01,1019.96,0.011261,221.37,2150.71
evt-payments-us-east-000143,2025-01-06 23:00:00+00:00,2025-01-06 23:05:00+00:00,payments,us-east,2025.01,972.82,0.013011,233.25,1944.7
evt-payments-us-east-000144,2025-01-07 00:00:00+00:00,2025-01-07 00:05:00+00:00,payments,us-east,2025.01,946.95,0.009598,238.54,1930.63
evt-payments-us-east-000145,2025-01-07 01:00:00+00:00,2025-01-07 01:05:00+00:00,payments,us-east,2025.01,1002.83,0.012816,229.74,2069.97
evt-payments-us-east-000146,2025-01-07 02:00:00+00:00,2025-01-07 02:05:00+00:00,payments,us-east,2025.01,1014.16,0.012996,227.19,2080.05
evt-payments-us-east-000147,2025-01-07 03:00:00+00:00,2025-01-07 03:05:00+00:00,payments,us-east,2025.01,1079.77,0.012202,213.7,2175.03
evt-payments-us-east-000148,2025-01-07 04:00:00+00:00,2025-01-07 04:05:00+00:00,payments,us-east,2025.01,1223.58,0.008619,204.17,2448.09
evt-payments-us-east-000149,2025-01-07 05:00:00+00:00,2025-01-07 05:05:00+00:00,payments,us-east,2025.01,1307.7,0.007707,226.37,2623.94
evt-payments-us-east-000150,2025-01-07 06:00:00+00:00,2025-01-07 06:05:00+00:00,payments,us-east,2025.01,1508.68,0.007945,209.91,3108.29
evt-payments-us-east-000151,2025-01-07 07:00:00+00:00,2025-01-07 07:05:00+00:00,payments,us-east,2025.01,1403.33,0.009971,207.51,2825.56
evt-payments-us-east-000152,2025-01-07 08:00:00+00:00,2025-01-07 08:05:00+00:00,payments,us-east,2025.01,1552.84,0.010287,201.95,3122.92
evt-payments-us-east-000153,2025-01-07 09:00:00+00:00,2025-01-07 09:05:00+00:00,payments,us-east,2025.01,1553.92,0.012736,214.91,3143.42
evt-payments-us-east-000154,2025-01-07 10:00:00+00:00,2025-01-07 10:05:00+00:00,payments,us-east,2025.01,1778.7,0.006425,211.47,3666.46
evt-payments-us-east-000155,2025-01-07 11:00:00+00:00,2025-01-07 11:05:00+00:00,payments,us-east,2025.01,1916.16,0.009407,212.7,3994.45
evt-payments-us-east-000156,2025-01-07 12:00:00+00:00,2025-01-07 12:05:00+00:00,payments,us-east,2025.01,2007.49,0.01035,201.65,4084.46
evt-payments-us-east-000157,2025-01-07 13:00:00+00:00,2025-01-07 13:05:00+00:00,payments,us-east,2025.01,2011.61,0.009864,216.61,4413.8
evt-payments-us-east-000158,2025-01-07 14:00:00+00:00,2025-01-07 14:05:00+00:00,payments,us-east,2025.01,2072.23,0.008979,210.48,4247.69
evt-payments-us-east-000159,2025-01-07 15:00:00+00:00,2025-01-07 15:05:00+00:00,payments,us-east,2025.01,2037.74,0.012178,192.16,4174.39
evt-payments-us-east-000160,2025-01-07 16:00:00+00:00,2025-01-07 16:05:00+00:00,payments,us-east,2025.01,1914.1,0.011633,197.89,3876.68
evt-payments-us-east-000161,2025-01-07 17:00:00+00:00,2025-01-07 17:05:00+00:00,payments,us-east,2025.01,1840.74,0.011429,208.61,3744.94
evt-payments-us-east-000162,2025-01-07 18:00:00+00:00,2025-01-07 18:05:00+00:00,payments,us-east,2025.01,1618.01,0.007303,214.22,3392.44
evt-payments-us-east-000163,2025-01-07 19:00:00+00:00,2025-01-07 19:05:00+00:00,payments,us-east,2025.01,1543.33,0.009525,221.96,3222.34
evt-payments-us-east-000164,2025-01-07 20:00:00+00:00,2025-01-07 20:05:00+00:00,payments,us-east,2025.01,1279.71,0.009816,239.14,2548.09
evt-payments-us-east-000165,2025-01-07 21:00:00+00:00,2025-01-07 21:05:00+00:00,payments,us-east,2025.01,1145.31,0.012335,235.55,2343.5
evt-payments-us-east-000166,2025-01-07 22:00:00+00:00,2025-01-07 22:05:00+00:00,payments,us-east,2025.01,1013.24,0.013308,224.27,2113.8
evt-payments-us-east-000167,2025-01-07 23:00:00+00:00,2025-01-07 23:05:00+00:00,payments,us-east,2025.01,958.67,0.012403,221.4,2081.23
evt-payments-us-east-000168,2025-01-08 00:00:00+00:00,2025-01-08 00:05:00+00:00,payments,us-east,2025.01,914.22,0.012141,230.15,1861.8
evt-payments-us-east-000169,2025-01-08 01:00:00+00:00,2025-01-08 01:05:00+00:00,payments,us-east,2025.01,899.07,0.014022,208.58,1856.7
evt-payments-us-east-000170,2025-01-08 02:00:00+00:00,2025-01-08 02:05:00+00:00,payments,us-east,2025.01,1103.14,0.010701,230.64,2267.42
evt-payments-us-east-000171,2025-01-08 03:00:00+00:00,2025-01-08 03:05:00+00:00,payments,us-east,2025.01,1085.19,0.012868,221.28,2174.52
evt-payments-us-east-000172,2025-01-08 04:00:00+00:00,2025-01-08 04:05:00+00:00,payments,us-east,2025.01,1177.13,0.008896,218.95,2579.29
evt-payments-us-east-000173,2025-01-08 05:00:00+00:00,2025-01-08 05:05:00+00:00,payments,us-east,2025.01,1300.18,0.011407,232.62,2555.94
evt-payments-us-east-000174,2025-01-08 06:00:00+00:00,2025-01-08 06:05:00+00:00,payments,us-east,2025.01,1377.72,0.007405,225.8,2738.17
evt-payments-us-east-000175,2025-01-08 07:00:00+00:00,2025-01-08 07:05:00+00:00,payments,us-east,2025.01,1471.05,0.009863,220.13,2882.99
evt-payments-us-east-000176,2025-01-08 08:00:00+00:00,2025-01-08 08:05:00+00:00,payments,us-east,2025.01,1589.82,0.008159,222.64,3447.44
evt-payments-us-east-000177,2025-01-08 09:00:00+00:00,2025-01-08 09:05:00+00:00,payments,us-east,2025.01,1632.77,0.008469,220.59,3359.58
evt-payments-us-east-000178,2025-01-08 10:00:00+00:00,2025-01-08 10:05:00+00:00,payments,us-east,2025.01,1695.81,0.007011,211.95,3403.33
evt-payments-us-east-000179,2025-01-08 11:00:00+00:00,2025-01-08 11:05:00+00:00,payments,us-east,2025.01,1805.77,0.009497,198.77,3778.76
evt-payments-us-east-000180,2025-01-08 12:00:00+00:00,2025-01-08 12:05:00+00:00,payments,us-east,2025.01,1993.8,0.009905,210.74,4060.25
evt-payments-us-east-000181,2025-01-08 13:00:00+00:00,2025-01-08 13:05:00+00:00,payments,us-east,2025.01,2037.71,0.012989,190.08,4108.06
evt-payments-us-east-000182,2025-01-08 14:00:00+00:00,2025-01-08 14:05:00+00:00,payments,us-east,2025.01,2088.67,0.010189,191.47,4398.11
evt-payments-us-east-000183,2025-01-08 15:00:00+00:00,2025-01-08 15:05:00+00:00,payments,us-east,2025.01,2024.88,0.011467,213.08,4069.7
evt-payments-us-east-000184,2025-01-08 16:00:00+00:00,2025-01-08 16:05:00+00:00,payments,us-east,2025.01,1885.33,0.010795,205.24,3935.66
evt-payments-us-east-000185,2025-01-08 17:00:00+00:00,2025-01-08 17:05:00+00:00,payments,us-east,2025.01,1866.34,0.011328,221.18,3994.68
evt-payments-us-east-000186,2025-01-08 18:00:00+00:00,2025-01-08 18:05:00+00:00,payments,us-east,2025.01,1585.98,0.011674,208.91,3185.41
evt-payments-us-east-000187,2025-01-08 19:00:00+00:00,2025-01-08 19:05:00+00:00,payments,us-east,2025.01,1478.82,0.010138,221.65,2925.03
evt-payments-us-east-000188,2025-01-08 20:00:00+00:00,2025-01-08 20:05:00+00:00,payments,us-east,2025.01,1244.99,0.007747,226.15,2599.55
evt-payments-us-east-000189,2025-01-08 21:00:00+00:00,2025-01-08 21:05:00+00:00,payments,us-east,2025.01,1163.98,0.010941,231.81,2446.98
evt-payments-us-east-000190,2025-01-08 22:00:00+00:00,2025-01-08 22:05:00+00:00,payments,us-east,2025.01,971.13,0.011685,218.88,1883.54
evt-payments-us-east-000191,2025-01-08 23:00:00+00:00,2025-01-08 23:05:00+00:00,payments,us-east,2025.01,1026.52,0.009687,228.28,2081.51
evt-payments-us-east-000192,2025-01-09 00:00:00+00:00,2025-01-09 00:05:00+00:00,payments,us-east,2025.01,942.96,0.012448,216.22,1882.45
evt-payments-us-east-000193,2025-01-09 01:00:00+00:00,2025-01-09 01:05:00+00:00,payments,us-east,2025.01,1144.29,0.010841,225.33,2324.51
evt-payments-us-east-000194,2025-01-09 02:00:00+00:00,2025-01-09 02:05:00+00:00,payments,us-east,2025.01,1109.26,0.010478,239.42,2254.48
evt-payments-us-east-000195,2025-01-09 03:00:00+00:00,2025-01-09 03:05:00+00:00,payments,us-east,2025.01,1181.17,0.011834,233.72,2393.74
evt-payments-us-east-000196,2025-01-09 04:00:00+00:00,2025-01-09 04:05:00+00:00,payments,us-east,2025.01,1253.25,0.009588,226.1,2674.05
evt-payments-us-east-000197,2025-01-09 05:00:00+00:00,2025-01-09 05:05:00+00:00,payments,us-east,2025.01,1203.02,0.011779,210.02,2508.82
evt-payments-us-east-000198,2025-01-09 06:00:00+00:00,2025-01-09 06:05:00+00:00,payments,us-east,2025.01,1353.76,0.014669,210.59,2811.13
evt-payments-us-east-000199,2025-01-09 07:00:00+00:00,2025-01-09 07:05:00+00:00,payments,us-east,2025.01,1409.24,0.012658,218.03,3035.91
evt-payments-us-east-000200,2025-01-09 08:00:00+00:00,2025-01-09 08:05:00+00:00,payments,us-east,2025.01,1563.69,0.012302,218.97,3231.66
evt-payments-us-east-000201,2025-01-09 09:00:00+00:00,2025-01-09 09:05:00+00:00,payments,us-east,2025.01,1642.75,0.011736,198.57,3326.29
evt-payments-us-east-000202,2025-01-09 10:00:00+00:00,2025-01-09 10:05:00+00:00,payments,us-east,2025.01,1690.35,0.010381,222.2,3348.54
evt-payments-us-east-000203,2025-01-09 11:00:00+00:00,2025-01-09 11:05:00+00:00,payments,us-east,2025.01,1933.0,0.008091,197.33,3893.35
evt-payments-us-east-000204,2025-01-09 12:00:00+00:00,2025-01-09 12:05:00+00:00,payments,us-east,2025.01,2028.2,0.011627,205.02,4074.86
evt-payments-us-east-000205,2025-01-09 13:00:00+00:00,2025-01-09 13:05:00+00:00,payments,us-east,2025.01,1927.41,0.012907,206.19,3705.7
evt-payments-us-east-000206,2025-01-09 14:00:00+00:00,2025-01-09 14:05:00+00:00,payments,us-east,2025.01,2084.44,0.01064,211.71,4075.32
evt-payments-us-east-000207,2025-01-09 15:00:00+00:00,2025-01-09 15:05:00+00:00,payments,us-east,2025.01,2012.66,0.014188,207.25,4148.34
evt-payments-us-east-000208,2025-01-09 16:00:00+00:00,2025-01-09 16:05:00+00:00,payments,us-east,2025.01,1990.93,0.010523,203.99,4123.57
evt-payments-us-east-000209,2025-01-09 17:00:00+00:00,2025-01-09 17:05:00+00:00,payments,us-east,2025.01,1819.62,0.010178,203.32,3661.49
evt-payments-us-east-000210,2025-01-09 18:00:00+00:00,2025-01-09 18:05:00+00:00,payments,us-east,2025.01,1514.29,0.010958,218.47,3122.29
evt-payments-us-east-000211,2025-01-09 19:00:00+00:00,2025-01-09 19:05:00+00:00,payments,us-east,2025.01,1443.89,0.012936,224.0,3091.7
evt-payments-us-east-000212,2025-01-09 20:00:00+00:00,2025-01-09 20:05:00+00:00,payments,us-east,2025.01,1279.58,0.012848,209.85,2624.29
evt-payments-us-east-000213,2025-01-09 21:00:00+00:00,2025-01-09 21:05:00+00:00,payments,us-east,2025.01,1124.52,0.011199,227.49,2305.59
evt-payments-us-east-000214,2025-01-09 22:00:00+00:00,2025-01-09 22:05:00+00:00,payments,us-east,2025.01,968.57,0.015198,217.09,2044.53
evt-payments-us-east-000215,2025-01-09 23:00:00+00:00,2025-01-09 23:05:00+00:00,payments,us-east,2025.01,1075.61,0.014685,234.39,2192.87
evt-payments-us-east-000216,2025-01-10 00:00:00+00:00,2025-01-10 00:05:00+00:00,payments,us-east,2025.01,1026.25,0.012335,225.51,2101.59
evt-payments-us-east-000217,2025-01-10 01:00:00+00:00,2025-01-10 01:05:00+00:00,payments,us-east,2025.01,1133.99,0.01074,245.97,2294.68
evt-payments-us-east-000218,2025-01-10 02:00:00+00:00,2025-01-10 02:05:00+00:00,payments,us-east,2025.01,1071.44,0.011107,222.08,2237.34
evt-payments-us-east-000219,2025-01-10 03:00:00+00:00,2025-01-10 03:05:00+00:00,payments,us-east,2025.01,1152.0,0.010835,227.92,2275.09
evt-payments-us-east-000220,2025-01-10 04:00:00+00:00,2025-01-10 04:05:00+00:00,payments,us-east,2025.01,1235.07,0.01246,217.26,2596.97
evt-payments-us-east-000221,2025-01-10 05:00:00+00:00,2025-01-10 05:05:00+00:00,payments,us-east,2025.01,1288.82,0.00908,224.64,2563.32
evt-payments-us-east-000222,2025-01-10 06:00:00+00:00,2025-01-10 06:05:00+00:00,payments,us-east,2025.01,1335.59,0.011384,231.4,2681.46
evt-payments-us-east-000223,2025-01-10 07:00:00+00:00,2025-01-10 07:05:00+00:00,payments,us-east,2025.01,1387.56,0.013279,212.3,2845.05
evt-payments-us-east-000224,2025-01-10 08:00:00+00:00,2025-01-10 08:05:00+00:00,payments,us-east,2025.01,1569.56,0.011344,213.17,3205.28
evt-payments-us-east-000225,2025-01-10 09:00:00+00:00,2025-01-10 09:05:00+00:00,payments,us-east,2025.01,1627.25,0.010336,202.15,3417.02
evt-payments-us-east-000226,2025-01-10 10:00:00+00:00,2025-01-10 10:05:00+00:00,payments,us-east,2025.01,1745.0,0.00835,220.66,3654.97
evt-payments-us-east-000227,2025-01-10 11:00:00+00:00,2025-01-10 11:05:00+00:00,payments,us-east,2025.01,1822.06,0.012699,213.73,3839.47
evt-payments-us-east-000228,2025-01-10 12:00:00+00:00,2025-01-10 12:05:00+00:00,payments,us-east,2025.01,1988.83,0.010821,210.71,4184.14
evt-payments-us-east-000229,2025-01-10 13:00:00+00:00,2025-01-10 13:05:00+00:00,payments,us-east,2025.01,2083.91,0.012965,210.63,4500.39
evt-payments-us-east-000230,2025-01-10 14:00:00+00:00,2025-01-10 14:05:00+00:00,payments,us-east,2025.01,1985.79,0.010455,191.23,4110.44
evt-payments-us-east-000231,2025-01-10 15:00:00+00:00,2025-01-10 15:05:00+00:00,payments,us-east,2025.01,2045.45,0.00848,210.75,4086.99
evt-payments-us-east-000232,2025-01-10 16:00:00+00:00,2025-01-10 16:05:00+00:00,payments,us-east,2025.01,1913.93,0.01269,205.56,3897.17
evt-payments-us-east-000233,2025-01-10 17:00:00+00:00,2025-01-10 17:05:00+00:00,payments,us-east,2025.01,1842.42,0.009161,196.87,3653.49
evt-payments-us-east-000234,2025-01-10 18:00:00+00:00,2025-01-10 18:05:00+00:00,payments,us-east,2025.01,1539.22,0.00944,195.96,3226.72
evt-payments-us-east-000235,2025-01-10 19:00:00+00:00,2025-01-10 19:05:00+00:00,payments,us-east,2025.01,1400.69,0.012125,229.22,2945.29
evt-payments-us-east-000236,2025-01-10 20:00:00+00:00,2025-01-10 20:05:00+00:00,payments,us-east,2025.01,1188.78,0.011316,218.8,2317.77
evt-payments-us-east-000237,2025-01-10 21:00:00+00:00,2025-01-10 21:05:00+00:00,payments,us-east,2025.01,1145.1,0.011736,218.45,2355.68
evt-payments-us-east-000238,2025-01-10 22:00:00+00:00,2025-01-10 22:05:00+00:00,payments,us-east,2025.01,1023.03,0.011314,223.22,2111.62
evt-payments-us-east-000239,2025-01-10 23:00:00+00:00,2025-01-10 23:05:00+00:00,payments,us-east,2025.01,1006.73,0.012965,234.56,2045.11
evt-payments-us-east-000240,2025-01-11 00:00:00+00:00,2025-01-11 00:05:00+00:00,payments,us-east,2025.01,725.38,0.012783,221.16,1533.94
evt-payments-us-east-000241,2025-01-11 01:00:00+00:00,2025-01-11 01:05:00+00:00,payments,us-east,2025.01,809.03,0.009381,230.54,1685.54
evt-payments-us-east-000242,2025-01-11 02:00:00+00:00,2025-01-11 02:05:00+00:00,payments,us-east,2025.01,955.69,0.009599,229.67,1887.35
evt-payments-us-east-000243,2025-01-11 03:00:00+00:00,2025-01-11 03:05:00+00:00,payments,us-east,2025.01,971.69,0.011515,216.43,1974.57
evt-payments-us-east-000244,2025-01-11 04:00:00+00:00,2025-01-11 04:05:00+00:00,payments,us-east,2025.01,943.38,0.009768,214.95,1891.87
evt-payments-us-east-000245,2025-01-11 05:00:00+00:00,2025-01-11 05:05:00+00:00,payments,us-east,2025.01,1085.39,0.012724,236.7,2344.63
evt-payments-us-east-000246,2025-01-11 06:00:00+00:00,2025-01-11 06:05:00+00:00,payments,us-east,2025.01,1066.98,0.013129,224.98,2133.83
evt-payments-us-east-000247,2025-01-11 07:00:00+00:00,2025-01-11 07:05:00+00:00,payments,us-east,2025.01,1147.06,0.009891,218.27,2348.03
evt-payments-us-east-000248,2025-01-11 08:00:00+00:00,2025-01-11 08:05:00+00:00,payments,us-east,2025.01,1308.44,0.009388,214.98,2605.23
evt-payments-us-east-000249,2025-01-11 09:00:00+00:00,2025-01-11 09:05:00+00:00,payments,us-east,2025.01,1367.01,0.008917,209.29,2803.25
evt-payments-us-east-000250,2025-01-11 10:00:00+00:00,2025-01-11 10:05:00+00:00,payments,us-east,2025.01,1380.65,0.009425,214.09,2839.01
evt-payments-us-east-000251,2025-01-11 11:00:00+00:00,2025-01-11 11:05:00+00:00,payments,us-east,2025.01,1482.53,0.008384,187.11,3094.11
evt-payments-us-east-000252,2025-01-11 12:00:00+00:00,2025-01-11 12:05:00+00:00,payments,us-east,2025.01,1655.08,0.008896,202.28,3257.07
evt-payments-us-east-000253,2025-01-11 13:00:00+00:00,2025-01-11 13:05:00+00:00,payments,us-east,2025.01,1754.2,0.010662,187.4,3613.56
evt-payments-us-east-000254,2025-01-11 14:00:00+00:00,2025-01-11 14:05:00+00:00,payments,us-east,2025.01,1669.7,0.010562,201.21,3320.41
evt-payments-us-east-000255,2025-01-11 15:00:00+00:00,2025-01-11 15:05:00+00:00,payments,us-east,2025.01,1699.98,0.00829,201.15,3645.54
evt-payments-us-east-000256,2025-01-11 16:00:00+00:00,2025-01-11 16:05:00+00:00,payments,us-east,2025.01,1575.81,0.006422,209.98,3285.45
evt-payments-us-east-000257,2025-01-11 17:00:00+00:00,2025-01-11 17:05:00+00:00,payments,us-east,2025.01,1379.39,0.011157,217.48,2879.56
evt-payments-us-east-000258,2025-01-11 18:00:00+00:00,2025-01-11 18:05:00+00:00,payments,us-east,2025.01,1273.97,0.012435,214.53,2668.29
evt-payments-us-east-000259,2025-01-11 19:00:00+00:00,2025-01-11 19:05:00+00:00,payments,us-east,2025.01,1272.28,0.01244,213.76,2505.82
evt-payments-us-east-000260,2025-01-11 20:00:00+00:00,2025-01-11 20:05:00+00:00,payments,us-east,2025.01,1068.21,0.013147,222.64,2279.54
evt-payments-us-east-000261,2025-01-11 21:00:00+00:00,2025-01-11 21:05:00+00:00,payments,us-east,2025.01,932.07,0.011329,226.14,1910.83
evt-payments-us-east-000262,2025-01-11 22:00:00+00:00,2025-01-11 22:05:00+00:00,payments,us-east,2025.01,788.72,0.014665,226.74,1619.33
evt-payments-us-east-000263,2025-01-11 23:00:00+00:00,2025-01-11 23:05:00+00:00,payments,us-east,2025.01,756.23,0.014598,243.36,1515.85
evt-payments-us-east-000264,2025-01-12 00:00:00+00:00,2025-01-12 00:05:00+00:00,payments,us-east,2025.01,900.87,0.010134,235.8,1852.12
evt-payments-us-east-000265,2025-01-12 01:00:00+00:00,2025-01-12 01:05:00+00:00,payments,us-east,2025.01,847.12,0.012339,231.02,1776.31
evt-payments-us-east-000266,2025-01-12 02:00:00+00:00,2025-01-12 02:05:00+00:00,payments,us-east,2025.01,903.91,0.013466,221.27,1853.88
evt-payments-us-east-000267,2025-01-12 03:00:00+00:00,2025-01-12 03:05:00+00:00,payments,us-east,2025.01,1115.89,0.010477,233.0,2307.34
evt-payments-us-east-000268,2025-01-12 04:00:00+00:00,2025-01-12 04:05:00+00:00,payments,us-east,2025.01,1000.39,0.010956,215.9,2065.01
evt-payments-us-east-000269,2025-01-12 05:00:00+00:00,2025-01-12 05:05:00+00:00,payments,us-east,2025.01,1118.33,0.014698,214.22,2273.13
evt-payments-us-east-000270,2025-01-12 06:00:00+00:00,2025-01-12 06:05:00+00:00,payments,us-east,2025.01,1061.35,0.01268,215.27,2227.27
evt-payments-us-east-000271,2025-01-12 07:00:00+00:00,2025-01-12 07:05:00+00:00,payments,us-east,2025.01,1169.59,0.012876,228.2,2353.28
evt-payments-us-east-000272,2025-01-12 08:00:00+00:00,2025-01-12 08:05:00+00:00,payments,us-east,2025.01,1221.97,0.009255,212.97,2544.46
evt-payments-us-east-000273,2025-01-12 09:00:00+00:00,2025-01-12 09:05:00+00:00,payments,us-east,2025.01,1299.1,0.012248,205.86,2526.14
evt-payments-us-east-000274,2025-01-12 10:00:00+00:00,2025-01-12 10:05:00+00:00,payments,us-east,2025.01,1413.61,0.012702,209.85,2910.01
evt-payments-us-east-000275,2025-01-12 11:00:00+00:00,2025-01-12 11:05:00+00:00,payments,us-east,2025.01,1518.13,0.007961,210.66,2989.47
evt-payments-us-east-000276,2025-01-12 12:00:00+00:00,2025-01-12 12:05:00+00:00,payments,us-east,2025.01,1508.33,0.011866,209.79,3107.46
evt-payments-us-east-000277,2025-01-12 13:00:00+00:00,2025-01-12 13:05:00+00:00,payments,us-east,2025.01,1763.08,0.012084,202.04,3379.13
evt-payments-us-east-000278,2025-01-12 14:00:00+00:00,2025-01-12 14:05:00+00:00,payments,us-east,2025.01,1745.0,0.009542,195.81,3605.94
evt-payments-us-east-000279,2025-01-12 15:00:00+00:00,2025-01-12 15:05:00+00:00,payments,us-east,2025.01,1568.61,0.01098,204.68,3163.25
evt-payments-us-east-000280,2025-01-12 16:00:00+00:00,2025-01-12 16:05:00+00:00,payments,us-east,2025.01,1674.8,0.012791,197.85,3472.8
evt-payments-us-east-000281,2025-01-12 17:00:00+00:00,2025-01-12 17:05:00+00:00,payments,us-east,2025.01,1398.65,0.005399,214.26,2932.92
evt-payments-us-east-000282,2025-01-12 18:00:00+00:00,2025-01-12 18:05:00+00:00,payments,us-east,2025.01,1306.79,0.01073,213.17,2612.41
evt-payments-us-east-000283,2025-01-12 19:00:00+00:00,2025-01-12 19:05:00+00:00,payments,us-east,2025.01,1211.64,0.011454,213.74,2405.16
evt-payments-us-east-000284,2025-01-12 20:00:00+00:00,2025-01-12 20:05:00+00:00,payments,us-east,2025.01,1033.52,0.010413,208.58,2118.86
evt-payments-us-east-000285,2025-01-12 21:00:00+00:00,2025-01-12 21:05:00+00:00,payments,us-east,2025.01,989.9,0.011754,221.53,2050.44
evt-payments-us-east-000286,2025-01-12 22:00:00+00:00,2025-01-12 22:05:00+00:00,payments,us-east,2025.01,853.47,0.013475,236.89,1744.07
evt-payments-us-east-000287,2025-01-12 23:00:00+00:00,2025-01-12 23:05:00+00:00,payments,us-east,2025.01,881.2,0.011357,217.58,1838.83
evt-payments-us-east-000288,2025-01-13 00:00:00+00:00,2025-01-13 00:05:00+00:00,payments,us-east,2025.01,1057.86,0.014485,234.89,2141.76
evt-payments-us-east-000289,2025-01-13 01:00:00+00:00,2025-01-13 01:05:00+00:00,payments,us-east,2025.01,1103.73,0.012488,234.25,2223.38
evt-payments-us-east-000290,2025-01-13 02:00:00+00:00,2025-01-13 02:05:00+00:00,payments,us-east,2025.01,1105.63,0.013633,241.37,2262.72
evt-payments-us-east-000291,2025-01-13 03:00:00+00:00,2025-01-13 03:05:00+00:00,payments,us-east,2025.01,1147.91,0.008683,229.6,2305.65
evt-payments-us-east-000292,2025-01-13 04:00:00+00:00,2025-01-13 04:05:00+00:00,payments,us-east,2025.01,1197.62,0.012486,245.6,2501.86
evt-payments-us-east-000293,2025-01-13 05:00:00+00:00,2025-01-13 05:05:00+00:00,payments,us-east,2025.01,1271.03,0.014289,219.3,2589.47
evt-payments-us-east-000294,2025-01-13 06:00:00+00:00,2025-01-13 06:05:00+00:00,payments,us-east,2025.01,1253.08,0.010189,229.73,2566.94
evt-payments-us-east-000295,2025-01-13 07:00:00+00:00,2025-01-13 07:05:00+00:00,payments,us-east,2025.01,1440.49,0.010237,200.09,2853.59
evt-payments-us-east-000296,2025-01-13 08:00:00+00:00,2025-01-13 08:05:00+00:00,payments,us-east,2025.01,1540.81,0.013809,202.55,3182.26
evt-payments-us-east-000297,2025-01-13 09:00:00+00:00,2025-01-13 09:05:00+00:00,payments,us-east,2025.01,1533.97,0.010835,207.46,3187.62
evt-payments-us-east-000298,2025-01-13 10:00:00+00:00,2025-01-13 10:05:00+00:00,payments,us-east,2025.01,1813.49,0.011547,218.31,3715.35
evt-payments-us-east-000299,2025-01-13 11:00:00+00:00,2025-01-13 11:05:00+00:00,payments,us-east,2025.01,1950.48,0.010195,209.93,3876.59
evt-payments-us-east-000300,2025-01-13 12:00:00+00:00,2025-01-13 12:05:00+00:00,payments,us-east,2025.01,1997.08,0.010246,193.07,3975.8
evt-payments-us-east-000301,2025-01-13 13:00:00+00:00,2025-01-13 13:05:00+00:00,payments,us-east,2025.01,2115.0,0.00994,214.99,4365.91
evt-payments-us-east-000302,2025-01-13 14:00:00+00:00,2025-01-13 14:05:00+00:00,payments,us-east,2025.01,2123.31,0.010224,222.39,4282.93
evt-payments-us-east-000303,2025-01-13 15:00:00+00:00,2025-01-13 15:05:00+00:00,payments,us-east,2025.01,1982.82,0.01139,200.99,3963.13
evt-payments-us-east-000304,2025-01-13 16:00:00+00:00,2025-01-13 16:05:00+00:00,payments,us-east,2025.01,1935.02,0.009079,204.62,4000.24
evt-payments-us-east-000305,2025-01-13 17:00:00+00:00,2025-01-13 17:05:00+00:00,payments,us-east,2025.01,1746.24,0.008739,201.15,3577.42
evt-payments-us-east-000306,2025-01-13 18:00:00+00:00,2025-01-13 18:05:00+00:00,payments,us-east,2025.01,1604.5,0.009628,214.82,3355.82
evt-payments-us-east-000307,2025-01-13 19:00:00+00:00,2025-01-13 19:05:00+00:00,payments,us-east,2025.01,1386.89,0.013173,206.23,2724.97
evt-payments-us-east-000308,2025-01-13 20:00:00+00:00,2025-01-13 20:05:00+00:00,payments,us-east,2025.01,1222.02,0.012662,226.1,2578.83
evt-payments-us-east-000309,2025-01-13 21:00:00+00:00,2025-01-13 21:05:00+00:00,payments,us-east,2025.01,1210.36,0.013637,206.95,2443.81
evt-payments-us-east-000310,2025-01-13 22:00:00+00:00,2025-01-13 22:05:00+00:00,payments,us-east,2025.01,1047.87,0.011273,237.66,2134.26
evt-payments-us-east-000311,2025-01-13 23:00:00+00:00,2025-01-13 23:05:00+00:00,payments,us-east,2025.01,1032.92,0.013393,237.61,1986.4
evt-payments-us-east-000312,2025-01-14 00:00:00+00:00,2025-01-14 00:05:00+00:00,payments,us-east,2025.01,1053.99,0.014366,214.56,2147.56
evt-payments-us-east-000313,2025-01-14 01:00:00+00:00,2025-01-14 01:05:00+00:00,payments,us-east,2025.01,1097.31,0.010663,231.51,2257.78
evt-payments-us-east-000314,2025-01-14 02:00:00+00:00,2025-01-14 02:05:00+00:00,payments,us-east,2025.01,1083.04,0.014072,225.66,2323.07
evt-payments-us-east-000315,2025-01-14 03:00:00+00:00,2025-01-14 03:05:00+00:00,payments,us-east,2025.01,1129.54,0.011118,228.95,2333.58
evt-payments-us-east-000316,2025-01-14 04:00:00+00:00,2025-01-14 04:05:00+00:00,payments,us-east,2025.01,1321.31,0.011483,222.87,2763.18
evt-payments-us-east-000317,2025-01-14 05:00:00+00:00,2025-01-14 05:05:00+00:00,payments,us-east,2025.01,1288.06,0.012122,209.2,2660.44
evt-payments-us-east-000318,2025-01-14 06:00:00+00:00,2025-01-14 06:05:00+00:00,payments,us-east,2025.01,1452.33,0.011924,213.13,3111.56
evt-payments-us-east-000319,2025-01-14 07:00:00+00:00,2025-01-14 07:05:00+00:00,payments,us-east,2025.01,1376.12,0.009685,202.77,2804.79
evt-payments-us-east-000320,2025-01-14 08:00:00+00:00,2025-01-14 08:05:00+00:00,payments,us-east,2025.01,1625.82,0.008636,216.35,3351.69
evt-payments-us-east-000321,2025-01-14 09:00:00+00:00,2025-01-14 09:05:00+00:00,payments,us-east,2025.01,1680.33,0.012232,206.68,3455.56
evt-payments-us-east-000322,2025-01-14 10:00:00+00:00,2025-01-14 10:05:00+00:00,payments,us-east,2025.01,1777.38,0.009702,207.92,3733.74
evt-payments-us-east-000323,2025-01-14 11:00:00+00:00,2025-01-14 11:05:00+00:00,payments,us-east,2025.01,1957.16,0.012142,206.61,3955.63
evt-payments-us-east-000324,2025-01-14 12:00:00+00:00,2025-01-14 12:05:00+00:00,payments,us-east,2025.01,1929.38,0.012247,207.53,3944.14
evt-payments-us-east-000325,2025-01-14 13:00:00+00:00,2025-01-14 13:05:00+00:00,payments,us-east,2025.01,1917.0,0.010923,206.33,3801.45
evt-payments-us-east-000326,2025-01-14 14:00:00+00:00,2025-01-14 14:05:00+00:00,payments,us-east,2025.01,2071.41,0.010765,206.81,4198.45
evt-payments-us-east-000327,2025-01-14 15:00:00+00:00,2025-01-14 15:05:00+00:00,payments,us-east,2025.01,2075.51,0.011245,202.23,4400.6
evt-payments-us-east-000328,2025-01-14 16:00:00+00:00,2025-01-14 16:05:00+00:00,payments,us-east,2025.01,1893.39,0.009903,199.83,3762.25
evt-payments-us-east-000329,2025-01-14 17:00:00+00:00,2025-01-14 17:05:00+00:00,payments,us-east,2025.01,1710.51,0.008342,200.75,3630.95
evt-payments-us-east-000330,2025-01-14 18:00:00+00:00,2025-01-14 18:05:00+00:00,payments,us-east,2025.01,1697.15,0.007771,205.06,3333.92
evt-payments-us-east-000331,2025-01-14 19:00:00+00:00,2025-01-14 19:05:00+00:00,payments,us-east,2025.01,1442.47,0.0111,228.18,2821.67
evt-payments-us-east-000332,2025-01-14 20:00:00+00:00,2025-01-14 20:05:00+00:00,payments,us-east,2025.01,1221.98,0.012213,221.06,2520.56
evt-payments-us-east-000333,2025-01-14 21:00:00+00:00,2025-01-14 21:05:00+00:00,payments,us-east,2025.01,1111.26,0.009094,236.56,2357.67
evt-payments-us-east-000334,2025-01-14 22:00:00+00:00,2025-01-14 22:05:00+00:00,payments,us-east,2025.01,991.95,0.01126,224.41,2116.76
evt-payments-us-east-000335,2025-01-14 23:00:00+00:00,2025-01-14 23:05:00+00:00,payments,us-east,2025.01,997.06,0.00966,228.26,2002.47
